query_id,identity,component,target_in_C128,RAW,PATCH_MAXSIM,CRISP,VISIBILITY_DIRECT,ZERO_HEAD,MANUAL_EQUAL,MANUAL_BALANCED,COST1,CE
RPC-Q-0000,RPC-SKU-018,RPC-SKU-018,True,0,0,0,0,0,0,0,0,0
RPC-Q-0001,RPC-SKU-092,RPC-SKU-092,True,1,1,1,0,1,1,1,1,1
RPC-Q-0002,RPC-SKU-075,RPC-SKU-075,True,1,1,1,0,1,1,1,1,1
RPC-Q-0003,RPC-SKU-091,RPC-SKU-091,False,0,0,0,0,0,0,0,0,0
RPC-Q-0004,RPC-SKU-107,RPC-SKU-107,True,1,1,1,0,1,1,1,1,1
RPC-Q-0005,RPC-SKU-129,RPC-SKU-129,True,0,0,0,0,0,0,0,0,0
RPC-Q-0006,RPC-SKU-134,RPC-SKU-134,True,0,0,0,1,0,0,0,0,1
RPC-Q-0007,RPC-SKU-141,RPC-SKU-141,True,0,0,0,0,0,0,0,0,0
RPC-Q-0008,RPC-SKU-154,RPC-SKU-154,True,1,1,0,0,1,0,0,1,1
RPC-Q-0009,RPC-SKU-008,RPC-SKU-008,True,0,0,0,0,0,0,0,0,0
RPC-Q-0010,RPC-SKU-094,RPC-SKU-094,True,1,1,1,1,1,1,1,1,1
RPC-Q-0011,RPC-SKU-166,RPC-SKU-166,True,0,0,0,0,0,0,0,0,0
RPC-Q-0012,RPC-SKU-158,RPC-SKU-158,True,0,0,0,0,0,0,0,0,0
RPC-Q-0013,RPC-SKU-137,RPC-SKU-137,True,0,0,1,1,0,1,0,0,0
RPC-Q-0014,RPC-SKU-164,RPC-SKU-164,True,0,0,0,0,0,0,0,0,0
RPC-Q-0015,RPC-SKU-192,RPC-SKU-192,True,0,0,0,0,0,0,0,0,0
RPC-Q-0016,RPC-SKU-184,RPC-SKU-184,True,0,0,0,1,0,0,0,0,0
RPC-Q-0017,RPC-SKU-098,RPC-SKU-098,True,0,0,0,0,0,0,0,0,0
RPC-Q-0018,RPC-SKU-113,RPC-SKU-113,True,1,1,1,1,1,1,1,1,1
RPC-Q-0019,RPC-SKU-117,RPC-SKU-117,True,1,1,0,0,1,0,1,1,1
RPC-Q-0020,RPC-SKU-095,RPC-SKU-095,True,1,1,1,0,1,1,1,1,1
RPC-Q-0021,RPC-SKU-058,RPC-SKU-058,True,0,0,0,1,0,1,1,0,1
RPC-Q-0022,RPC-SKU-146,RPC-SKU-146,True,0,0,0,0,0,0,0,0,0
RPC-Q-0023,RPC-SKU-100,RPC-SKU-100,False,0,0,0,0,0,0,0,0,0
RPC-Q-0024,RPC-SKU-011,RPC-SKU-011,True,1,1,1,0,1,0,1,1,1
RPC-Q-0025,RPC-SKU-181,RPC-SKU-181,True,1,1,0,0,1,0,1,1,0
RPC-Q-0026,RPC-SKU-017,RPC-SKU-017,True,0,0,0,0,0,0,0,0,0
RPC-Q-0027,RPC-SKU-030,RPC-SKU-030,True,0,0,0,0,0,0,0,0,0
RPC-Q-0028,RPC-SKU-174,RPC-SKU-174,True,0,0,0,0,0,0,0,0,0
RPC-Q-0029,RPC-SKU-106,RPC-SKU-106,True,0,0,1,0,0,1,1,0,1
RPC-Q-0030,RPC-SKU-068,RPC-SKU-068,True,0,0,0,0,0,0,0,0,0
RPC-Q-0031,RPC-SKU-114,RPC-SKU-114,True,1,1,1,0,1,1,1,1,1
RPC-Q-0032,RPC-SKU-041,RPC-SKU-041,True,0,0,0,1,0,0,0,0,0
RPC-Q-0033,RPC-SKU-190,RPC-SKU-190,True,1,1,1,0,1,1,1,1,1
RPC-Q-0034,RPC-SKU-180,RPC-SKU-180,True,0,0,0,0,0,0,0,0,0
RPC-Q-0035,RPC-SKU-165,RPC-SKU-165,True,1,1,1,0,1,1,1,1,1
RPC-Q-0036,RPC-SKU-060,RPC-SKU-060,True,0,0,1,0,0,1,1,1,1
RPC-Q-0037,RPC-SKU-190,RPC-SKU-190,True,1,1,1,0,1,1,1,1,1
RPC-Q-0038,RPC-SKU-117,RPC-SKU-117,True,0,0,0,0,0,0,0,0,0
RPC-Q-0039,RPC-SKU-185,RPC-SKU-185,True,0,0,0,1,0,0,0,0,0
RPC-Q-0040,RPC-SKU-032,RPC-SKU-032,True,0,0,0,0,0,0,0,0,0
RPC-Q-0041,RPC-SKU-009,RPC-SKU-009,True,0,0,0,1,0,1,1,1,1
RPC-Q-0042,RPC-SKU-004,RPC-SKU-004,True,1,1,0,1,1,1,1,1,1
RPC-Q-0043,RPC-SKU-189,RPC-SKU-189,True,0,0,0,0,0,0,0,0,0
RPC-Q-0044,RPC-SKU-098,RPC-SKU-098,True,0,0,1,0,0,1,0,0,0
RPC-Q-0045,RPC-SKU-134,RPC-SKU-134,True,0,0,0,0,0,0,0,0,0
RPC-Q-0046,RPC-SKU-159,RPC-SKU-159,True,1,1,1,0,1,0,1,1,1
RPC-Q-0047,RPC-SKU-156,RPC-SKU-156,True,0,0,0,0,0,0,0,0,0
RPC-Q-0048,RPC-SKU-137,RPC-SKU-137,True,0,0,0,0,0,0,0,0,0
RPC-Q-0049,RPC-SKU-105,RPC-SKU-105,True,0,0,0,0,0,0,0,0,0
RPC-Q-0050,RPC-SKU-163,RPC-SKU-163,True,0,0,0,0,0,0,0,0,0
RPC-Q-0051,RPC-SKU-159,RPC-SKU-159,True,0,0,0,0,0,1,1,1,1
RPC-Q-0052,RPC-SKU-170,RPC-SKU-170,True,0,0,0,0,0,0,0,0,0
RPC-Q-0053,RPC-SKU-153,RPC-SKU-153,True,1,1,1,0,1,0,1,1,1
RPC-Q-0054,RPC-SKU-189,RPC-SKU-189,True,0,0,0,0,0,0,0,0,0
RPC-Q-0055,RPC-SKU-002,RPC-SKU-002,True,0,0,0,0,0,1,1,0,1
RPC-Q-0056,RPC-SKU-099,RPC-SKU-099,True,1,1,1,0,1,1,1,1,1
RPC-Q-0057,RPC-SKU-007,RPC-SKU-007,True,0,0,0,0,0,0,0,0,0
RPC-Q-0058,RPC-SKU-097,RPC-SKU-097,True,0,0,0,1,0,0,0,0,0
RPC-Q-0059,RPC-SKU-116,RPC-SKU-116,True,0,0,0,0,0,0,0,0,0
RPC-Q-0060,RPC-SKU-012,RPC-SKU-012,True,1,1,1,0,1,1,1,1,1
RPC-Q-0061,RPC-SKU-036,RPC-SKU-036,True,0,0,0,0,0,0,0,0,0
RPC-Q-0062,RPC-SKU-135,RPC-SKU-135,True,1,1,1,1,1,1,1,1,1
RPC-Q-0063,RPC-SKU-086,RPC-SKU-086,True,1,1,1,0,1,1,1,1,1
RPC-Q-0064,RPC-SKU-146,RPC-SKU-146,True,0,0,0,0,0,0,0,0,0
RPC-Q-0065,RPC-SKU-125,RPC-SKU-125,True,0,0,0,0,0,0,0,0,0
RPC-Q-0066,RPC-SKU-116,RPC-SKU-116,True,0,0,0,0,0,0,0,0,0
RPC-Q-0067,RPC-SKU-154,RPC-SKU-154,True,0,0,0,1,0,1,0,1,1
RPC-Q-0068,RPC-SKU-068,RPC-SKU-068,True,0,0,0,0,0,0,0,0,0
RPC-Q-0069,RPC-SKU-127,RPC-SKU-127,False,0,0,0,0,0,0,0,0,0
RPC-Q-0070,RPC-SKU-133,RPC-SKU-133,True,0,0,0,0,0,0,0,0,0
RPC-Q-0071,RPC-SKU-055,RPC-SKU-055,True,0,0,0,0,0,0,0,0,0
RPC-Q-0072,RPC-SKU-124,RPC-SKU-124,True,0,0,0,1,0,1,0,0,1
RPC-Q-0073,RPC-SKU-076,RPC-SKU-076,True,1,1,1,0,1,1,1,1,1
RPC-Q-0074,RPC-SKU-120,RPC-SKU-120,True,1,1,1,0,1,1,1,1,1
RPC-Q-0075,RPC-SKU-172,RPC-SKU-172,True,0,0,0,1,0,0,0,0,0
RPC-Q-0076,RPC-SKU-102,RPC-SKU-102,True,1,1,1,1,1,1,1,1,1
RPC-Q-0077,RPC-SKU-188,RPC-SKU-188,True,0,0,1,1,0,1,1,1,1
RPC-Q-0078,RPC-SKU-071,RPC-SKU-071,True,0,0,0,1,0,0,0,0,0
RPC-Q-0079,RPC-SKU-193,RPC-SKU-193,True,0,0,0,0,0,0,0,0,0
RPC-Q-0080,RPC-SKU-081,RPC-SKU-081,True,1,1,1,0,1,0,0,1,0
RPC-Q-0081,RPC-SKU-005,RPC-SKU-005,True,1,1,1,1,1,1,1,1,1
RPC-Q-0082,RPC-SKU-099,RPC-SKU-099,True,0,0,0,0,0,0,0,0,0
RPC-Q-0083,RPC-SKU-013,RPC-SKU-013,True,1,1,1,1,1,1,1,1,1
RPC-Q-0084,RPC-SKU-110,RPC-SKU-110,True,0,0,0,0,0,0,0,0,0
RPC-Q-0085,RPC-SKU-059,RPC-SKU-059,True,0,0,1,0,0,1,1,1,1
RPC-Q-0086,RPC-SKU-160,RPC-SKU-160,True,1,1,1,0,1,0,1,1,0
RPC-Q-0087,RPC-SKU-104,RPC-SKU-104,True,0,0,0,0,0,0,0,0,0
RPC-Q-0088,RPC-SKU-148,RPC-SKU-148,True,0,0,0,0,0,0,0,0,0
RPC-Q-0089,RPC-SKU-179,RPC-SKU-179,True,1,1,1,1,1,1,1,1,1
RPC-Q-0090,RPC-SKU-139,RPC-SKU-139,True,0,0,0,0,0,0,0,0,0
RPC-Q-0091,RPC-SKU-050,RPC-SKU-050,True,0,0,0,0,0,0,0,0,0
RPC-Q-0092,RPC-SKU-006,RPC-SKU-006,True,0,0,0,0,0,0,0,0,0
RPC-Q-0093,RPC-SKU-048,RPC-SKU-048,True,1,1,1,1,1,1,1,1,1
RPC-Q-0094,RPC-SKU-157,RPC-SKU-157,True,0,0,0,0,0,0,0,0,0
RPC-Q-0095,RPC-SKU-191,RPC-SKU-191,True,0,0,0,0,0,0,0,0,0
RPC-Q-0096,RPC-SKU-181,RPC-SKU-181,True,0,0,0,0,0,0,0,0,0
RPC-Q-0097,RPC-SKU-152,RPC-SKU-152,True,0,0,0,1,0,0,0,0,0
RPC-Q-0098,RPC-SKU-040,RPC-SKU-040,True,0,0,0,0,0,0,0,0,0
RPC-Q-0099,RPC-SKU-002,RPC-SKU-002,True,0,0,0,0,0,1,0,0,0
RPC-Q-0100,RPC-SKU-013,RPC-SKU-013,True,0,0,0,0,0,0,0,0,0
RPC-Q-0101,RPC-SKU-088,RPC-SKU-088,True,0,0,0,0,0,1,0,0,0
RPC-Q-0102,RPC-SKU-196,RPC-SKU-196,True,0,0,1,0,0,0,0,0,0
RPC-Q-0103,RPC-SKU-152,RPC-SKU-152,True,0,0,0,0,0,0,0,0,0
RPC-Q-0104,RPC-SKU-173,RPC-SKU-173,True,0,0,0,0,0,0,0,0,0
RPC-Q-0105,RPC-SKU-054,RPC-SKU-054,True,0,0,0,0,0,0,0,0,0
RPC-Q-0106,RPC-SKU-084,RPC-SKU-084,True,1,1,1,1,1,1,1,1,1
RPC-Q-0107,RPC-SKU-100,RPC-SKU-100,True,1,1,1,1,1,1,1,1,1
RPC-Q-0108,RPC-SKU-101,RPC-SKU-101,True,1,1,1,1,1,1,1,1,1
RPC-Q-0109,RPC-SKU-044,RPC-SKU-044,True,0,0,1,0,0,0,0,0,0
RPC-Q-0110,RPC-SKU-062,RPC-SKU-062,True,0,0,0,0,0,0,0,0,0
RPC-Q-0111,RPC-SKU-091,RPC-SKU-091,True,1,1,1,0,1,0,0,1,0
RPC-Q-0112,RPC-SKU-039,RPC-SKU-039,True,0,0,0,0,0,0,0,0,0
RPC-Q-0113,RPC-SKU-130,RPC-SKU-130,True,1,1,1,0,1,1,1,1,1
RPC-Q-0114,RPC-SKU-001,RPC-SKU-001,True,1,1,1,1,1,1,1,1,1
RPC-Q-0115,RPC-SKU-158,RPC-SKU-158,True,0,0,0,0,0,0,0,0,0
RPC-Q-0116,RPC-SKU-042,RPC-SKU-042,True,0,0,0,0,0,0,0,0,0
RPC-Q-0117,RPC-SKU-188,RPC-SKU-188,True,0,0,0,0,0,0,0,0,0
RPC-Q-0118,RPC-SKU-161,RPC-SKU-161,True,0,0,0,0,0,0,0,0,0
RPC-Q-0119,RPC-SKU-174,RPC-SKU-174,True,0,0,1,0,0,0,0,0,0
RPC-Q-0120,RPC-SKU-061,RPC-SKU-061,True,0,0,0,1,0,0,0,0,0
RPC-Q-0121,RPC-SKU-184,RPC-SKU-184,True,0,0,0,1,0,1,0,0,1
RPC-Q-0122,RPC-SKU-086,RPC-SKU-086,True,0,0,0,0,0,0,0,0,0
RPC-Q-0123,RPC-SKU-021,RPC-SKU-021,True,1,1,0,1,1,1,1,1,1
RPC-Q-0124,RPC-SKU-139,RPC-SKU-139,True,0,0,0,0,0,0,0,0,0
RPC-Q-0125,RPC-SKU-159,RPC-SKU-159,True,0,0,0,1,0,1,0,0,1
RPC-Q-0126,RPC-SKU-020,RPC-SKU-020,True,0,0,0,0,0,0,0,0,0
RPC-Q-0127,RPC-SKU-132,RPC-SKU-132,True,1,1,1,0,1,1,1,1,1
RPC-Q-0128,RPC-SKU-118,RPC-SKU-118,True,0,0,0,0,0,0,0,0,0
RPC-Q-0129,RPC-SKU-182,RPC-SKU-182,True,1,1,1,0,1,1,1,1,1
RPC-Q-0130,RPC-SKU-124,RPC-SKU-124,True,0,0,0,0,0,0,0,0,0
RPC-Q-0131,RPC-SKU-041,RPC-SKU-041,True,0,0,0,0,0,0,0,0,0
RPC-Q-0132,RPC-SKU-073,RPC-SKU-073,True,0,0,0,0,0,0,0,0,0
RPC-Q-0133,RPC-SKU-075,RPC-SKU-075,True,0,0,0,0,0,0,0,0,0
RPC-Q-0134,RPC-SKU-194,RPC-SKU-194,True,1,1,1,0,1,1,1,1,1
RPC-Q-0135,RPC-SKU-128,RPC-SKU-128,True,0,0,0,1,0,0,0,0,0
RPC-Q-0136,RPC-SKU-062,RPC-SKU-062,True,0,0,0,0,0,0,0,0,0
RPC-Q-0137,RPC-SKU-024,RPC-SKU-024,True,0,0,0,0,0,0,0,0,0
RPC-Q-0138,RPC-SKU-166,RPC-SKU-166,True,0,0,0,0,0,0,0,0,0
RPC-Q-0139,RPC-SKU-103,RPC-SKU-103,True,0,0,0,0,0,0,0,0,0
RPC-Q-0140,RPC-SKU-192,RPC-SKU-192,True,0,0,0,0,0,0,0,0,0
RPC-Q-0141,RPC-SKU-164,RPC-SKU-164,True,1,1,0,1,1,1,1,1,1
RPC-Q-0142,RPC-SKU-127,RPC-SKU-127,True,0,0,0,0,0,0,0,0,0
RPC-Q-0143,RPC-SKU-175,RPC-SKU-175,True,0,0,0,0,0,0,0,0,0
RPC-Q-0144,RPC-SKU-079,RPC-SKU-079,True,0,0,0,0,0,1,1,0,0
RPC-Q-0145,RPC-SKU-027,RPC-SKU-027,True,1,1,1,1,1,1,1,1,1
RPC-Q-0146,RPC-SKU-125,RPC-SKU-125,True,0,0,0,0,0,0,0,0,0
RPC-Q-0147,RPC-SKU-113,RPC-SKU-113,True,0,0,0,0,0,0,0,0,0
RPC-Q-0148,RPC-SKU-119,RPC-SKU-119,True,1,1,1,0,1,1,1,1,1
RPC-Q-0149,RPC-SKU-018,RPC-SKU-018,True,0,0,0,0,0,0,0,0,0
RPC-Q-0150,RPC-SKU-147,RPC-SKU-147,True,1,1,1,0,1,1,1,1,1
RPC-Q-0151,RPC-SKU-066,RPC-SKU-066,True,0,0,0,0,0,0,0,0,0
RPC-Q-0152,RPC-SKU-043,RPC-SKU-043,True,0,0,0,0,0,0,0,0,0
RPC-Q-0153,RPC-SKU-175,RPC-SKU-175,True,0,0,0,0,0,0,0,0,0
RPC-Q-0154,RPC-SKU-003,RPC-SKU-003,True,0,0,0,0,0,0,0,0,0
RPC-Q-0155,RPC-SKU-115,RPC-SKU-115,True,1,1,0,0,1,0,0,1,1
RPC-Q-0156,RPC-SKU-133,RPC-SKU-133,True,0,0,0,0,0,0,0,0,0
RPC-Q-0157,RPC-SKU-074,RPC-SKU-074,True,1,1,1,1,1,1,1,1,1
RPC-Q-0158,RPC-SKU-042,RPC-SKU-042,True,0,0,0,1,0,0,0,0,0
RPC-Q-0159,RPC-SKU-057,RPC-SKU-057,True,1,1,1,0,1,1,1,1,1
RPC-Q-0160,RPC-SKU-153,RPC-SKU-153,True,1,1,1,0,1,0,1,1,1
RPC-Q-0161,RPC-SKU-161,RPC-SKU-161,True,0,0,1,1,0,1,1,0,0
RPC-Q-0162,RPC-SKU-013,RPC-SKU-013,True,0,0,0,0,0,0,0,0,0
RPC-Q-0163,RPC-SKU-198,RPC-SKU-198,True,0,0,0,0,0,0,0,0,0
RPC-Q-0164,RPC-SKU-009,RPC-SKU-009,True,0,0,1,0,0,0,0,0,0
RPC-Q-0165,RPC-SKU-026,RPC-SKU-026,True,0,0,0,0,0,0,0,0,0
RPC-Q-0166,RPC-SKU-065,RPC-SKU-065,True,1,1,0,1,1,1,1,1,1
RPC-Q-0167,RPC-SKU-129,RPC-SKU-129,True,0,0,0,0,0,0,0,0,0
RPC-Q-0168,RPC-SKU-158,RPC-SKU-158,True,0,0,0,0,0,0,0,0,0
RPC-Q-0169,RPC-SKU-076,RPC-SKU-076,True,0,0,0,0,0,0,0,0,0
RPC-Q-0170,RPC-SKU-019,RPC-SKU-019,True,0,0,0,0,0,0,0,0,0
RPC-Q-0171,RPC-SKU-182,RPC-SKU-182,False,0,0,0,0,0,0,0,0,0
RPC-Q-0172,RPC-SKU-174,RPC-SKU-174,True,0,0,0,1,0,0,0,0,0
RPC-Q-0173,RPC-SKU-061,RPC-SKU-061,True,0,0,0,0,0,0,0,0,0
RPC-Q-0174,RPC-SKU-112,RPC-SKU-112,True,0,0,0,0,0,0,0,0,0
RPC-Q-0175,RPC-SKU-112,RPC-SKU-112,True,1,1,0,0,1,1,1,1,1
RPC-Q-0176,RPC-SKU-052,RPC-SKU-052,True,0,0,0,0,0,0,0,0,0
RPC-Q-0177,RPC-SKU-085,RPC-SKU-085,True,1,1,1,0,1,0,0,1,0
RPC-Q-0178,RPC-SKU-111,RPC-SKU-111,True,1,1,1,0,1,1,1,1,1
RPC-Q-0179,RPC-SKU-083,RPC-SKU-083,True,0,0,0,1,0,0,0,0,0
RPC-Q-0180,RPC-SKU-026,RPC-SKU-026,True,0,0,0,1,0,1,0,1,1
RPC-Q-0181,RPC-SKU-194,RPC-SKU-194,True,1,1,1,0,1,1,1,1,1
RPC-Q-0182,RPC-SKU-197,RPC-SKU-197,True,0,0,0,0,0,0,0,0,0
RPC-Q-0183,RPC-SKU-064,RPC-SKU-064,True,0,0,0,0,0,0,0,0,0
RPC-Q-0184,RPC-SKU-059,RPC-SKU-059,True,0,0,0,0,0,1,1,0,0
RPC-Q-0185,RPC-SKU-078,RPC-SKU-078,True,0,0,0,0,0,0,0,0,0
RPC-Q-0186,RPC-SKU-140,RPC-SKU-140,True,0,0,0,0,0,0,0,0,0
RPC-Q-0187,RPC-SKU-145,RPC-SKU-145,True,0,0,0,0,0,0,0,0,0
RPC-Q-0188,RPC-SKU-123,RPC-SKU-123,True,0,0,0,0,0,0,0,0,0
RPC-Q-0189,RPC-SKU-128,RPC-SKU-128,True,0,0,0,0,0,0,0,0,0
RPC-Q-0190,RPC-SKU-102,RPC-SKU-102,True,1,1,0,0,1,1,1,1,1
RPC-Q-0191,RPC-SKU-149,RPC-SKU-149,True,0,0,0,0,0,1,1,0,0
RPC-Q-0192,RPC-SKU-073,RPC-SKU-073,True,0,0,0,0,0,0,0,0,0
RPC-Q-0193,RPC-SKU-180,RPC-SKU-180,True,0,0,0,0,0,0,0,0,0
RPC-Q-0194,RPC-SKU-113,RPC-SKU-113,True,1,1,1,0,1,1,1,1,1
RPC-Q-0195,RPC-SKU-182,RPC-SKU-182,True,0,0,0,0,0,0,0,0,0
RPC-Q-0196,RPC-SKU-069,RPC-SKU-069,True,0,0,0,0,0,0,0,0,0
RPC-Q-0197,RPC-SKU-131,RPC-SKU-131,True,1,1,1,0,1,1,1,1,1
RPC-Q-0198,RPC-SKU-039,RPC-SKU-039,True,0,0,0,0,0,0,0,0,0
RPC-Q-0199,RPC-SKU-175,RPC-SKU-175,True,0,0,0,0,0,0,0,0,0
RPC-Q-0200,RPC-SKU-118,RPC-SKU-118,True,1,1,1,1,1,1,1,1,1
RPC-Q-0201,RPC-SKU-015,RPC-SKU-015,True,0,0,0,0,0,1,1,1,1
RPC-Q-0202,RPC-SKU-072,RPC-SKU-072,True,1,1,1,0,1,1,1,1,1
RPC-Q-0203,RPC-SKU-177,RPC-SKU-177,True,1,1,0,0,1,1,1,1,1
RPC-Q-0204,RPC-SKU-155,RPC-SKU-155,True,1,1,1,0,1,0,1,1,1
RPC-Q-0205,RPC-SKU-002,RPC-SKU-002,True,1,1,0,1,1,1,1,1,1
RPC-Q-0206,RPC-SKU-185,RPC-SKU-185,True,1,1,0,0,1,1,1,1,1
RPC-Q-0207,RPC-SKU-195,RPC-SKU-195,True,0,0,0,0,0,0,0,0,0
RPC-Q-0208,RPC-SKU-173,RPC-SKU-173,True,1,1,0,0,1,1,1,1,1
RPC-Q-0209,RPC-SKU-138,RPC-SKU-138,True,0,0,0,0,0,0,0,0,0
RPC-Q-0210,RPC-SKU-149,RPC-SKU-149,True,0,0,0,0,0,1,1,0,0
RPC-Q-0211,RPC-SKU-028,RPC-SKU-028,True,0,0,0,0,0,0,0,0,0
RPC-Q-0212,RPC-SKU-169,RPC-SKU-169,True,0,0,0,0,0,0,0,0,0
RPC-Q-0213,RPC-SKU-111,RPC-SKU-111,False,0,0,0,0,0,0,0,0,0
RPC-Q-0214,RPC-SKU-146,RPC-SKU-146,True,0,0,0,0,0,0,0,0,0
RPC-Q-0215,RPC-SKU-041,RPC-SKU-041,True,0,0,0,0,0,0,0,0,0
RPC-Q-0216,RPC-SKU-033,RPC-SKU-033,True,0,0,0,0,0,0,0,0,0
RPC-Q-0217,RPC-SKU-139,RPC-SKU-139,True,0,0,0,0,0,0,0,0,0
RPC-Q-0218,RPC-SKU-167,RPC-SKU-167,True,0,0,0,0,0,0,0,0,0
RPC-Q-0219,RPC-SKU-054,RPC-SKU-054,True,0,0,0,0,0,0,0,0,0
RPC-Q-0220,RPC-SKU-070,RPC-SKU-070,True,1,1,1,0,1,1,1,1,1
RPC-Q-0221,RPC-SKU-109,RPC-SKU-109,True,0,0,0,0,0,0,0,0,0
RPC-Q-0222,RPC-SKU-038,RPC-SKU-038,True,0,0,0,1,0,0,0,0,0
RPC-Q-0223,RPC-SKU-168,RPC-SKU-168,True,0,0,0,0,0,0,0,0,0
RPC-Q-0224,RPC-SKU-034,RPC-SKU-034,True,1,1,1,0,1,1,1,1,1
RPC-Q-0225,RPC-SKU-189,RPC-SKU-189,True,0,0,0,0,0,0,0,0,0
RPC-Q-0226,RPC-SKU-065,RPC-SKU-065,True,0,0,0,0,0,1,1,1,1
RPC-Q-0227,RPC-SKU-046,RPC-SKU-046,True,1,1,1,1,1,1,1,1,1
RPC-Q-0228,RPC-SKU-104,RPC-SKU-104,False,0,0,0,0,0,0,0,0,0
RPC-Q-0229,RPC-SKU-086,RPC-SKU-086,True,0,0,0,1,0,0,0,0,0
RPC-Q-0230,RPC-SKU-156,RPC-SKU-156,True,0,0,0,1,0,0,0,0,0
RPC-Q-0231,RPC-SKU-183,RPC-SKU-183,True,1,1,0,0,1,1,1,1,1
RPC-Q-0232,RPC-SKU-187,RPC-SKU-187,False,0,0,0,0,0,0,0,0,0
RPC-Q-0233,RPC-SKU-099,RPC-SKU-099,True,1,1,0,1,1,1,1,1,1
RPC-Q-0234,RPC-SKU-006,RPC-SKU-006,True,0,0,0,0,0,0,0,0,0
RPC-Q-0235,RPC-SKU-007,RPC-SKU-007,True,0,0,0,0,0,1,1,0,0
RPC-Q-0236,RPC-SKU-049,RPC-SKU-049,True,0,0,1,0,0,0,0,0,0
RPC-Q-0237,RPC-SKU-151,RPC-SKU-151,True,0,0,0,0,0,0,0,0,0
RPC-Q-0238,RPC-SKU-010,RPC-SKU-010,True,0,0,0,0,0,0,0,0,0
RPC-Q-0239,RPC-SKU-080,RPC-SKU-080,True,0,0,0,0,0,0,0,0,0
RPC-Q-0240,RPC-SKU-176,RPC-SKU-176,True,0,0,0,0,0,0,0,0,0
RPC-Q-0241,RPC-SKU-121,RPC-SKU-121,True,0,0,0,0,0,0,0,0,0
RPC-Q-0242,RPC-SKU-072,RPC-SKU-072,True,0,0,1,0,0,0,0,0,0
RPC-Q-0243,RPC-SKU-166,RPC-SKU-166,True,1,1,1,1,1,1,1,1,1
RPC-Q-0244,RPC-SKU-067,RPC-SKU-067,True,0,0,0,1,0,1,0,1,1
RPC-Q-0245,RPC-SKU-118,RPC-SKU-118,True,0,0,0,1,0,0,0,0,0
RPC-Q-0246,RPC-SKU-102,RPC-SKU-102,True,0,0,0,0,0,0,0,0,0
RPC-Q-0247,RPC-SKU-148,RPC-SKU-148,True,0,0,0,0,0,0,0,0,0
RPC-Q-0248,RPC-SKU-183,RPC-SKU-183,True,1,1,0,0,1,1,1,1,1
RPC-Q-0249,RPC-SKU-089,RPC-SKU-089,True,1,1,1,0,1,1,1,1,1
RPC-Q-0250,RPC-SKU-033,RPC-SKU-033,True,1,1,1,0,1,1,1,1,1
RPC-Q-0251,RPC-SKU-152,RPC-SKU-152,True,0,0,0,0,0,0,0,0,0
RPC-Q-0252,RPC-SKU-016,RPC-SKU-016,True,0,0,0,1,0,1,0,0,1
RPC-Q-0253,RPC-SKU-045,RPC-SKU-045,True,1,1,1,0,1,0,1,1,0
RPC-Q-0254,RPC-SKU-090,RPC-SKU-090,True,0,0,0,0,0,0,0,0,0
RPC-Q-0255,RPC-SKU-093,RPC-SKU-093,True,1,1,1,1,1,1,1,1,1
RPC-Q-0256,RPC-SKU-150,RPC-SKU-150,True,0,0,0,0,0,0,0,0,0
RPC-Q-0257,RPC-SKU-046,RPC-SKU-046,True,1,1,1,0,1,1,1,1,1
RPC-Q-0258,RPC-SKU-073,RPC-SKU-073,False,0,0,0,0,0,0,0,0,0
RPC-Q-0259,RPC-SKU-178,RPC-SKU-178,True,0,0,0,0,0,0,0,0,0
RPC-Q-0260,RPC-SKU-032,RPC-SKU-032,True,1,1,1,0,1,1,1,1,1
RPC-Q-0261,RPC-SKU-115,RPC-SKU-115,True,0,0,0,0,0,0,0,0,0
RPC-Q-0262,RPC-SKU-172,RPC-SKU-172,True,0,0,0,0,0,0,0,0,0
RPC-Q-0263,RPC-SKU-036,RPC-SKU-036,True,0,0,0,1,0,0,0,0,0
RPC-Q-0264,RPC-SKU-069,RPC-SKU-069,True,0,0,0,0,0,0,0,0,0
RPC-Q-0265,RPC-SKU-168,RPC-SKU-168,True,1,1,1,0,1,1,1,1,1
RPC-Q-0266,RPC-SKU-050,RPC-SKU-050,True,0,0,0,0,0,0,0,0,0
RPC-Q-0267,RPC-SKU-055,RPC-SKU-055,True,0,0,0,0,0,0,0,0,0
RPC-Q-0268,RPC-SKU-190,RPC-SKU-190,True,0,0,0,0,0,0,0,0,0
RPC-Q-0269,RPC-SKU-195,RPC-SKU-195,True,0,0,0,0,0,0,0,0,0
RPC-Q-0270,RPC-SKU-196,RPC-SKU-196,True,0,0,0,0,0,0,0,0,0
RPC-Q-0271,RPC-SKU-170,RPC-SKU-170,True,0,0,0,0,0,0,0,0,0
RPC-Q-0272,RPC-SKU-123,RPC-SKU-123,True,0,0,0,0,0,0,0,0,0
RPC-Q-0273,RPC-SKU-098,RPC-SKU-098,True,0,0,0,0,0,0,0,0,0
RPC-Q-0274,RPC-SKU-025,RPC-SKU-025,True,0,0,0,0,0,0,0,0,0
RPC-Q-0275,RPC-SKU-149,RPC-SKU-149,True,1,1,1,0,1,1,1,1,1
RPC-Q-0276,RPC-SKU-087,RPC-SKU-087,False,0,0,0,0,0,0,0,0,0
RPC-Q-0277,RPC-SKU-063,RPC-SKU-063,True,0,0,0,1,0,0,0,0,1
RPC-Q-0278,RPC-SKU-080,RPC-SKU-080,True,1,1,1,0,1,1,1,1,1
RPC-Q-0279,RPC-SKU-090,RPC-SKU-090,True,1,1,1,0,1,0,1,1,1
RPC-Q-0280,RPC-SKU-183,RPC-SKU-183,True,1,1,0,0,1,1,1,1,1
RPC-Q-0281,RPC-SKU-123,RPC-SKU-123,True,0,0,0,1,0,0,0,0,0
RPC-Q-0282,RPC-SKU-096,RPC-SKU-096,True,0,0,0,0,0,0,0,0,0
RPC-Q-0283,RPC-SKU-016,RPC-SKU-016,True,0,0,0,1,0,0,0,0,0
RPC-Q-0284,RPC-SKU-117,RPC-SKU-117,False,0,0,0,0,0,0,0,0,0
RPC-Q-0285,RPC-SKU-031,RPC-SKU-031,True,0,0,0,0,0,0,0,0,0
RPC-Q-0286,RPC-SKU-019,RPC-SKU-019,True,0,0,0,0,0,0,1,0,0
RPC-Q-0287,RPC-SKU-017,RPC-SKU-017,True,0,0,0,0,0,0,0,0,0
RPC-Q-0288,RPC-SKU-050,RPC-SKU-050,True,0,0,0,0,0,0,0,0,0
RPC-Q-0289,RPC-SKU-082,RPC-SKU-082,True,0,0,1,1,0,0,0,0,0
RPC-Q-0290,RPC-SKU-200,RPC-SKU-200,True,0,0,0,0,0,0,0,0,0
RPC-Q-0291,RPC-SKU-126,RPC-SKU-126,True,0,0,0,0,0,0,0,0,0
RPC-Q-0292,RPC-SKU-030,RPC-SKU-030,True,0,0,0,0,0,0,0,0,0
RPC-Q-0293,RPC-SKU-053,RPC-SKU-053,True,0,0,0,0,0,0,0,0,0
RPC-Q-0294,RPC-SKU-025,RPC-SKU-025,True,1,1,1,1,1,1,1,1,1
RPC-Q-0295,RPC-SKU-055,RPC-SKU-055,True,1,1,1,1,1,1,1,1,1
RPC-Q-0296,RPC-SKU-001,RPC-SKU-001,True,0,0,0,1,0,1,0,0,0
RPC-Q-0297,RPC-SKU-154,RPC-SKU-154,True,1,1,1,0,1,0,1,1,1
RPC-Q-0298,RPC-SKU-079,RPC-SKU-079,True,1,1,1,1,1,1,1,1,1
RPC-Q-0299,RPC-SKU-171,RPC-SKU-171,True,1,1,1,1,1,1,1,1,1
RPC-Q-0300,RPC-SKU-060,RPC-SKU-060,True,0,0,0,0,0,0,0,0,0
RPC-Q-0301,RPC-SKU-071,RPC-SKU-071,True,1,1,1,0,1,1,1,1,1
RPC-Q-0302,RPC-SKU-045,RPC-SKU-045,True,1,1,1,1,1,1,1,1,1
RPC-Q-0303,RPC-SKU-032,RPC-SKU-032,True,1,1,1,1,1,1,1,1,1
RPC-Q-0304,RPC-SKU-176,RPC-SKU-176,True,0,0,0,0,0,0,0,0,0
RPC-Q-0305,RPC-SKU-057,RPC-SKU-057,True,1,1,1,0,1,1,1,1,1
RPC-Q-0306,RPC-SKU-052,RPC-SKU-052,True,0,0,0,0,0,0,0,0,0
RPC-Q-0307,RPC-SKU-060,RPC-SKU-060,True,1,1,1,0,1,0,1,1,1
RPC-Q-0308,RPC-SKU-039,RPC-SKU-039,True,0,0,0,0,0,0,0,0,0
RPC-Q-0309,RPC-SKU-108,RPC-SKU-108,True,0,0,0,0,0,0,0,0,0
RPC-Q-0310,RPC-SKU-028,RPC-SKU-028,True,0,0,0,0,0,0,0,0,0
RPC-Q-0311,RPC-SKU-122,RPC-SKU-122,True,0,0,0,0,0,0,0,0,0
RPC-Q-0312,RPC-SKU-015,RPC-SKU-015,True,0,0,0,0,0,1,0,0,1
RPC-Q-0313,RPC-SKU-081,RPC-SKU-081,True,0,0,1,0,0,0,0,0,0
RPC-Q-0314,RPC-SKU-027,RPC-SKU-027,True,1,1,1,1,1,1,1,1,1
RPC-Q-0315,RPC-SKU-114,RPC-SKU-114,True,0,0,0,0,0,0,0,0,0
RPC-Q-0316,RPC-SKU-110,RPC-SKU-110,True,1,1,1,1,1,1,1,1,1
RPC-Q-0317,RPC-SKU-047,RPC-SKU-047,True,1,1,1,0,1,1,1,1,1
RPC-Q-0318,RPC-SKU-087,RPC-SKU-087,True,1,1,1,1,1,1,1,1,1
RPC-Q-0319,RPC-SKU-200,RPC-SKU-200,True,1,1,0,1,1,1,1,1,1
RPC-Q-0320,RPC-SKU-135,RPC-SKU-135,True,0,0,0,0,0,0,0,0,0
RPC-Q-0321,RPC-SKU-025,RPC-SKU-025,True,0,0,0,0,0,0,0,0,0
RPC-Q-0322,RPC-SKU-011,RPC-SKU-011,True,1,1,1,0,1,1,1,1,1
RPC-Q-0323,RPC-SKU-083,RPC-SKU-083,True,1,1,1,0,1,1,1,1,1
RPC-Q-0324,RPC-SKU-035,RPC-SKU-035,True,0,0,0,1,0,1,1,0,1
RPC-Q-0325,RPC-SKU-197,RPC-SKU-197,True,0,0,0,1,0,0,0,0,0
RPC-Q-0326,RPC-SKU-011,RPC-SKU-011,True,1,1,1,0,1,0,0,1,0
RPC-Q-0327,RPC-SKU-070,RPC-SKU-070,True,1,1,1,0,1,1,1,1,1
RPC-Q-0328,RPC-SKU-151,RPC-SKU-151,True,0,0,0,0,0,0,0,0,0
RPC-Q-0329,RPC-SKU-094,RPC-SKU-094,True,1,1,1,1,1,1,1,1,1
RPC-Q-0330,RPC-SKU-061,RPC-SKU-061,True,0,0,0,1,0,0,0,0,0
RPC-Q-0331,RPC-SKU-092,RPC-SKU-092,True,0,0,0,0,0,0,0,0,0
RPC-Q-0332,RPC-SKU-126,RPC-SKU-126,True,0,0,0,0,0,0,0,0,0
RPC-Q-0333,RPC-SKU-064,RPC-SKU-064,True,0,0,0,0,0,0,0,0,0
RPC-Q-0334,RPC-SKU-069,RPC-SKU-069,True,0,0,0,0,0,0,0,0,0
RPC-Q-0335,RPC-SKU-010,RPC-SKU-010,True,0,0,0,1,0,1,1,0,1
RPC-Q-0336,RPC-SKU-089,RPC-SKU-089,True,1,1,1,0,1,1,1,1,1
RPC-Q-0337,RPC-SKU-167,RPC-SKU-167,True,1,1,1,0,1,1,1,1,1
RPC-Q-0338,RPC-SKU-021,RPC-SKU-021,True,0,0,0,0,0,0,0,0,0
RPC-Q-0339,RPC-SKU-005,RPC-SKU-005,True,1,1,1,0,1,1,1,1,1
RPC-Q-0340,RPC-SKU-037,RPC-SKU-037,True,0,0,0,0,0,0,0,0,0
RPC-Q-0341,RPC-SKU-100,RPC-SKU-100,True,0,0,1,0,0,0,0,0,0
RPC-Q-0342,RPC-SKU-171,RPC-SKU-171,True,0,0,0,0,0,0,0,0,0
RPC-Q-0343,RPC-SKU-177,RPC-SKU-177,True,0,0,0,0,0,0,0,0,0
RPC-Q-0344,RPC-SKU-187,RPC-SKU-187,False,0,0,0,0,0,0,0,0,0
RPC-Q-0345,RPC-SKU-200,RPC-SKU-200,True,0,0,0,0,0,0,0,0,0
RPC-Q-0346,RPC-SKU-180,RPC-SKU-180,True,0,0,0,0,0,1,0,0,0
RPC-Q-0347,RPC-SKU-107,RPC-SKU-107,True,0,0,0,0,0,0,0,0,0
RPC-Q-0348,RPC-SKU-157,RPC-SKU-157,True,0,0,0,0,0,0,0,0,0
RPC-Q-0349,RPC-SKU-027,RPC-SKU-027,True,1,1,1,0,1,1,1,1,1
RPC-Q-0350,RPC-SKU-051,RPC-SKU-051,True,0,0,0,0,0,0,0,0,1
RPC-Q-0351,RPC-SKU-150,RPC-SKU-150,True,0,0,0,0,0,1,1,0,0
RPC-Q-0352,RPC-SKU-037,RPC-SKU-037,True,0,0,0,0,0,0,0,0,0
RPC-Q-0353,RPC-SKU-145,RPC-SKU-145,True,0,0,0,0,0,0,0,0,0
RPC-Q-0354,RPC-SKU-063,RPC-SKU-063,True,0,0,0,0,0,0,0,0,0
RPC-Q-0355,RPC-SKU-009,RPC-SKU-009,True,1,1,1,0,1,0,1,1,1
RPC-Q-0356,RPC-SKU-136,RPC-SKU-136,True,1,1,0,0,1,0,1,1,1
RPC-Q-0357,RPC-SKU-115,RPC-SKU-115,True,1,1,1,0,1,1,1,1,1
RPC-Q-0358,RPC-SKU-054,RPC-SKU-054,True,0,0,0,0,0,0,0,0,0
RPC-Q-0359,RPC-SKU-105,RPC-SKU-105,True,1,1,1,1,1,1,1,1,1
RPC-Q-0360,RPC-SKU-095,RPC-SKU-095,True,1,1,1,1,1,1,1,1,1
RPC-Q-0361,RPC-SKU-001,RPC-SKU-001,True,1,1,1,0,1,0,1,0,0
RPC-Q-0362,RPC-SKU-171,RPC-SKU-171,True,0,0,0,1,0,1,1,0,1
RPC-Q-0363,RPC-SKU-140,RPC-SKU-140,True,0,0,0,1,0,0,0,0,0
RPC-Q-0364,RPC-SKU-062,RPC-SKU-062,True,0,0,0,1,0,0,0,0,0
RPC-Q-0365,RPC-SKU-030,RPC-SKU-030,True,0,0,0,0,0,0,0,0,0
RPC-Q-0366,RPC-SKU-078,RPC-SKU-078,True,1,1,1,1,1,1,1,1,1
RPC-Q-0367,RPC-SKU-148,RPC-SKU-148,True,1,1,1,0,1,0,1,1,1
RPC-Q-0368,RPC-SKU-151,RPC-SKU-151,True,0,0,0,0,0,0,0,0,0
RPC-Q-0369,RPC-SKU-048,RPC-SKU-048,True,1,1,1,1,1,1,1,1,1
RPC-Q-0370,RPC-SKU-101,RPC-SKU-101,True,0,0,0,1,0,0,0,0,0
RPC-Q-0371,RPC-SKU-104,RPC-SKU-104,True,0,0,0,0,0,0,0,0,0
RPC-Q-0372,RPC-SKU-134,RPC-SKU-134,True,0,0,0,0,0,0,0,0,0
RPC-Q-0373,RPC-SKU-156,RPC-SKU-156,True,0,0,0,0,0,0,0,0,0
RPC-Q-0374,RPC-SKU-094,RPC-SKU-094,False,0,0,0,0,0,0,0,0,0
RPC-Q-0375,RPC-SKU-043,RPC-SKU-043,True,0,0,0,0,0,0,0,0,0
RPC-Q-0376,RPC-SKU-067,RPC-SKU-067,True,0,0,0,0,0,0,0,0,0
RPC-Q-0377,RPC-SKU-043,RPC-SKU-043,True,0,0,0,0,0,0,0,0,0
RPC-Q-0378,RPC-SKU-126,RPC-SKU-126,True,0,0,0,0,0,0,0,0,0
RPC-Q-0379,RPC-SKU-035,RPC-SKU-035,True,0,0,0,0,0,0,0,0,0
RPC-Q-0380,RPC-SKU-063,RPC-SKU-063,True,1,1,1,0,1,1,1,1,1
RPC-Q-0381,RPC-SKU-198,RPC-SKU-198,True,0,0,0,0,0,0,0,0,0
RPC-Q-0382,RPC-SKU-196,RPC-SKU-196,True,0,0,0,0,0,0,0,0,0
RPC-Q-0383,RPC-SKU-194,RPC-SKU-194,True,1,1,1,1,1,1,1,1,1
RPC-Q-0384,RPC-SKU-088,RPC-SKU-088,True,1,1,0,0,1,0,1,1,1
RPC-Q-0385,RPC-SKU-116,RPC-SKU-116,True,0,0,0,1,0,0,0,0,0
RPC-Q-0386,RPC-SKU-110,RPC-SKU-110,True,0,0,0,0,0,1,1,0,0
RPC-Q-0387,RPC-SKU-008,RPC-SKU-008,True,0,0,0,0,0,0,0,0,0
RPC-Q-0388,RPC-SKU-024,RPC-SKU-024,True,0,0,0,0,0,0,0,0,0
RPC-Q-0389,RPC-SKU-147,RPC-SKU-147,True,0,0,0,0,0,0,0,0,0
RPC-Q-0390,RPC-SKU-155,RPC-SKU-155,True,1,1,1,0,1,0,0,1,0
RPC-Q-0391,RPC-SKU-036,RPC-SKU-036,True,0,0,0,0,0,0,0,0,0
RPC-Q-0392,RPC-SKU-120,RPC-SKU-120,True,0,0,0,0,0,0,0,0,0
RPC-Q-0393,RPC-SKU-169,RPC-SKU-169,True,1,1,0,0,1,1,1,1,1
RPC-Q-0394,RPC-SKU-074,RPC-SKU-074,True,0,0,1,0,0,0,0,0,0
RPC-Q-0395,RPC-SKU-052,RPC-SKU-052,True,0,0,0,0,0,0,0,0,0
RPC-Q-0396,RPC-SKU-066,RPC-SKU-066,True,0,0,0,0,0,1,0,1,1
RPC-Q-0397,RPC-SKU-160,RPC-SKU-160,True,0,0,0,0,0,0,0,0,0
RPC-Q-0398,RPC-SKU-122,RPC-SKU-122,False,0,0,0,0,0,0,0,0,0
RPC-Q-0399,RPC-SKU-092,RPC-SKU-092,True,0,0,0,0,0,0,0,0,0
RPC-Q-0400,RPC-SKU-053,RPC-SKU-053,True,0,0,0,0,0,0,0,0,0
RPC-Q-0401,RPC-SKU-074,RPC-SKU-074,True,1,1,1,1,1,1,1,1,1
RPC-Q-0402,RPC-SKU-082,RPC-SKU-082,True,1,1,1,0,1,1,1,1,1
RPC-Q-0403,RPC-SKU-135,RPC-SKU-135,True,1,1,1,0,1,0,1,1,1
RPC-Q-0404,RPC-SKU-017,RPC-SKU-017,True,0,0,0,0,0,0,0,0,0
RPC-Q-0405,RPC-SKU-119,RPC-SKU-119,True,0,0,0,0,0,0,0,0,0
RPC-Q-0406,RPC-SKU-015,RPC-SKU-015,True,0,0,0,0,0,0,0,0,0
RPC-Q-0407,RPC-SKU-168,RPC-SKU-168,True,1,1,1,1,1,1,1,1,1
RPC-Q-0408,RPC-SKU-029,RPC-SKU-029,True,0,0,0,0,0,0,0,0,0
RPC-Q-0409,RPC-SKU-147,RPC-SKU-147,True,0,0,0,0,0,0,0,0,0
RPC-Q-0410,RPC-SKU-097,RPC-SKU-097,True,0,0,0,0,0,0,0,0,0
RPC-Q-0411,RPC-SKU-140,RPC-SKU-140,True,0,0,0,1,0,0,0,0,0
RPC-Q-0412,RPC-SKU-024,RPC-SKU-024,True,0,0,0,0,0,0,0,0,0
RPC-Q-0413,RPC-SKU-121,RPC-SKU-121,True,1,1,1,0,1,1,1,1,1
RPC-Q-0414,RPC-SKU-008,RPC-SKU-008,True,0,0,0,1,0,0,0,0,1
RPC-Q-0415,RPC-SKU-023,RPC-SKU-023,True,1,1,1,0,1,1,1,1,1
RPC-Q-0416,RPC-SKU-162,RPC-SKU-162,True,0,0,0,1,0,1,1,1,1
RPC-Q-0417,RPC-SKU-144,RPC-SKU-144,True,0,0,0,0,0,0,0,0,0
RPC-Q-0418,RPC-SKU-195,RPC-SKU-195,True,0,0,0,0,0,0,0,0,0
RPC-Q-0419,RPC-SKU-012,RPC-SKU-012,True,1,1,1,1,1,1,1,1,1
RPC-Q-0420,RPC-SKU-167,RPC-SKU-167,True,1,1,0,0,1,0,0,1,1
RPC-Q-0421,RPC-SKU-130,RPC-SKU-130,True,1,1,1,1,1,1,1,1,1
RPC-Q-0422,RPC-SKU-095,RPC-SKU-095,True,1,1,0,0,1,0,1,1,1
RPC-Q-0423,RPC-SKU-106,RPC-SKU-106,True,0,0,0,0,0,0,0,0,0
RPC-Q-0424,RPC-SKU-103,RPC-SKU-103,True,1,1,0,1,1,1,1,1,1
RPC-Q-0425,RPC-SKU-142,RPC-SKU-142,True,0,0,1,0,0,0,0,0,0
RPC-Q-0426,RPC-SKU-199,RPC-SKU-199,True,0,0,0,1,0,0,0,0,0
RPC-Q-0427,RPC-SKU-078,RPC-SKU-078,True,1,1,1,1,1,1,1,1,1
RPC-Q-0428,RPC-SKU-077,RPC-SKU-077,True,1,1,1,0,1,0,0,0,0
RPC-Q-0429,RPC-SKU-047,RPC-SKU-047,True,1,1,1,1,1,1,1,1,1
RPC-Q-0430,RPC-SKU-137,RPC-SKU-137,True,0,0,1,0,0,1,1,0,0
RPC-Q-0431,RPC-SKU-003,RPC-SKU-003,True,0,0,0,0,0,0,0,0,0
RPC-Q-0432,RPC-SKU-178,RPC-SKU-178,True,1,1,0,0,1,1,1,1,1
RPC-Q-0433,RPC-SKU-080,RPC-SKU-080,True,0,0,0,1,0,0,0,0,0
RPC-Q-0434,RPC-SKU-125,RPC-SKU-125,True,1,1,1,0,1,0,1,1,1
RPC-Q-0435,RPC-SKU-162,RPC-SKU-162,True,1,1,1,1,1,1,1,1,1
RPC-Q-0436,RPC-SKU-163,RPC-SKU-163,True,1,1,1,0,1,0,0,1,0
RPC-Q-0437,RPC-SKU-089,RPC-SKU-089,True,0,0,0,0,0,0,0,0,0
RPC-Q-0438,RPC-SKU-085,RPC-SKU-085,True,0,0,0,0,0,0,0,0,0
RPC-Q-0439,RPC-SKU-132,RPC-SKU-132,True,0,0,0,0,0,1,0,0,1
RPC-Q-0440,RPC-SKU-022,RPC-SKU-022,True,1,1,1,0,1,0,0,1,1
RPC-Q-0441,RPC-SKU-138,RPC-SKU-138,True,0,0,0,0,0,0,0,0,0
RPC-Q-0442,RPC-SKU-004,RPC-SKU-004,True,0,0,0,1,0,1,0,1,1
RPC-Q-0443,RPC-SKU-066,RPC-SKU-066,True,1,1,0,1,1,1,1,1,1
RPC-Q-0444,RPC-SKU-133,RPC-SKU-133,True,0,0,0,0,0,0,0,0,0
RPC-Q-0445,RPC-SKU-112,RPC-SKU-112,True,0,0,0,0,0,0,0,0,0
RPC-Q-0446,RPC-SKU-165,RPC-SKU-165,True,1,1,1,1,1,1,1,1,1
RPC-Q-0447,RPC-SKU-103,RPC-SKU-103,True,1,1,1,1,1,1,1,1,1
RPC-Q-0448,RPC-SKU-173,RPC-SKU-173,True,1,1,0,0,1,0,1,1,0
RPC-Q-0449,RPC-SKU-023,RPC-SKU-023,True,0,0,0,1,0,1,1,0,1
RPC-Q-0450,RPC-SKU-014,RPC-SKU-014,False,0,0,0,0,0,0,0,0,0
RPC-Q-0451,RPC-SKU-141,RPC-SKU-141,True,0,0,0,0,0,0,0,0,0
RPC-Q-0452,RPC-SKU-077,RPC-SKU-077,True,0,0,1,0,0,0,0,0,0
RPC-Q-0453,RPC-SKU-093,RPC-SKU-093,True,1,1,1,0,1,1,1,1,1
RPC-Q-0454,RPC-SKU-014,RPC-SKU-014,False,0,0,0,0,0,0,0,0,0
RPC-Q-0455,RPC-SKU-077,RPC-SKU-077,True,1,1,1,1,1,1,1,1,1
RPC-Q-0456,RPC-SKU-096,RPC-SKU-096,True,0,0,0,0,0,0,0,0,0
RPC-Q-0457,RPC-SKU-199,RPC-SKU-199,True,0,0,0,1,0,0,0,0,0
RPC-Q-0458,RPC-SKU-005,RPC-SKU-005,True,1,1,1,1,1,1,1,1,1
RPC-Q-0459,RPC-SKU-038,RPC-SKU-038,True,0,0,0,0,0,0,0,0,0
RPC-Q-0460,RPC-SKU-038,RPC-SKU-038,True,0,0,0,0,0,0,0,0,0
RPC-Q-0461,RPC-SKU-059,RPC-SKU-059,True,1,1,1,0,1,0,1,1,1
RPC-Q-0462,RPC-SKU-012,RPC-SKU-012,True,1,1,1,0,1,1,1,1,1
RPC-Q-0463,RPC-SKU-056,RPC-SKU-056,True,1,1,1,0,1,1,1,1,1
RPC-Q-0464,RPC-SKU-187,RPC-SKU-187,True,1,1,1,0,1,1,1,1,1
RPC-Q-0465,RPC-SKU-091,RPC-SKU-091,True,0,0,1,0,0,0,0,0,0
RPC-Q-0466,RPC-SKU-145,RPC-SKU-145,True,1,1,1,0,1,1,1,1,1
RPC-Q-0467,RPC-SKU-169,RPC-SKU-169,True,0,0,0,0,0,0,0,0,0
RPC-Q-0468,RPC-SKU-142,RPC-SKU-142,True,1,1,1,0,1,0,1,1,1
RPC-Q-0469,RPC-SKU-163,RPC-SKU-163,True,1,1,1,1,1,1,1,1,1
RPC-Q-0470,RPC-SKU-097,RPC-SKU-097,False,0,0,0,0,0,0,0,0,0
RPC-Q-0471,RPC-SKU-197,RPC-SKU-197,True,0,0,0,1,0,0,0,1,1
RPC-Q-0472,RPC-SKU-079,RPC-SKU-079,True,0,0,0,0,0,0,0,0,0
RPC-Q-0473,RPC-SKU-084,RPC-SKU-084,True,1,1,1,0,1,1,1,1,1
RPC-Q-0474,RPC-SKU-101,RPC-SKU-101,True,0,0,0,1,0,1,0,0,0
RPC-Q-0475,RPC-SKU-045,RPC-SKU-045,False,0,0,0,0,0,0,0,0,0
RPC-Q-0476,RPC-SKU-020,RPC-SKU-020,True,0,0,0,0,0,0,0,0,0
RPC-Q-0477,RPC-SKU-067,RPC-SKU-067,True,0,0,0,0,0,0,0,0,0
RPC-Q-0478,RPC-SKU-179,RPC-SKU-179,True,1,1,0,0,1,0,1,1,1
RPC-Q-0479,RPC-SKU-051,RPC-SKU-051,True,0,0,0,1,0,0,0,0,0
RPC-Q-0480,RPC-SKU-034,RPC-SKU-034,True,1,1,1,1,1,1,1,1,1
RPC-Q-0481,RPC-SKU-083,RPC-SKU-083,True,1,1,1,0,1,1,1,1,1
RPC-Q-0482,RPC-SKU-051,RPC-SKU-051,True,0,0,0,0,0,0,0,0,0
RPC-Q-0483,RPC-SKU-164,RPC-SKU-164,True,0,0,0,1,0,0,0,0,0
RPC-Q-0484,RPC-SKU-057,RPC-SKU-057,True,1,1,1,0,1,1,1,1,1
RPC-Q-0485,RPC-SKU-087,RPC-SKU-087,True,1,1,1,1,1,1,1,1,1
RPC-Q-0486,RPC-SKU-096,RPC-SKU-096,True,0,0,0,0,0,0,0,0,0
RPC-Q-0487,RPC-SKU-037,RPC-SKU-037,True,0,0,0,0,0,0,0,0,0
RPC-Q-0488,RPC-SKU-155,RPC-SKU-155,True,0,0,0,0,0,0,0,0,0
RPC-Q-0489,RPC-SKU-111,RPC-SKU-111,True,0,0,1,0,0,0,0,0,0
RPC-Q-0490,RPC-SKU-031,RPC-SKU-031,False,0,0,0,0,0,0,0,0,0
RPC-Q-0491,RPC-SKU-064,RPC-SKU-064,True,0,0,0,0,0,1,0,0,0
RPC-Q-0492,RPC-SKU-076,RPC-SKU-076,True,1,1,1,0,1,1,1,1,1
RPC-Q-0493,RPC-SKU-003,RPC-SKU-003,True,0,0,0,0,0,0,1,0,0
RPC-Q-0494,RPC-SKU-124,RPC-SKU-124,True,0,0,0,0,0,0,0,0,0
RPC-Q-0495,RPC-SKU-120,RPC-SKU-120,True,1,1,0,1,1,1,1,1,1
RPC-Q-0496,RPC-SKU-049,RPC-SKU-049,True,0,0,1,1,0,1,1,0,1
RPC-Q-0497,RPC-SKU-143,RPC-SKU-143,True,1,1,1,0,1,0,0,1,0
RPC-Q-0498,RPC-SKU-007,RPC-SKU-007,True,1,1,1,1,1,1,1,1,1
RPC-Q-0499,RPC-SKU-192,RPC-SKU-192,True,0,0,0,0,0,0,0,0,0
RPC-Q-0500,RPC-SKU-131,RPC-SKU-131,True,0,0,1,0,0,0,0,0,0
RPC-Q-0501,RPC-SKU-185,RPC-SKU-185,False,0,0,0,0,0,0,0,0,0
RPC-Q-0502,RPC-SKU-136,RPC-SKU-136,True,0,0,0,0,0,0,0,0,0
RPC-Q-0503,RPC-SKU-136,RPC-SKU-136,True,0,0,0,0,0,0,0,0,0
RPC-Q-0504,RPC-SKU-071,RPC-SKU-071,True,0,0,0,0,0,0,0,0,0
RPC-Q-0505,RPC-SKU-199,RPC-SKU-199,True,0,0,0,0,0,0,0,0,0
RPC-Q-0506,RPC-SKU-193,RPC-SKU-193,True,0,0,0,0,0,0,0,0,0
RPC-Q-0507,RPC-SKU-188,RPC-SKU-188,True,0,0,1,1,0,1,1,0,0
RPC-Q-0508,RPC-SKU-016,RPC-SKU-016,True,1,1,1,0,1,0,1,1,1
RPC-Q-0509,RPC-SKU-191,RPC-SKU-191,True,0,0,0,0,0,0,0,0,0
RPC-Q-0510,RPC-SKU-068,RPC-SKU-068,True,0,0,0,0,0,0,0,0,0
RPC-Q-0511,RPC-SKU-121,RPC-SKU-121,True,0,0,0,0,0,0,0,0,0
RPC-Q-0512,RPC-SKU-177,RPC-SKU-177,True,1,1,0,1,1,1,1,1,1
RPC-Q-0513,RPC-SKU-029,RPC-SKU-029,True,0,0,0,0,0,0,0,0,0
RPC-Q-0514,RPC-SKU-181,RPC-SKU-181,True,0,0,0,0,0,0,0,0,0
RPC-Q-0515,RPC-SKU-109,RPC-SKU-109,True,0,0,0,0,0,0,0,0,0
RPC-Q-0516,RPC-SKU-150,RPC-SKU-150,True,1,1,0,0,1,0,0,1,1
RPC-Q-0517,RPC-SKU-006,RPC-SKU-006,True,1,1,1,0,1,0,1,1,1
RPC-Q-0518,RPC-SKU-153,RPC-SKU-153,True,1,1,1,1,1,1,1,1,1
RPC-Q-0519,RPC-SKU-035,RPC-SKU-035,True,0,0,0,0,0,0,0,0,0
RPC-Q-0520,RPC-SKU-178,RPC-SKU-178,True,1,1,0,0,1,0,1,1,1
RPC-Q-0521,RPC-SKU-031,RPC-SKU-031,True,1,1,1,0,1,1,1,1,1
RPC-Q-0522,RPC-SKU-021,RPC-SKU-021,True,1,1,0,1,1,1,1,1,1
RPC-Q-0523,RPC-SKU-109,RPC-SKU-109,True,0,0,0,1,0,0,0,0,0
RPC-Q-0524,RPC-SKU-040,RPC-SKU-040,True,0,0,0,0,0,0,0,0,0
RPC-Q-0525,RPC-SKU-072,RPC-SKU-072,True,1,1,1,0,1,0,1,1,1
RPC-Q-0526,RPC-SKU-044,RPC-SKU-044,True,1,1,1,0,1,1,1,1,1
RPC-Q-0527,RPC-SKU-144,RPC-SKU-144,True,0,0,0,0,0,0,0,0,0
RPC-Q-0528,RPC-SKU-114,RPC-SKU-114,True,0,0,0,0,0,0,0,0,0
RPC-Q-0529,RPC-SKU-048,RPC-SKU-048,True,0,0,0,0,0,0,0,0,0
RPC-Q-0530,RPC-SKU-198,RPC-SKU-198,True,0,0,0,0,0,0,0,0,0
RPC-Q-0531,RPC-SKU-141,RPC-SKU-141,True,0,0,0,0,0,0,0,0,0
RPC-Q-0532,RPC-SKU-186,RPC-SKU-186,True,0,0,0,0,0,0,0,0,0
RPC-Q-0533,RPC-SKU-161,RPC-SKU-161,True,1,1,1,1,1,1,1,1,1
RPC-Q-0534,RPC-SKU-053,RPC-SKU-053,True,0,0,0,0,0,0,0,0,0
RPC-Q-0535,RPC-SKU-143,RPC-SKU-143,True,0,0,1,0,0,0,0,0,0
RPC-Q-0536,RPC-SKU-184,RPC-SKU-184,True,0,0,0,0,0,1,0,0,0
RPC-Q-0537,RPC-SKU-018,RPC-SKU-018,True,0,0,0,0,0,0,0,0,0
RPC-Q-0538,RPC-SKU-093,RPC-SKU-093,True,0,0,0,0,0,0,0,0,0
RPC-Q-0539,RPC-SKU-056,RPC-SKU-056,True,1,1,1,1,1,1,1,1,1
RPC-Q-0540,RPC-SKU-138,RPC-SKU-138,True,0,0,0,0,0,0,0,0,0
RPC-Q-0541,RPC-SKU-065,RPC-SKU-065,True,0,0,0,1,0,0,0,0,0
RPC-Q-0542,RPC-SKU-088,RPC-SKU-088,True,0,0,0,0,0,0,0,0,0
RPC-Q-0543,RPC-SKU-056,RPC-SKU-056,True,1,1,1,0,1,0,1,1,0
RPC-Q-0544,RPC-SKU-020,RPC-SKU-020,True,0,0,0,0,0,0,0,0,0
RPC-Q-0545,RPC-SKU-040,RPC-SKU-040,True,0,0,0,0,0,0,0,0,0
RPC-Q-0546,RPC-SKU-019,RPC-SKU-019,True,0,0,0,0,0,0,0,0,0
RPC-Q-0547,RPC-SKU-129,RPC-SKU-129,True,0,0,0,0,0,0,0,0,0
RPC-Q-0548,RPC-SKU-162,RPC-SKU-162,True,0,0,0,0,0,0,0,0,0
RPC-Q-0549,RPC-SKU-122,RPC-SKU-122,False,0,0,0,0,0,0,0,0,0
RPC-Q-0550,RPC-SKU-144,RPC-SKU-144,True,1,1,1,1,1,1,1,1,1
RPC-Q-0551,RPC-SKU-046,RPC-SKU-046,True,0,0,0,0,0,0,0,0,0
RPC-Q-0552,RPC-SKU-058,RPC-SKU-058,True,0,0,0,1,0,1,0,0,1
RPC-Q-0553,RPC-SKU-170,RPC-SKU-170,True,0,0,0,0,0,0,0,0,0
RPC-Q-0554,RPC-SKU-026,RPC-SKU-026,True,0,0,0,1,0,1,0,0,1
RPC-Q-0555,RPC-SKU-107,RPC-SKU-107,False,0,0,0,0,0,0,0,0,0
RPC-Q-0556,RPC-SKU-119,RPC-SKU-119,True,1,1,1,1,1,1,1,1,1
RPC-Q-0557,RPC-SKU-191,RPC-SKU-191,False,0,0,0,0,0,0,0,0,0
RPC-Q-0558,RPC-SKU-106,RPC-SKU-106,True,1,1,1,0,1,0,1,1,0
RPC-Q-0559,RPC-SKU-157,RPC-SKU-157,True,0,0,0,0,0,0,0,0,0
RPC-Q-0560,RPC-SKU-084,RPC-SKU-084,True,0,0,0,0,0,0,0,0,0
RPC-Q-0561,RPC-SKU-105,RPC-SKU-105,True,0,0,1,1,0,1,1,0,1
RPC-Q-0562,RPC-SKU-128,RPC-SKU-128,True,0,0,0,0,0,0,0,0,0
RPC-Q-0563,RPC-SKU-029,RPC-SKU-029,True,0,0,0,0,0,0,0,0,0
RPC-Q-0564,RPC-SKU-075,RPC-SKU-075,True,1,1,1,0,1,0,1,1,0
RPC-Q-0565,RPC-SKU-193,RPC-SKU-193,True,1,1,1,1,1,1,1,1,1
RPC-Q-0566,RPC-SKU-004,RPC-SKU-004,True,1,1,1,0,1,0,0,0,0
RPC-Q-0567,RPC-SKU-186,RPC-SKU-186,True,0,0,0,1,0,0,0,0,0
RPC-Q-0568,RPC-SKU-131,RPC-SKU-131,True,1,1,1,0,1,1,1,1,1
RPC-Q-0569,RPC-SKU-108,RPC-SKU-108,True,1,1,1,1,1,1,1,1,1
RPC-Q-0570,RPC-SKU-049,RPC-SKU-049,True,0,0,0,0,0,0,0,0,0
RPC-Q-0571,RPC-SKU-186,RPC-SKU-186,True,0,0,0,0,0,0,0,0,0
RPC-Q-0572,RPC-SKU-028,RPC-SKU-028,True,0,0,0,1,0,0,0,0,0
RPC-Q-0573,RPC-SKU-034,RPC-SKU-034,False,0,0,0,0,0,0,0,0,0
RPC-Q-0574,RPC-SKU-179,RPC-SKU-179,True,0,0,0,0,0,0,0,0,0
RPC-Q-0575,RPC-SKU-108,RPC-SKU-108,True,1,1,1,1,1,1,1,1,1
RPC-Q-0576,RPC-SKU-085,RPC-SKU-085,True,0,0,0,0,0,0,0,0,0
RPC-Q-0577,RPC-SKU-172,RPC-SKU-172,True,0,0,0,0,0,0,0,0,0
RPC-Q-0578,RPC-SKU-132,RPC-SKU-132,True,1,1,0,0,1,1,1,1,1
RPC-Q-0579,RPC-SKU-143,RPC-SKU-143,True,1,1,1,0,1,0,1,1,1
RPC-Q-0580,RPC-SKU-130,RPC-SKU-130,True,0,0,0,0,0,0,0,0,0
RPC-Q-0581,RPC-SKU-165,RPC-SKU-165,True,0,0,1,0,0,1,1,0,1
RPC-Q-0582,RPC-SKU-142,RPC-SKU-142,True,0,0,0,0,0,1,0,1,1
RPC-Q-0583,RPC-SKU-022,RPC-SKU-022,True,0,0,0,1,0,1,0,1,1
RPC-Q-0584,RPC-SKU-014,RPC-SKU-014,False,0,0,0,0,0,0,0,0,0
RPC-Q-0585,RPC-SKU-022,RPC-SKU-022,True,0,0,0,1,0,0,0,1,1
RPC-Q-0586,RPC-SKU-047,RPC-SKU-047,True,1,1,1,1,1,1,1,1,1
RPC-Q-0587,RPC-SKU-081,RPC-SKU-081,True,1,1,1,0,1,0,1,1,1
RPC-Q-0588,RPC-SKU-090,RPC-SKU-090,True,1,1,1,0,1,1,1,1,1
RPC-Q-0589,RPC-SKU-058,RPC-SKU-058,True,0,0,0,1,0,1,0,0,0
RPC-Q-0590,RPC-SKU-082,RPC-SKU-082,True,1,1,1,0,1,0,1,1,1
RPC-Q-0591,RPC-SKU-070,RPC-SKU-070,True,1,1,1,1,1,1,1,1,1
RPC-Q-0592,RPC-SKU-023,RPC-SKU-023,True,0,0,0,0,0,0,0,0,0
RPC-Q-0593,RPC-SKU-033,RPC-SKU-033,True,0,0,0,0,0,0,0,0,0
RPC-Q-0594,RPC-SKU-010,RPC-SKU-010,True,0,0,0,1,0,1,1,1,1
RPC-Q-0595,RPC-SKU-042,RPC-SKU-042,True,0,0,0,0,0,0,0,0,0
RPC-Q-0596,RPC-SKU-127,RPC-SKU-127,False,0,0,0,0,0,0,0,0,0
RPC-Q-0597,RPC-SKU-176,RPC-SKU-176,True,0,0,0,0,0,0,0,0,1
RPC-Q-0598,RPC-SKU-160,RPC-SKU-160,True,1,1,1,1,1,1,1,1,1
RPC-Q-0599,RPC-SKU-044,RPC-SKU-044,True,0,0,1,1,0,1,0,0,1
