query_id,identity,fold,old_model,new_model,target_physical_row,target_B_CAL_rank,old_selected,new_selected,old_correct,new_correct,old_action,new_action,old_target_final_logit,new_target_final_logit,old_target_vs_strongest_wrong_margin,new_target_vs_strongest_wrong_margin,transition
H593-02ce6b371f2907428fc96ffe,athletes-01,4,TOKEN_QR,TOKEN_QRR_ANCHOR,3238,1,2500,4504,False,False,SWITCH,SWITCH,0.0,0.0,-4.0200236559742635,-4.257183437039446,wrong_to_different_wrong
H593-0745854000292039c9c10f33,734-uw-mint-mini-nicotine-lozenge,1,TOKEN_QR,TOKEN_QRR_ANCHOR,1130,1,4599,1130,False,True,SWITCH,SWITCH,0.2256073195647077,1.282946665958133,-0.09066057472888811,0.6628338723996189,gain
H593-1720428a3a7802dc9dfc49e4,300000538_R-00_Final,3,TOKEN_QR,TOKEN_QRR_ANCHOR,,,1875,4512,False,False,SWITCH,SWITCH,,,,,wrong_to_different_wrong
H593-29d505a42ed3f7b9bb256b2b,bbx08-0000-01,4,TOKEN_QR,TOKEN_QRR_ANCHOR,3334,1,3334,3333,True,False,HOLD,SWITCH,0.0,0.0,0.47990161878316173,-1.1983092951909577,loss
H593-31b015a7052d7ca5255413c3,300000538_R-00_Final,3,TOKEN_QR,TOKEN_QRR_ANCHOR,,,806,4987,False,False,SWITCH,SWITCH,,,,,wrong_to_different_wrong
H593-021e62b31ffbd6d351d13e91,5fe0ce14-bc11-4b43-b002-7efdca0d3003-04,4,TOKEN_QRR_ANCHOR,TOKEN_QRR_MULTI,,,3022,3128,False,False,SWITCH,HOLD,,,,,wrong_to_different_wrong
H593-02ce6b371f2907428fc96ffe,athletes-01,4,TOKEN_QRR_ANCHOR,TOKEN_QRR_MULTI,3238,1,4504,2500,False,False,SWITCH,SWITCH,0.0,0.0,-4.257183437039446,-0.7605222247240049,wrong_to_different_wrong
H593-148a11f5ffffec76fd85b3c8,3T3-bn-lansoprazole,4,TOKEN_QRR_ANCHOR,TOKEN_QRR_MULTI,996,8,1998,4534,False,False,SWITCH,SWITCH,2.2327601894672484,0.7100610924106279,-2.0466250153992465,-0.9881107764050805,wrong_to_different_wrong
H593-1720428a3a7802dc9dfc49e4,300000538_R-00_Final,3,TOKEN_QRR_ANCHOR,TOKEN_QRR_MULTI,,,4512,1875,False,False,SWITCH,SWITCH,,,,,wrong_to_different_wrong
H593-1af45e7f0d56a52adeb60b07,964901_LR,0,TOKEN_QRR_ANCHOR,TOKEN_QRR_MULTI,1183,6,1183,1980,True,False,SWITCH,SWITCH,7.764926427903456,7.536341417740689,1.051918724352884,-0.7430590218058404,loss
H593-2e5153cd0e9bd1dddbb75dea,200000002710_Final,4,TOKEN_QRR_ANCHOR,TOKEN_QRR_MULTI,935,6,935,1966,True,False,SWITCH,SWITCH,13.422173080006806,7.784274397364543,0.004074505092843239,-1.5846154305457691,loss
H593-021e62b31ffbd6d351d13e91,5fe0ce14-bc11-4b43-b002-7efdca0d3003-04,4,TOKEN_QR,TOKEN_QRR_MULTI,,,3022,3128,False,False,SWITCH,HOLD,,,,,wrong_to_different_wrong
H593-0745854000292039c9c10f33,734-uw-mint-mini-nicotine-lozenge,1,TOKEN_QR,TOKEN_QRR_MULTI,1130,1,4599,1130,False,True,SWITCH,SWITCH,0.2256073195647077,2.392078979945383,-0.09066057472888811,0.07873219287028288,gain
H593-148a11f5ffffec76fd85b3c8,3T3-bn-lansoprazole,4,TOKEN_QR,TOKEN_QRR_MULTI,996,8,1998,4534,False,False,SWITCH,SWITCH,1.6396761950234588,0.7100610924106279,-2.5652262099681873,-0.9881107764050805,wrong_to_different_wrong
H593-1af45e7f0d56a52adeb60b07,964901_LR,0,TOKEN_QR,TOKEN_QRR_MULTI,1183,6,1183,1980,True,False,SWITCH,SWITCH,6.220944431117481,7.536341417740689,0.28446465833701495,-0.7430590218058404,loss
H593-29d505a42ed3f7b9bb256b2b,bbx08-0000-01,4,TOKEN_QR,TOKEN_QRR_MULTI,3334,1,3334,3333,True,False,HOLD,SWITCH,0.0,0.0,0.47990161878316173,-0.14822843364228633,loss
H593-2e5153cd0e9bd1dddbb75dea,200000002710_Final,4,TOKEN_QR,TOKEN_QRR_MULTI,935,6,935,1966,True,False,SWITCH,SWITCH,17.474154336391155,7.784274397364543,0.8944002670050857,-1.5846154305457691,loss
H593-31b015a7052d7ca5255413c3,300000538_R-00_Final,3,TOKEN_QR,TOKEN_QRR_MULTI,,,806,4987,False,False,SWITCH,SWITCH,,,,,wrong_to_different_wrong
