model,target_B_CAL_rank_stratum,queries,B_CAL_correct,correct,rescues,breaks
TOKEN_QR,rank1,103,103,99,0,4
TOKEN_QR,rank2,5,0,4,4,0
TOKEN_QR,rank3_5,4,0,2,2,0
TOKEN_QR,rank6_128,8,0,3,3,0
TOKEN_QR,absent,8,0,0,0,0
TOKEN_QRR_ANCHOR,rank1,103,103,99,0,4
TOKEN_QRR_ANCHOR,rank2,5,0,4,4,0
TOKEN_QRR_ANCHOR,rank3_5,4,0,2,2,0
TOKEN_QRR_ANCHOR,rank6_128,8,0,3,3,0
TOKEN_QRR_ANCHOR,absent,8,0,0,0,0
TOKEN_QRR_MULTI,rank1,103,103,99,0,4
TOKEN_QRR_MULTI,rank2,5,0,4,4,0
TOKEN_QRR_MULTI,rank3_5,4,0,2,2,0
TOKEN_QRR_MULTI,rank6_128,8,0,1,1,0
TOKEN_QRR_MULTI,absent,8,0,0,0,0
