query_id,original_query_id,fold,RAW_correct,linear492_correct,curve489_correct,new490_correct,m,raw_margin,gap,linear_gate,curve4_gate,curve3_gate,removal_term,beta_refit_term,eta_refit_term,bias_refit_term
H593-2ad687a1c029e9f33146503b,DIFFICULT-0100,0,False,True,True,False,-0.5281083223188652,-0.020270318838652036,0.2894231565694778,0.07978447804620231,0.7584227387082236,-0.18159105119921984,0.020149907268665355,0.0019133630446286456,0.0009849893860767983,-0.9630620496068143
H593-5f1d8e99507134bf9261aa26,OUTCOME-0331,0,False,False,True,False,-0.9042654692290205,-0.04394501494344831,1.2477401161201884,-0.18519843615865828,0.7443359743438888,-0.14848651913846236,0.04368396881563216,0.008248751951234829,0.018306835357596203,-0.9630620496068143
H593-71b6e21207e212b1665f9cc6,NDV2-005-P03,0,True,True,False,True,-0.9586671345833692,-0.2315369366899331,0.23314843092122362,-0.3573027582248838,0.08054941962442275,-0.6501705663372461,0.23016154016663917,0.0015413334472797631,0.0006391900312263945,-0.9630620496068143
H593-7a2a329a01beb7a806b52b3e,OUTCOME-0576,0,False,False,True,False,-1.119886576083096,-0.04763743797105794,1.529823130688185,-0.36809512715923975,0.5487130813635965,-0.329360983175478,0.047354457780075424,0.010113589658034852,0.027519937629629586,-0.9630620496068143
H593-a75c121cbde1aeaa4aa8433f,DIFFICULT-0107,0,True,True,False,True,-0.8053834901950182,-0.21779123512440296,0.013873606831330765,-0.22945715923146282,0.0866332541652508,-0.6598373223095688,0.21649749205309704,9.17177703450396e-05,2.263308552595361e-06,-0.9630620496068143
H593-afcb436616416abae565da10,DIFFICULT-0101,0,True,True,False,True,-0.6570224691364184,-0.22740124321194688,0.08411941417809699,-0.07294693069541003,0.27966271551124067,-0.45670960410602257,0.2260504139067925,0.0005561095398582747,8.320654290026744e-05,-0.9630620496068143
H593-c6ad63874f6fdf348e0906bf,OUTCOME-0341,0,False,False,True,False,-1.1176147932219556,-0.09870414868654019,0.4928371231468496,-0.48612396359276844,0.21222302173068242,-0.6466069975240389,0.09811781743037454,0.0032581233292710344,0.0028560895924474384,-0.9630620496068143
H593-d29e3883066f9b27a2a4c21a,OUTCOME-0569,0,True,True,False,True,-1.2395924510183838,-0.37049398021974356,1.640302367600002,-0.4749843193977127,0.10620334983831847,-0.4460833215384634,0.3682931385761574,0.010843962761595065,0.031638276892279944,-0.9630620496068143
H593-d35facd3bcef8508d52b6098,DIFFICULT-0104,0,True,True,False,True,-1.323495934481862,-0.1287725905471711,0.5604539672450515,-0.6841608830786018,0.012059747088388084,-0.8155959655869768,0.12800764402992787,0.003705135144861051,0.0036935577566607246,-0.9630620496068143
H593-e692515f387c7a5fc759c07c,NDV2-005-P02,0,True,True,False,True,-1.0623436193906002,-0.19028775230083728,0.21156573721950322,-0.4634830486760503,0.003139117187444862,-0.7688405662418272,0.18915738789038264,0.001398651261714912,0.0005263270254444424,-0.9630620496068143
H593-4b694eed8bda537b0b21e8ff,OUTCOME-0150,1,False,False,True,True,-0.8301375654619232,-0.12082875902626898,2.428940192642377,-0.01964444103919427,0.47114078842662643,0.1879503466388674,0.2487619907959259,-0.7242898236175871,0.5434878585943248,-0.3511504675604224
H593-feb9948db167fc67715b216a,OUTCOME-0001,1,False,True,False,True,-0.3184291492775453,-0.7424062404212268,0.6697820376375316,0.4239273592951345,-0.26579868946860763,0.7531177576137844,1.5284643807882854,-0.19972344949958246,0.04132598335411156,-0.3511504675604224
H593-17e5724183278e475c4a304d,OUTCOME-0809,2,False,True,True,False,-0.7005115399484397,-0.09438151466681219,0.7692587245899999,0.021901036589105027,0.1955957031527602,-0.14131502233706905,0.14815037523738225,-0.300465755630555,0.0656482648063114,-0.2502436099029679
H593-5fe59cce1a8be38a02275a23,OUTCOME-0213,2,False,False,False,False,-0.2207855004362147,-0.43864918349562354,0.12105340551582777,0.22814748296797635,-0.9780686610034289,-0.5854227230732179,0.6885462832617509,-0.04728240551233394,0.0016256700837619902,-0.2502436099029679
H593-6e81425780a0e9f03a924de4,OUTCOME-0721,2,True,False,True,True,-2.017507148237239,-0.5056246120909322,4.287174632708263,0.18912375067332438,-4.32572927629282,-3.4178120419627005,0.7936774089181667,-1.674533059372702,2.0390164946876226,-0.2502436099029679
H593-e0504cc23358865e805ab7d8,OUTCOME-0722,2,True,False,True,True,-0.9029011161016407,-0.8629654088097476,3.4085214352341118,0.9330236008637309,-1.7723068895456608,-0.7104211494223145,1.3545941658531264,-1.3313387757368762,1.2888739599100636,-0.2502436099029679
H593-61dd525ce4c64a94855321cf,OUTCOME-0794,3,True,False,True,False,-0.24751066131638444,-0.2361443782441144,0.30302602615260554,0.29411611238582525,-0.06986570419995697,0.0008637511175553225,0.4482226761063073,-0.04900105336033542,0.004291919229884906,-0.33278408665834447
H593-6f38112fbf3474ccf845534e,OUTCOME-0379,3,False,True,False,True,-0.07392239185379368,-1.6021659730883788,1.2545155543243487,0.8191957653720174,-1.3717142594131566,1.2072507085980568,3.0410510949440206,-0.2028623890802708,0.073560348805808,-0.33278408665834447
H593-d67beb79b7f0a02cac2b3621,OUTCOME-0205,3,False,False,False,False,-0.09889984685319475,-0.6407941940849368,0.27862374768253684,0.4337124391782432,-0.7311718779772631,0.11090088299338202,1.2162834052700695,-0.045055064414740956,0.003628506773661007,-0.33278408665834447
H593-f9fdc3eba36a0ac68a3dcb72,OUTCOME-0618,3,True,False,True,False,-0.015816596662727278,-0.39125106784273755,0.25471586223662057,0.5079638362755339,-0.21608237228952215,0.1556057733036842,0.7426287340054136,-0.04118902166804252,0.00303251991417968,-0.33278408665834447
H593-148a11f5ffffec76fd85b3c8,DIFFICULT-0011,4,False,False,False,False,-0.010416104214814537,-0.446369583057848,0.050625014475682795,0.5213030097194263,0.24790265976895284,-0.1461860400278075,0.31437125949321854,-0.009133914951035745,0.0001433622239385243,-0.6994694065628817
H593-178d10ad3076a41e89d549dd,NDV2-012-P01,4,True,True,False,True,-1.4686761962928225,-0.2061775569652312,0.869782634380013,-0.7759070521779333,0.06560592080934002,-0.6032664759925355,0.1452076949741322,-0.15692875726743596,0.04231807205430982,-0.6994694065628817
H593-1bef63e477961c10e0077a91,OUTCOME-0588,4,False,False,True,False,-1.2598226683923095,-0.2850563021751328,0.6869657246751464,-0.6029961415589885,0.02972063570600575,-0.5665341591910229,0.20076078689632035,-0.12394438931910637,0.026398214088638884,-0.6994694065628817
H593-3414eabf1d60f67a6dba89f1,OUTCOME-0531,4,False,False,False,False,-0.3489434313605849,-0.6207286499496303,0.34113903182368477,0.23989203005664883,0.25544255995744336,-0.06189668727480918,0.43716967933028056,-0.061549313820994954,0.006509793821343515,-0.6994694065628817
H593-47f8fff9a6390d11ea60c3c3,OUTCOME-0536,4,False,False,True,False,-1.2355136930807153,-0.17674418138497344,1.1603851284821192,-0.48561080655959443,0.5518386224274539,-0.15719296055825716,0.12447821943748161,-0.20936011937524313,0.075319723514932,-0.6994694065628817
H593-62a3ef9aed28fe11480a070d,OUTCOME-0528,4,True,True,False,False,-0.9699859136630762,-0.009233035014675177,2.0080844096270165,-0.053421579460562474,1.1334463965668273,0.3037383893065656,0.006502685121652332,-0.3623045326899457,0.22556324687091275,-0.6994694065628817
H593-648cf256a0655f0b4baede6a,NDV2-012-P02,4,True,True,False,True,-1.3606334501706496,-0.2084780592129165,0.8810464099032664,-0.6656497977073185,0.18259799281783623,-0.48558329538630074,0.1468279034662016,-0.158961000985734,0.043421215878277075,-0.6994694065628817
H593-78915e402bcb9f1d844cc49f,OUTCOME-0279,4,True,True,False,True,-1.1940692134360722,-0.1331103838622554,0.9060517505146617,-0.49416939983074604,0.42525586410838934,-0.2980175740981985,0.09374760426043616,-0.16347253854936025,0.04592090264521795,-0.6994694065628817
H593-a0c47eb239ac25d662c34c18,OUTCOME-0534,4,False,False,True,False,-1.162817060885514,-0.24331397739488803,1.2350657947304713,-0.39823162333762874,0.6237994916177481,-0.041815203503834164,0.17136230699667207,-0.2228342262187441,0.08532663066337164,-0.6994694065628817
H593-abc0b2f2d75d073d9b32aa3f,OUTCOME-0651,4,False,False,False,False,-1.3349639130480195,-0.05679919390693213,1.0711781685770747,-0.6025995114728228,0.47447194504862494,-0.31407563903861513,0.040002802172135726,-0.19326513563544553,0.06418415593895148,-0.6994694065628817
H593-ad9f49fe8ff6e9e1c8b4c03c,DIFFICULT-0018,4,False,False,False,False,-0.7545605443726732,-0.07034915806348259,0.9602871190530117,-0.043997816173474535,0.9567448706408979,0.1851464564241363,0.04954583435815878,-0.17325784426626667,0.0515830022542281,-0.6994694065628817
H593-baaae79e1a5f7793171f450a,OUTCOME-0529,4,False,True,True,False,-1.0200072130312772,-0.12856109983717007,3.150113449097097,0.12108510797713845,0.13676351256026137,-0.48543351518581324,0.09054361321122277,-0.5683527921554966,0.5550815577610798,-0.6994694065628817
H593-d2bb8fcad397d4f761848233,OUTCOME-0133,4,False,False,False,False,-0.5573814605410119,-0.21405782882335408,0.3570525991093686,0.03458267895888495,0.356675847571996,-0.24932509436126174,0.1507576497273574,-0.06442048673147066,0.007131301633737237,-0.6994694065628817
H593-d2ef20eeb4ce3ad7cf1b74d2,OUTCOME-0661,4,False,True,False,False,-0.3994817169529322,-0.5559428051421077,0.0008617251740907772,0.12245371304897124,-0.30706460444818967,-0.6151474432049396,0.3915420012749109,-0.00015547500643367415,4.153765448703403e-08,-0.6994694065628817
H593-d738b62fe4ce9ca980d24764,OUTCOME-0281,4,False,False,False,False,-0.4719098801564473,-0.8424679421964014,0.12183545382111005,0.0738095227662518,-0.3698667340737753,-0.49715045573901767,0.59333726607581,-0.021981913185573524,0.0008303320074029067,-0.6994694065628817
H593-eaf3edda1f071e309b8a2a43,OUTCOME-0140,4,False,False,False,False,-0.04222891771210757,-0.14339050384691,0.03842109328163845,0.48709085105477384,0.40794089527604444,-0.19739024926923213,0.10098773528634086,-0.006932047368181286,8.257409944548631e-05,-0.6994694065628817
H593-ffb122cdce092c8a0ed03d4b,OUTCOME-0280,4,True,True,False,True,-1.0214784380667339,-0.14918216662276976,0.7684942212141659,-0.3486230463249408,0.45223241321022256,-0.24778842036955556,0.10506671465795064,-0.13865400197177855,0.033035860296931396,-0.6994694065628817
