query_id,original_query_id,fold,component,category,target_in_C128,RAW_correct,original_top_correct,original_positive_SWITCH,original_unified128_diagnostic_rank
H593-0091cc1b5a6f73a4ad8d88ae,OUTCOME-0581,4,fa72f98eeda7c16b4963aa2c9a26bb7b6da07062d61f1935ff18b1204cf99a43,already_correct,True,True,False,False,1
H593-00db0e83284b1620da33639a,NDV2-010-P01,0,5993f2caf420c9a99c193d33f748eea45f5c55ab4832c947913f7c005ada8f7b,already_correct,True,True,False,False,1
H593-00f945a36392a04124513f2c,OUTCOME-0797,3,d03ec6170d58ac2d6198068ac9aa233411e9b70ad6019840f643fdabcc4a9adf,wrong_RAW_and_challenger,True,False,False,False,4
H593-01371ddf81e97f382dca84d8,NDV2-010-P04,0,5993f2caf420c9a99c193d33f748eea45f5c55ab4832c947913f7c005ada8f7b,already_correct,True,True,False,False,1
H593-01539eca5c5afd1c6d5ccda2,OUTCOME-0325,0,27398dad6e577a6cdc7867303a9c586cdf14f835803381e1ac3586b1bec33c43,already_correct,True,True,False,False,1
H593-0188e7f7150a7aaf05c23614,OUTCOME-0760,1,a5cc6cd71cb98a23641d9032f2abdbe55a284b95eedc14e13d1ab9d93b7adc76,already_correct,True,True,False,False,1
H593-02060e3d320616b952a39654,OUTCOME-0727,2,0afd089c456e855f9466067a75179f94b4fb386831d044fd18ff0bcd22e0d3f4,already_correct,True,True,False,False,1
H593-021e62b31ffbd6d351d13e91,OUTCOME-0282,4,c36d84d6c8d54c84a5f0b431f53eb8775569f16793018d5e6c57459cf8e20e49,target_absent,False,False,False,False,
H593-02543adf69ee9391380f4ee6,NDV2-007-P03,0,e5b4f86a4d49af3ede0ecdd200dfae35f36ef1fb29c77d00e2fc254648085e0e,already_correct,True,True,False,False,1
H593-028ab5aaff186d9fc48a7f19,DIFFICULT-0014,4,7309194c945cf747ac938c081c8e1c7587ee93c9427836b98aa713829ad9307b,already_correct,True,False,True,True,1
H593-02ce6b371f2907428fc96ffe,OUTCOME-0624,4,ef7d75f57f11d1174b60813355c0cf7d7dce1009b41f2c7a54cf612906b3dea7,already_correct,True,True,False,False,1
H593-03168677fa508c139372f0ed,OUTCOME-0249,2,4d5d4731b2c45171a86a8690a5b3a1819d26c3dd6226f61b0f9104c2f6f56484,already_correct,True,True,False,False,1
H593-04953480712cfc6b638e8fb2,OUTCOME-0631,4,ef7d75f57f11d1174b60813355c0cf7d7dce1009b41f2c7a54cf612906b3dea7,already_correct,True,True,False,False,1
H593-04bd54f85fedc55966f9ee04,OUTCOME-0813,2,7abc0d7c0e302804a40dcf309dece25b925a424ae8a43fd70cd693d41ebfc54f,already_correct,True,True,False,False,1
H593-0576bfe455276d27cc059542,OUTCOME-0495,2,0748babacede700838aa4a895d8d3238fc567929c58d772ed17e063e9856bb96,already_correct,True,True,False,False,1
H593-059423d2642d803097a5e092,NDV2-003-P04,0,5993f2caf420c9a99c193d33f748eea45f5c55ab4832c947913f7c005ada8f7b,already_correct,True,True,False,False,1
H593-059b70b913c381ca4c02e851,OUTCOME-0002,1,1c37c8c6064f3ee8446595a55b1d8fb0394f2b039c86eb060704e75d998d0d11,already_correct,True,True,False,False,1
H593-05b3ce4ffdc0d30f9d3abac9,OUTCOME-0706,0,86244889a9cf4aa3df9f971885f8dfcec40ce965b829d12b7deb1eb31c2e4e44,already_correct,True,True,False,False,1
H593-064aa36809b4f00051cb821a,OUTCOME-0058,4,caadf690e51b6ae8aa69d3ebfb189f9ae43f3e3bde9aadd83d79e71a9ed27df7,already_correct,True,True,False,False,1
H593-068d4310663d131f8027b587,DIFFICULT-0060,1,f16447b66992689bdb8350dadcb85602511b1bd2c18265a511e90bf7d2910d9c,already_correct,True,True,False,False,1
H593-07197c3f4badd640f6859f5e,OUTCOME-0047,4,caadf690e51b6ae8aa69d3ebfb189f9ae43f3e3bde9aadd83d79e71a9ed27df7,already_correct,True,True,False,False,1
H593-0745854000292039c9c10f33,DIFFICULT-0044,1,a7e2eb3376d106cbd8cfa0ddaf20047219e210af69c8abeada87a180f2a8e2a9,already_correct,True,False,True,True,1
H593-08297e272b0164e6fdd42e9f,DIFFICULT-0050,1,a7e2eb3376d106cbd8cfa0ddaf20047219e210af69c8abeada87a180f2a8e2a9,correct_challenger_still_HOLD,True,False,True,False,2
H593-082cd2a46d9b304893a3587c,OUTCOME-0366,0,f15f4acea549124570f8e5b5e20c5575b2b6e0d49386891fe5a7552afc90436f,already_correct,True,True,False,False,1
H593-0923651f03329ad9587b7927,OUTCOME-0810,2,7abc0d7c0e302804a40dcf309dece25b925a424ae8a43fd70cd693d41ebfc54f,wrong_RAW_and_challenger,True,False,False,False,16
H593-094186f2ba40a8fa08ad355b,OUTCOME-0711,0,86244889a9cf4aa3df9f971885f8dfcec40ce965b829d12b7deb1eb31c2e4e44,already_correct,True,True,False,False,1
H593-097dd2637a0f46ccbfb61ff4,OUTCOME-0254,2,4d5d4731b2c45171a86a8690a5b3a1819d26c3dd6226f61b0f9104c2f6f56484,already_correct,True,True,False,False,1
H593-09ce47090a8b579fa3833638,OUTCOME-0392,0,dabd4e44228b0c3fe4d6e936d82cc48dbee71a26baad248be0f99f22cd2424cf,already_correct,True,True,False,False,1
H593-0a87021a30d8b6a9de32f2b3,OUTCOME-0310,0,69e8433234f6613d539957d8cd900a9503c3e7bceb31e12adec7cfa0adc6368b,already_correct,True,True,False,False,1
H593-0ac0e839567fe775450fa642,OUTCOME-0262,3,d39c757e2a4c76e8e9403fd84708b3c233de7ca0b40197f435ceb3a48272b73f,already_correct,True,True,False,False,1
H593-0c19fd5a9f5839f926c4ae57,OUTCOME-0352,1,f4cb26eef9646d6dfd71a5bdba8092d2e0f934cd5f8e9ffe627d7c9ba8444f36,already_correct,True,True,False,False,1
H593-0c251f2d0b52c9cde036edc1,OUTCOME-0437,1,055e3d0a2ba828c5df95354fc5d80825fa129f679641c7a5ba585b5c8911a1f9,already_correct,True,True,False,False,1
H593-0c93295a4efc661bc7464f47,OUTCOME-0159,3,162fd69cd74c8e3f1f06ce6bb5fec631f657a623f060862dbcc70a39fc026e96,already_correct,True,False,True,True,1
H593-0d8db033f048bf0a40089770,DIFFICULT-0128,2,c04b390c7ae86a0d21958115ce19bd1ed22c76ff1b8fb240f01405c8bf9231ec,already_correct,True,True,False,False,1
H593-0dc7d62664f27ce00d40a1ab,OUTCOME-0471,1,1efff5d5855cab66509977a0b8d496f45b9a66147726f1323cdd42a873075386,already_correct,True,True,False,False,1
H593-0dd4951a9b49124b8f24958f,OUTCOME-0342,0,8ad47f26cd065ca57d3a68d2c5f31cd9eeb977294c710ac87f6e9c84b24866ea,already_correct,True,True,False,False,1
H593-0de8c65af51ef20333889d71,OUTCOME-0253,2,4d5d4731b2c45171a86a8690a5b3a1819d26c3dd6226f61b0f9104c2f6f56484,already_correct,True,True,False,False,1
H593-0e5d73ab749914eaaeb680ae,OUTCOME-0338,0,8ad47f26cd065ca57d3a68d2c5f31cd9eeb977294c710ac87f6e9c84b24866ea,target_absent,False,False,False,False,
H593-0e8e2230acf18be9984a101b,OUTCOME-0332,0,8ad47f26cd065ca57d3a68d2c5f31cd9eeb977294c710ac87f6e9c84b24866ea,already_correct,True,True,False,False,1
H593-0ee088c09f80add39585ed84,OUTCOME-0774,1,2aa1e6c4bb63c1bf91f9200ac8983a2fdb8a3d86fcbc58c5f88c921023045af6,already_correct,True,True,False,False,1
H593-102e05de4bdefbe546c83578,OUTCOME-0406,0,1f59b78808c09c6bf68702306ba72c84cbbb75e1dfc61bab3c7f1b99aee3b17d,target_absent,False,False,False,True,
H593-106aa1a451e3f1c3a21d37fe,OUTCOME-0476,1,1efff5d5855cab66509977a0b8d496f45b9a66147726f1323cdd42a873075386,already_correct,True,False,True,True,1
H593-10e669d82eed33568754dbb1,OUTCOME-0596,4,fa72f98eeda7c16b4963aa2c9a26bb7b6da07062d61f1935ff18b1204cf99a43,already_correct,True,True,False,False,1
H593-118dee9f38aacba8f825b966,OUTCOME-0770,1,2aa1e6c4bb63c1bf91f9200ac8983a2fdb8a3d86fcbc58c5f88c921023045af6,already_correct,True,True,False,False,1
H593-12c93384cd26eac2b57b065b,DIFFICULT-0017,4,7309194c945cf747ac938c081c8e1c7587ee93c9427836b98aa713829ad9307b,already_correct,True,False,True,True,1
H593-135d0a301829fc765ac62aca,OUTCOME-0635,4,ef7d75f57f11d1174b60813355c0cf7d7dce1009b41f2c7a54cf612906b3dea7,already_correct,True,False,True,False,2
H593-13e342e35a49ea7a9a10b5ce,OUTCOME-0687,2,90d7a704ad7bf679580bc4dbadbe13884f491d2e338402f4d4437c2ffd66ab93,already_correct,True,True,False,False,1
H593-14386333d65f4c444d23e372,OUTCOME-0738,2,0afd089c456e855f9466067a75179f94b4fb386831d044fd18ff0bcd22e0d3f4,already_correct,True,True,False,False,1
H593-14742ff288bf8a71f7d5208d,OUTCOME-0046,4,caadf690e51b6ae8aa69d3ebfb189f9ae43f3e3bde9aadd83d79e71a9ed27df7,already_correct,True,True,False,False,1
H593-147ee84e2fed004258fe44bc,OUTCOME-0752,1,a5cc6cd71cb98a23641d9032f2abdbe55a284b95eedc14e13d1ab9d93b7adc76,already_correct,True,True,False,False,1
H593-148a11f5ffffec76fd85b3c8,DIFFICULT-0011,4,7309194c945cf747ac938c081c8e1c7587ee93c9427836b98aa713829ad9307b,wrong_RAW_and_challenger,True,False,False,False,7
H593-14a2dd843bc26150f05949e9,OUTCOME-0593,4,fa72f98eeda7c16b4963aa2c9a26bb7b6da07062d61f1935ff18b1204cf99a43,already_correct,True,True,False,False,1
H593-1533c32a07d745928239de77,OUTCOME-0278,4,c36d84d6c8d54c84a5f0b431f53eb8775569f16793018d5e6c57459cf8e20e49,correct_challenger_still_HOLD,True,False,True,False,2
H593-156bfb4a63653eec1f65ecda,OUTCOME-0245,2,4d5d4731b2c45171a86a8690a5b3a1819d26c3dd6226f61b0f9104c2f6f56484,already_correct,True,True,False,False,1
H593-158f7a5d2bb5969248c9eb5c,OUTCOME-0606,3,c13e6a469d26dd360022a4ba3af2d2bdbb230082c9e605b822c0f5806f9b9bc9,already_correct,True,True,False,False,1
H593-1608d9630ec3a84e25e593bc,OUTCOME-0307,0,69e8433234f6613d539957d8cd900a9503c3e7bceb31e12adec7cfa0adc6368b,already_correct,True,False,True,True,1
H593-163df34acba78d2b4f94a0d0,OUTCOME-0356,1,f4cb26eef9646d6dfd71a5bdba8092d2e0f934cd5f8e9ffe627d7c9ba8444f36,already_correct,True,True,False,False,1
H593-1652082eb7bdd4e18f2fa4e2,DIFFICULT-0097,1,bf0eaa86ddfc9a7fbdb09ac2f6f0fd91e32036da44a8971649ba96ecb8aa1b71,already_correct,True,True,False,False,1
H593-17128afb252013a8b2a0ee5f,OUTCOME-0507,2,5e70e07c018dad8a49c0f98df36183854e1a11398f9835189e1f22ef07f9c615,already_correct,True,True,False,False,1
H593-1720428a3a7802dc9dfc49e4,OUTCOME-0209,3,f90fb756794a5ae5c68d05c56cb486456e64d83f751a66bbf1ddae3fcb43bb13,target_absent,False,False,False,False,
H593-172289962b84290bc00b6b57,OUTCOME-0395,0,dabd4e44228b0c3fe4d6e936d82cc48dbee71a26baad248be0f99f22cd2424cf,already_correct,True,True,False,False,1
H593-174dc7ecf520dfa933141c09,OUTCOME-0676,2,1dc9b4a228de9516b591d58e28a2763e3d2428004318636d1f9e2936718e7999,correct_challenger_still_HOLD,True,False,True,False,2
H593-178d10ad3076a41e89d549dd,NDV2-012-P01,4,f136ca0b9c716fcae1884f370b2cc9c1a38f30e5a477d50097f50ecb3c76d60b,already_correct,True,True,False,False,1
H593-17e5724183278e475c4a304d,OUTCOME-0809,2,7abc0d7c0e302804a40dcf309dece25b925a424ae8a43fd70cd693d41ebfc54f,already_correct,True,False,True,False,2
H593-19cc2c81ca081e39a7d72b99,OUTCOME-0811,2,7abc0d7c0e302804a40dcf309dece25b925a424ae8a43fd70cd693d41ebfc54f,wrong_RAW_and_challenger,True,False,False,False,12
H593-1a93fb96ae91549c4629e69e,OUTCOME-0303,0,69e8433234f6613d539957d8cd900a9503c3e7bceb31e12adec7cfa0adc6368b,already_correct,True,True,False,False,1
H593-1ab5d06d095c1ab6749b227c,OUTCOME-0398,0,dabd4e44228b0c3fe4d6e936d82cc48dbee71a26baad248be0f99f22cd2424cf,already_correct,True,True,False,False,1
H593-1aee8f8c27c19ea85c3d7d4b,OUTCOME-0756,1,a5cc6cd71cb98a23641d9032f2abdbe55a284b95eedc14e13d1ab9d93b7adc76,already_correct,True,True,False,False,1
H593-1af45e7f0d56a52adeb60b07,OUTCOME-0407,0,1f59b78808c09c6bf68702306ba72c84cbbb75e1dfc61bab3c7f1b99aee3b17d,locked_wrong_SWITCH,True,False,False,True,2
H593-1b38ef6880169a631e184725,OUTCOME-0707,0,86244889a9cf4aa3df9f971885f8dfcec40ce965b829d12b7deb1eb31c2e4e44,already_correct,True,True,False,False,1
H593-1bab76bb2cce8605543067d4,OUTCOME-0410,0,1f59b78808c09c6bf68702306ba72c84cbbb75e1dfc61bab3c7f1b99aee3b17d,already_correct,True,True,False,False,1
H593-1bdb2bfae2aae669afa4627f,OUTCOME-0408,0,1f59b78808c09c6bf68702306ba72c84cbbb75e1dfc61bab3c7f1b99aee3b17d,already_correct,True,True,False,False,1
H593-1bef63e477961c10e0077a91,OUTCOME-0588,4,fa72f98eeda7c16b4963aa2c9a26bb7b6da07062d61f1935ff18b1204cf99a43,correct_challenger_still_HOLD,True,False,True,False,2
H593-1c5e61610edb8626ae77f9f6,OUTCOME-0502,2,0748babacede700838aa4a895d8d3238fc567929c58d772ed17e063e9856bb96,already_correct,True,True,False,False,1
H593-1cf0eabcc44cfc60588f292c,OUTCOME-0732,2,0afd089c456e855f9466067a75179f94b4fb386831d044fd18ff0bcd22e0d3f4,already_correct,True,True,False,False,1
H593-1dd405f920b439879fc89b2c,OUTCOME-0346,1,f4cb26eef9646d6dfd71a5bdba8092d2e0f934cd5f8e9ffe627d7c9ba8444f36,already_correct,True,True,False,False,1
H593-1e1593a08e4ed18acf833796,OUTCOME-0493,2,0748babacede700838aa4a895d8d3238fc567929c58d772ed17e063e9856bb96,already_correct,True,True,False,False,1
H593-1e203e93f22affa5c8c93e7b,OUTCOME-0468,1,1efff5d5855cab66509977a0b8d496f45b9a66147726f1323cdd42a873075386,locked_wrong_SWITCH,True,False,False,True,2
H593-1e69202f59c1e38274747acc,OUTCOME-0134,4,5e1903b41967d7091402cde6aa7a4b83e5df5f58a2bef1439e218f802ca6cf53,locked_wrong_SWITCH,True,False,False,True,3
H593-1ef966932ba70ca899b49b6f,OUTCOME-0322,0,27398dad6e577a6cdc7867303a9c586cdf14f835803381e1ac3586b1bec33c43,already_correct,True,True,False,False,1
H593-1f65d77d8ddd265c0d00b1f2,OUTCOME-0053,4,caadf690e51b6ae8aa69d3ebfb189f9ae43f3e3bde9aadd83d79e71a9ed27df7,already_correct,True,True,False,False,1
H593-1fb1391bf43d4e4f4cfc1fa5,OUTCOME-0765,1,2aa1e6c4bb63c1bf91f9200ac8983a2fdb8a3d86fcbc58c5f88c921023045af6,already_correct,True,True,False,False,1
H593-202d17a8fea9c8283f65d42d,OUTCOME-0378,3,4a5e078a9d0335a17e0b19c90cc91b4eaf583fcc72663cf7441019d2f00d652a,already_correct,True,False,True,True,1
H593-20c36189f2e4e46a9590ae78,OUTCOME-0728,2,0afd089c456e855f9466067a75179f94b4fb386831d044fd18ff0bcd22e0d3f4,already_correct,True,True,False,False,1
H593-20fdadbf18ce1e0e1a0746a9,OUTCOME-0334,0,8ad47f26cd065ca57d3a68d2c5f31cd9eeb977294c710ac87f6e9c84b24866ea,locked_wrong_SWITCH,True,True,False,True,4
H593-2226b02dfbc9f44bb2cdb71c,OUTCOME-0688,2,90d7a704ad7bf679580bc4dbadbe13884f491d2e338402f4d4437c2ffd66ab93,already_correct,True,True,False,False,1
H593-22df23c2ff5577aea691a22b,OUTCOME-0174,3,162fd69cd74c8e3f1f06ce6bb5fec631f657a623f060862dbcc70a39fc026e96,already_correct,True,True,False,False,1
H593-24402f98b4c6d27775ea51b8,OUTCOME-0050,4,caadf690e51b6ae8aa69d3ebfb189f9ae43f3e3bde9aadd83d79e71a9ed27df7,already_correct,True,True,False,False,1
H593-2446df0fcadbf0831876d7dc,OUTCOME-0403,0,dabd4e44228b0c3fe4d6e936d82cc48dbee71a26baad248be0f99f22cd2424cf,already_correct,True,True,False,False,1
H593-2494f10623fb760ff3b647d7,OUTCOME-0710,0,86244889a9cf4aa3df9f971885f8dfcec40ce965b829d12b7deb1eb31c2e4e44,already_correct,True,True,False,False,1
H593-257581a6d8113bc829cc4f7d,OUTCOME-0339,0,8ad47f26cd065ca57d3a68d2c5f31cd9eeb977294c710ac87f6e9c84b24866ea,already_correct,True,True,False,False,1
H593-25bb54d111079fe02df38114,OUTCOME-0735,2,0afd089c456e855f9466067a75179f94b4fb386831d044fd18ff0bcd22e0d3f4,already_correct,True,True,False,False,1
H593-264b94be0b6f4ab3ec07cfb5,OUTCOME-0817,2,7abc0d7c0e302804a40dcf309dece25b925a424ae8a43fd70cd693d41ebfc54f,already_correct,True,True,False,False,1
H593-272a6668246b45626dea5ed4,DIFFICULT-0002,3,ff5ec2587aa3b0cdf9f678e20f8a78ed21590c17b5931d4adc290fe15bf09b84,already_correct,True,True,False,False,1
H593-276677dccfa68da5f45534b2,OUTCOME-0807,3,d03ec6170d58ac2d6198068ac9aa233411e9b70ad6019840f643fdabcc4a9adf,target_absent,False,False,False,False,
H593-2799023fa51eeb3333651a78,OUTCOME-0302,0,69e8433234f6613d539957d8cd900a9503c3e7bceb31e12adec7cfa0adc6368b,already_correct,True,True,False,False,1
H593-27e35a9cbecb2ef6b0c1fc10,OUTCOME-0486,1,c88cdb15edcd25a88595edf90f1fc3fef1e374c4e494fb4a4e8accfe55137d0a,already_correct,True,True,False,False,1
H593-2822f2513c87ee22a59ce51b,OUTCOME-0267,3,d39c757e2a4c76e8e9403fd84708b3c233de7ca0b40197f435ceb3a48272b73f,already_correct,True,True,False,False,1
H593-2848a70ea80c7f1dc1cfd651,OUTCOME-0048,4,caadf690e51b6ae8aa69d3ebfb189f9ae43f3e3bde9aadd83d79e71a9ed27df7,already_correct,True,True,False,False,1
H593-297ba148574e09f5723aa6b7,OUTCOME-0755,1,a5cc6cd71cb98a23641d9032f2abdbe55a284b95eedc14e13d1ab9d93b7adc76,wrong_RAW_and_challenger,True,False,False,False,3
H593-29b067277aef7b28b3547a97,OUTCOME-0720,2,d3d9e86636e760b3c7ab9d0366cce29c32d905942a4e7efc24b4feb559ccafdb,already_correct,True,True,False,False,1
H593-29d505a42ed3f7b9bb256b2b,OUTCOME-0670,4,e54a0a27f9b030e92d3186f1b9feb159b51d71cced53115c3612eb3000f84093,already_correct,True,True,False,False,1
H593-2a09bc7ee67cc38fba44400e,OUTCOME-0311,0,69e8433234f6613d539957d8cd900a9503c3e7bceb31e12adec7cfa0adc6368b,already_correct,True,True,False,False,1
H593-2acfe07e77226545b2ae0e10,OUTCOME-0348,1,f4cb26eef9646d6dfd71a5bdba8092d2e0f934cd5f8e9ffe627d7c9ba8444f36,wrong_RAW_and_challenger,True,False,False,False,5
H593-2ad687a1c029e9f33146503b,DIFFICULT-0100,0,dca95ffa60d30d6597de3bfed4a27b53d657ea2e90a8d6ee6aa513316eee9848,already_correct,True,False,True,False,2
H593-2b13d777bd87f808044a7852,OUTCOME-0276,4,c36d84d6c8d54c84a5f0b431f53eb8775569f16793018d5e6c57459cf8e20e49,already_correct,True,True,False,False,1
H593-2b74b8c201be8b599627fefc,OUTCOME-0198,3,f90fb756794a5ae5c68d05c56cb486456e64d83f751a66bbf1ddae3fcb43bb13,target_absent,False,False,False,False,
H593-2bae4a6fe6f937a87545fde2,OUTCOME-0725,2,d3d9e86636e760b3c7ab9d0366cce29c32d905942a4e7efc24b4feb559ccafdb,already_correct,True,True,False,False,1
H593-2bcc3d446a9293adfd81509f,OUTCOME-0072,3,3cce9049697a8e2b65ce5904772f00a613b585ff8ca6e50e5a9c4c63a4391645,already_correct,True,True,False,False,1
H593-2c2942af21039bf61875bcba,OUTCOME-0465,1,1efff5d5855cab66509977a0b8d496f45b9a66147726f1323cdd42a873075386,target_absent,False,False,False,False,
H593-2d0dc828facf9c0c8e44c960,OUTCOME-0600,3,c13e6a469d26dd360022a4ba3af2d2bdbb230082c9e605b822c0f5806f9b9bc9,already_correct,True,False,True,True,1
H593-2e44547e6a7fb1f39cc27d3a,OUTCOME-0264,3,d39c757e2a4c76e8e9403fd84708b3c233de7ca0b40197f435ceb3a48272b73f,already_correct,True,True,False,False,1
H593-2e5153cd0e9bd1dddbb75dea,OUTCOME-0138,4,5e1903b41967d7091402cde6aa7a4b83e5df5f58a2bef1439e218f802ca6cf53,locked_wrong_SWITCH,True,False,False,True,3
H593-2e843bf03a9cb860ec035d26,OUTCOME-0709,0,86244889a9cf4aa3df9f971885f8dfcec40ce965b829d12b7deb1eb31c2e4e44,already_correct,True,True,False,False,1
H593-2e8ca9e124da2d21f42ee190,OUTCOME-0719,2,d3d9e86636e760b3c7ab9d0366cce29c32d905942a4e7efc24b4feb559ccafdb,already_correct,True,True,False,False,1
H593-2ecb07df64c211f4edf1e8d3,OUTCOME-0693,2,90d7a704ad7bf679580bc4dbadbe13884f491d2e338402f4d4437c2ffd66ab93,already_correct,True,True,False,False,1
H593-2f5a93c328b7e7c9e25412f0,DIFFICULT-0013,4,7309194c945cf747ac938c081c8e1c7587ee93c9427836b98aa713829ad9307b,already_correct,True,False,True,True,1
H593-2fa24ad21b4ed56f150b2b7a,OUTCOME-0166,3,162fd69cd74c8e3f1f06ce6bb5fec631f657a623f060862dbcc70a39fc026e96,already_correct,True,True,False,False,1
H593-30656f17b4be13cde8124a15,OUTCOME-0537,4,67c564121b4c0847db261d818757e131684626ea0db83097a0e9610c7cf03222,already_correct,True,False,True,True,1
H593-30d56e7ebdd8d445dd0c0837,OUTCOME-0329,0,8ad47f26cd065ca57d3a68d2c5f31cd9eeb977294c710ac87f6e9c84b24866ea,already_correct,True,True,False,False,1
H593-30df437866a92249e15d556f,OUTCOME-0336,0,8ad47f26cd065ca57d3a68d2c5f31cd9eeb977294c710ac87f6e9c84b24866ea,already_correct,True,True,False,False,1
H593-3138eb9150d5fc2ff0b21e85,NDV2-002-P01,0,5993f2caf420c9a99c193d33f748eea45f5c55ab4832c947913f7c005ada8f7b,already_correct,True,True,False,False,1
H593-315859149cbadcf0a035cb5b,OUTCOME-0335,0,8ad47f26cd065ca57d3a68d2c5f31cd9eeb977294c710ac87f6e9c84b24866ea,already_correct,True,True,False,False,1
H593-31a7078fc5358b3fbdc70c42,OUTCOME-0754,1,a5cc6cd71cb98a23641d9032f2abdbe55a284b95eedc14e13d1ab9d93b7adc76,already_correct,True,True,False,False,1
H593-31aaa7c97fbc81e06383e85f,OUTCOME-0705,0,86244889a9cf4aa3df9f971885f8dfcec40ce965b829d12b7deb1eb31c2e4e44,already_correct,True,True,False,False,1
H593-31b015a7052d7ca5255413c3,OUTCOME-0208,3,f90fb756794a5ae5c68d05c56cb486456e64d83f751a66bbf1ddae3fcb43bb13,target_absent,False,False,False,True,
H593-3202e8cf83300e822008d3d1,OUTCOME-0269,4,c36d84d6c8d54c84a5f0b431f53eb8775569f16793018d5e6c57459cf8e20e49,already_correct,True,True,False,False,1
H593-327f0627e7abd208ae771d92,NDV2-010-P02,0,5993f2caf420c9a99c193d33f748eea45f5c55ab4832c947913f7c005ada8f7b,already_correct,True,True,False,False,1
H593-3344b63a711a49110a6e1d06,OUTCOME-0669,4,e54a0a27f9b030e92d3186f1b9feb159b51d71cced53115c3612eb3000f84093,already_correct,True,True,False,False,1
H593-335401c2797674933672eb63,OUTCOME-0257,2,4d5d4731b2c45171a86a8690a5b3a1819d26c3dd6226f61b0f9104c2f6f56484,already_correct,True,True,False,False,1
H593-3378917e44506cb2c9f3e74d,OUTCOME-0109,3,c7abd98eade15d0ac417dcdde657be6a64e3cb837a808045d084fee49bf7d2a4,already_correct,True,True,False,False,1
H593-339a688dea829493403d97e9,OUTCOME-0152,1,da19e4e6b83d15ea83c05ab2e67a7e30bde059231ecd7dfb7f93382fc5e60b98,already_correct,True,False,True,True,1
H593-33b3b0aa0a8612273130dcd4,NDV2-011-P02,4,f136ca0b9c716fcae1884f370b2cc9c1a38f30e5a477d50097f50ecb3c76d60b,already_correct,True,True,False,False,1
H593-33f89c84ccc65e07b73a31cb,OUTCOME-0650,4,48c57d44808de17cdd8b52db0f71a5a8fbbf9d2f4ab10a1751ec128aed4a3ff5,already_correct,True,True,False,False,1
H593-340a6e18c21c149dc46968d4,OUTCOME-0380,3,4a5e078a9d0335a17e0b19c90cc91b4eaf583fcc72663cf7441019d2f00d652a,already_correct,True,True,False,False,1
H593-34133bc85696e399819d4944,DIFFICULT-0095,1,bf0eaa86ddfc9a7fbdb09ac2f6f0fd91e32036da44a8971649ba96ecb8aa1b71,already_correct,True,True,False,False,1
H593-3414eabf1d60f67a6dba89f1,OUTCOME-0531,4,67c564121b4c0847db261d818757e131684626ea0db83097a0e9610c7cf03222,wrong_RAW_and_challenger,True,False,False,False,8
H593-343c0fdac394c330c78c814c,OUTCOME-0098,3,c7abd98eade15d0ac417dcdde657be6a64e3cb837a808045d084fee49bf7d2a4,already_correct,True,False,True,False,2
H593-3450f0a1d858a2df9e5e9058,OUTCOME-0714,0,86244889a9cf4aa3df9f971885f8dfcec40ce965b829d12b7deb1eb31c2e4e44,already_correct,True,True,False,False,1
H593-34d45edf8c0dc44243949bd9,OUTCOME-0163,3,162fd69cd74c8e3f1f06ce6bb5fec631f657a623f060862dbcc70a39fc026e96,already_correct,True,True,False,False,1
H593-35070730f195ea5ef15d78a4,OUTCOME-0103,3,c7abd98eade15d0ac417dcdde657be6a64e3cb837a808045d084fee49bf7d2a4,already_correct,True,True,False,False,1
H593-35b1f3a33258743e93f63965,OUTCOME-0718,2,d3d9e86636e760b3c7ab9d0366cce29c32d905942a4e7efc24b4feb559ccafdb,already_correct,True,True,False,False,1
H593-35e2c26e209782269ad40fed,OUTCOME-0052,4,caadf690e51b6ae8aa69d3ebfb189f9ae43f3e3bde9aadd83d79e71a9ed27df7,already_correct,True,True,False,False,1
H593-36177667d1799f89d767d878,OUTCOME-0337,0,8ad47f26cd065ca57d3a68d2c5f31cd9eeb977294c710ac87f6e9c84b24866ea,locked_wrong_SWITCH,True,True,False,True,2
H593-3692187ae0c3b3b59b4c632b,OUTCOME-0100,3,c7abd98eade15d0ac417dcdde657be6a64e3cb837a808045d084fee49bf7d2a4,target_absent,False,False,False,False,
H593-36d9c0f4cf68321ee5636b42,OUTCOME-0252,2,4d5d4731b2c45171a86a8690a5b3a1819d26c3dd6226f61b0f9104c2f6f56484,already_correct,True,False,True,True,1
H593-36f0d9d88cf08e835a02f26d,NDV2-002-P04,0,5993f2caf420c9a99c193d33f748eea45f5c55ab4832c947913f7c005ada8f7b,already_correct,True,True,False,False,1
H593-379bc58daa6ab14d6b6ca05b,OUTCOME-0498,2,0748babacede700838aa4a895d8d3238fc567929c58d772ed17e063e9856bb96,already_correct,True,True,False,False,1
H593-37c29058d6ea3f6600852bd1,DIFFICULT-0023,3,876e9a6c8b596c741810be05ef83bc4037f224102f15277c78e9afa9a641a3ab,already_correct,True,False,True,True,1
H593-381647ec4c00fbc41b7f9a82,OUTCOME-0442,1,055e3d0a2ba828c5df95354fc5d80825fa129f679641c7a5ba585b5c8911a1f9,already_correct,True,True,False,False,1
H593-381b6429e5e3137c9e41b0d5,DIFFICULT-0015,4,7309194c945cf747ac938c081c8e1c7587ee93c9427836b98aa713829ad9307b,already_correct,True,False,True,True,1
H593-3871dee39d9099c42505f688,OUTCOME-0793,3,d03ec6170d58ac2d6198068ac9aa233411e9b70ad6019840f643fdabcc4a9adf,already_correct,True,True,False,False,1
H593-3893e4ce6f5507593e0f76e9,DIFFICULT-0064,1,f16447b66992689bdb8350dadcb85602511b1bd2c18265a511e90bf7d2910d9c,already_correct,True,True,False,False,1
H593-38b8b30a470de2510a233942,OUTCOME-0045,4,caadf690e51b6ae8aa69d3ebfb189f9ae43f3e3bde9aadd83d79e71a9ed27df7,already_correct,True,True,False,False,1
H593-3907fe8991331013322a278a,OUTCOME-0240,2,4d5d4731b2c45171a86a8690a5b3a1819d26c3dd6226f61b0f9104c2f6f56484,already_correct,True,True,False,False,1
H593-3919c7418b8dc52330d7b0cd,DIFFICULT-0026,3,876e9a6c8b596c741810be05ef83bc4037f224102f15277c78e9afa9a641a3ab,already_correct,True,True,False,False,1
H593-3937b8534db594248fbab03f,OUTCOME-0747,3,30a739efc9fa2fbc6556b4a23a5b909fd205591b6158bb099a4dd09818a8f35e,wrong_RAW_and_challenger,True,False,False,False,3
H593-3a88599950984808ec05d372,OUTCOME-0015,1,1c37c8c6064f3ee8446595a55b1d8fb0394f2b039c86eb060704e75d998d0d11,already_correct,True,False,True,True,1
H593-3a8e211c97e4e3dda358a315,OUTCOME-0484,1,c88cdb15edcd25a88595edf90f1fc3fef1e374c4e494fb4a4e8accfe55137d0a,already_correct,True,True,False,False,1
H593-3b68986a5abcc6bf1b6ba1b9,OUTCOME-0204,3,f90fb756794a5ae5c68d05c56cb486456e64d83f751a66bbf1ddae3fcb43bb13,already_correct,True,True,False,False,1
H593-3bd92d539d92b456362d66d2,OUTCOME-0796,3,d03ec6170d58ac2d6198068ac9aa233411e9b70ad6019840f643fdabcc4a9adf,already_correct,True,True,False,False,1
H593-3c05a04b6502fb7cd73c680e,OUTCOME-0480,1,c88cdb15edcd25a88595edf90f1fc3fef1e374c4e494fb4a4e8accfe55137d0a,already_correct,True,True,False,False,1
H593-3c3b32e44f324367dbd542c8,OUTCOME-0470,1,1efff5d5855cab66509977a0b8d496f45b9a66147726f1323cdd42a873075386,already_correct,True,True,False,False,1
H593-3c6e9826d4aaa5c8c18ee68d,OUTCOME-0271,4,c36d84d6c8d54c84a5f0b431f53eb8775569f16793018d5e6c57459cf8e20e49,correct_challenger_still_HOLD,True,False,True,False,2
H593-3c7deb83919ca9175820857d,DIFFICULT-0016,4,7309194c945cf747ac938c081c8e1c7587ee93c9427836b98aa713829ad9307b,already_correct,True,False,True,True,1
H593-3da112eebd7cc0e1a48f3fbd,OUTCOME-0243,2,4d5d4731b2c45171a86a8690a5b3a1819d26c3dd6226f61b0f9104c2f6f56484,already_correct,True,True,False,False,1
H593-3e371fe7d77d82719a05830d,OUTCOME-0769,1,2aa1e6c4bb63c1bf91f9200ac8983a2fdb8a3d86fcbc58c5f88c921023045af6,already_correct,True,False,True,False,2
H593-3ebd3543a8da2ab12dd9b943,OUTCOME-0515,2,5e70e07c018dad8a49c0f98df36183854e1a11398f9835189e1f22ef07f9c615,already_correct,True,True,False,False,1
H593-3f7b7d3d52a024fd546a40d6,OUTCOME-0260,3,d39c757e2a4c76e8e9403fd84708b3c233de7ca0b40197f435ceb3a48272b73f,already_correct,True,True,False,False,1
H593-42420c983790bf340313f47b,NDV2-002-P02,0,5993f2caf420c9a99c193d33f748eea45f5c55ab4832c947913f7c005ada8f7b,already_correct,True,True,False,False,1
H593-42c4620dc4ec12b555d472a7,NDV2-010-P03,0,5993f2caf420c9a99c193d33f748eea45f5c55ab4832c947913f7c005ada8f7b,already_correct,True,True,False,False,1
H593-4324194c82636eb2bd4e0523,OUTCOME-0462,1,1efff5d5855cab66509977a0b8d496f45b9a66147726f1323cdd42a873075386,already_correct,True,False,True,True,1
H593-439c6d740783fc06dffdae7a,OUTCOME-0802,3,d03ec6170d58ac2d6198068ac9aa233411e9b70ad6019840f643fdabcc4a9adf,already_correct,True,True,False,False,1
H593-4465eb39dafa16f3ace74e3b,OUTCOME-0467,1,1efff5d5855cab66509977a0b8d496f45b9a66147726f1323cdd42a873075386,already_correct,True,False,True,True,1
H593-4504245768770ed0279a4124,OUTCOME-0605,3,c13e6a469d26dd360022a4ba3af2d2bdbb230082c9e605b822c0f5806f9b9bc9,already_correct,True,False,True,True,1
H593-455aee3db8f97d77c87d9bcc,DIFFICULT-0025,3,876e9a6c8b596c741810be05ef83bc4037f224102f15277c78e9afa9a641a3ab,already_correct,True,True,False,False,1
H593-45a4b48fd7d584ff912c32cd,OUTCOME-0805,3,d03ec6170d58ac2d6198068ac9aa233411e9b70ad6019840f643fdabcc4a9adf,already_correct,True,True,False,False,1
H593-45b44a0e21c38fc764d3bda3,OUTCOME-0180,0,90ac003cd2a364358615609849057610d2455409fc699f86928b73f0f88a0f8c,already_correct,True,True,False,False,1
H593-46428f82969f19c1f035978b,OUTCOME-0762,1,a5cc6cd71cb98a23641d9032f2abdbe55a284b95eedc14e13d1ab9d93b7adc76,already_correct,True,True,False,False,1
H593-46bebd9352f2e631d6c557fa,OUTCOME-0638,4,ef7d75f57f11d1174b60813355c0cf7d7dce1009b41f2c7a54cf612906b3dea7,wrong_RAW_and_challenger,True,False,False,False,19
H593-46eb5bc0f271f7e1fa17423b,OUTCOME-0535,4,67c564121b4c0847db261d818757e131684626ea0db83097a0e9610c7cf03222,already_correct,True,True,False,False,1
H593-471a2fedf467917f9dc0140d,OUTCOME-0500,2,0748babacede700838aa4a895d8d3238fc567929c58d772ed17e063e9856bb96,already_correct,True,True,False,False,1
H593-47f8fff9a6390d11ea60c3c3,OUTCOME-0536,4,67c564121b4c0847db261d818757e131684626ea0db83097a0e9610c7cf03222,correct_challenger_still_HOLD,True,False,True,False,2
H593-490d4ed0a2cc29258e504a6a,OUTCOME-0469,1,1efff5d5855cab66509977a0b8d496f45b9a66147726f1323cdd42a873075386,already_correct,True,False,True,True,1
H593-497c8c89496ddb929f1943e7,DIFFICULT-0020,3,876e9a6c8b596c741810be05ef83bc4037f224102f15277c78e9afa9a641a3ab,already_correct,True,True,False,False,1
H593-497d7b354503fb6abfe8e638,OUTCOME-0799,3,d03ec6170d58ac2d6198068ac9aa233411e9b70ad6019840f643fdabcc4a9adf,already_correct,True,True,False,False,1
H593-49e398ee5fa1770f2f4b4804,OUTCOME-0399,0,dabd4e44228b0c3fe4d6e936d82cc48dbee71a26baad248be0f99f22cd2424cf,already_correct,True,True,False,False,1
H593-49f22736fa0dc6e88308fe6e,OUTCOME-0792,2,b769c5976cb5ff7ce3b894e9be1b36db00c2256a127a7bbb82bac0dfb917368d,already_correct,True,True,False,False,1
H593-49f8cacecc7b076432f500a5,OUTCOME-0241,2,4d5d4731b2c45171a86a8690a5b3a1819d26c3dd6226f61b0f9104c2f6f56484,already_correct,True,True,False,False,1
H593-4a5e17cb5c478c7f39d47e05,OUTCOME-0696,2,90d7a704ad7bf679580bc4dbadbe13884f491d2e338402f4d4437c2ffd66ab93,already_correct,True,True,False,False,1
H593-4a83dc5dd057d6229c12ae0e,OUTCOME-0806,3,d03ec6170d58ac2d6198068ac9aa233411e9b70ad6019840f643fdabcc4a9adf,already_correct,True,True,False,False,1
H593-4b21f0164b2aae1b748917d5,OUTCOME-0266,3,d39c757e2a4c76e8e9403fd84708b3c233de7ca0b40197f435ceb3a48272b73f,already_correct,True,True,False,False,1
H593-4b694eed8bda537b0b21e8ff,OUTCOME-0150,1,da19e4e6b83d15ea83c05ab2e67a7e30bde059231ecd7dfb7f93382fc5e60b98,correct_challenger_still_HOLD,True,False,True,False,2
H593-4b6d56a0f3762d25fcace38a,OUTCOME-0657,4,48c57d44808de17cdd8b52db0f71a5a8fbbf9d2f4ab10a1751ec128aed4a3ff5,already_correct,True,False,True,True,1
H593-4b977198186c9a205795518f,OUTCOME-0446,1,055e3d0a2ba828c5df95354fc5d80825fa129f679641c7a5ba585b5c8911a1f9,correct_challenger_still_HOLD,True,False,True,False,2
H593-4b9c8b2d75262b752ef8d7bd,OUTCOME-0247,2,4d5d4731b2c45171a86a8690a5b3a1819d26c3dd6226f61b0f9104c2f6f56484,already_correct,True,True,False,False,1
H593-4c47eaead5712c9295001ec4,OUTCOME-0164,3,162fd69cd74c8e3f1f06ce6bb5fec631f657a623f060862dbcc70a39fc026e96,already_correct,True,True,False,False,1
H593-4c7da12e23a000c6fce488e2,OUTCOME-0447,1,055e3d0a2ba828c5df95354fc5d80825fa129f679641c7a5ba585b5c8911a1f9,already_correct,True,True,False,False,1
H593-4c89e7fdea0f3bfc34d4091a,OUTCOME-0143,1,da19e4e6b83d15ea83c05ab2e67a7e30bde059231ecd7dfb7f93382fc5e60b98,already_correct,True,False,True,True,1
H593-4c8af79cf3ec012acced486e,OUTCOME-0044,4,caadf690e51b6ae8aa69d3ebfb189f9ae43f3e3bde9aadd83d79e71a9ed27df7,already_correct,True,True,False,False,1
H593-4c9f0e3ae6ac7d842dede29d,OUTCOME-0284,4,c36d84d6c8d54c84a5f0b431f53eb8775569f16793018d5e6c57459cf8e20e49,already_correct,True,True,False,False,1
H593-4cdc50b55891617da26d2e7a,OUTCOME-0726,2,d3d9e86636e760b3c7ab9d0366cce29c32d905942a4e7efc24b4feb559ccafdb,already_correct,True,True,False,False,1
H593-4e4f8bc110d32982909421ec,DIFFICULT-0021,3,876e9a6c8b596c741810be05ef83bc4037f224102f15277c78e9afa9a641a3ab,already_correct,True,True,False,False,1
H593-4e6b9dc0dba15fcec5bea111,OUTCOME-0130,4,5e1903b41967d7091402cde6aa7a4b83e5df5f58a2bef1439e218f802ca6cf53,already_correct,True,True,False,False,1
H593-4edbbd8a5f9a75ce2559d49d,OUTCOME-0316,0,69e8433234f6613d539957d8cd900a9503c3e7bceb31e12adec7cfa0adc6368b,already_correct,True,False,True,True,1
H593-4ef2d085267e3a655f22c017,OUTCOME-0319,0,27398dad6e577a6cdc7867303a9c586cdf14f835803381e1ac3586b1bec33c43,already_correct,True,True,False,False,1
H593-500972ee89029bc55f7ce4da,DIFFICULT-0022,3,876e9a6c8b596c741810be05ef83bc4037f224102f15277c78e9afa9a641a3ab,already_correct,True,True,False,False,1
H593-5013811bdfa12b1550e11683,OUTCOME-0436,1,055e3d0a2ba828c5df95354fc5d80825fa129f679641c7a5ba585b5c8911a1f9,already_correct,True,False,True,True,1
H593-50257d3fc942087a47f7ed9b,DIFFICULT-0059,1,f16447b66992689bdb8350dadcb85602511b1bd2c18265a511e90bf7d2910d9c,already_correct,True,True,False,False,1
H593-505241b0686c5828ac2cea63,OUTCOME-0261,3,d39c757e2a4c76e8e9403fd84708b3c233de7ca0b40197f435ceb3a48272b73f,already_correct,True,True,False,False,1
H593-506fbf0965ee584fadc5f5d1,OUTCOME-0489,2,0748babacede700838aa4a895d8d3238fc567929c58d772ed17e063e9856bb96,already_correct,True,True,False,False,1
H593-50e98a4949f2bb0bae2a8cc5,OUTCOME-0350,1,f4cb26eef9646d6dfd71a5bdba8092d2e0f934cd5f8e9ffe627d7c9ba8444f36,already_correct,True,True,False,False,1
H593-5143094db93c7c74aac3b66d,DIFFICULT-0093,1,bf0eaa86ddfc9a7fbdb09ac2f6f0fd91e32036da44a8971649ba96ecb8aa1b71,already_correct,True,True,False,False,1
H593-514ffff2eed103b274b1a789,OUTCOME-0273,4,c36d84d6c8d54c84a5f0b431f53eb8775569f16793018d5e6c57459cf8e20e49,target_absent,False,False,False,True,
H593-51f9fd7fedf15c7a3386049d,OUTCOME-0683,2,1dc9b4a228de9516b591d58e28a2763e3d2428004318636d1f9e2936718e7999,already_correct,True,True,False,False,1
H593-5215365f1c24c67d099c6773,OUTCOME-0349,1,f4cb26eef9646d6dfd71a5bdba8092d2e0f934cd5f8e9ffe627d7c9ba8444f36,already_correct,True,True,False,False,1
H593-526854f7b33d3ad6e1521409,OUTCOME-0441,1,055e3d0a2ba828c5df95354fc5d80825fa129f679641c7a5ba585b5c8911a1f9,locked_wrong_SWITCH,True,False,False,True,3
H593-5332c0cc3d7929c09d5c01f3,DIFFICULT-0035,2,da3eaa29e19bcc9bd6181db13c258df73a34d84bc20cb67ca147824a6fc4abe5,already_correct,True,True,False,False,1
H593-53e0bb3f0f95aa31e37ff328,OUTCOME-0320,0,27398dad6e577a6cdc7867303a9c586cdf14f835803381e1ac3586b1bec33c43,already_correct,True,True,False,False,1
H593-53f1fabaea0e77a8ad271caf,OUTCOME-0812,2,7abc0d7c0e302804a40dcf309dece25b925a424ae8a43fd70cd693d41ebfc54f,correct_challenger_still_HOLD,True,False,True,False,2
H593-542a9d20e3accf68eed2f111,DIFFICULT-0051,1,f16447b66992689bdb8350dadcb85602511b1bd2c18265a511e90bf7d2910d9c,already_correct,True,True,False,False,1
H593-55896fed273be6f353312f56,OUTCOME-0737,2,0afd089c456e855f9466067a75179f94b4fb386831d044fd18ff0bcd22e0d3f4,already_correct,True,True,False,False,1
H593-55ba8ad94b75fd7b8b1484d7,OUTCOME-0768,1,2aa1e6c4bb63c1bf91f9200ac8983a2fdb8a3d86fcbc58c5f88c921023045af6,already_correct,True,True,False,False,1
H593-55dca419c3a60e609c284564,OUTCOME-0701,2,90d7a704ad7bf679580bc4dbadbe13884f491d2e338402f4d4437c2ffd66ab93,already_correct,True,True,False,False,1
H593-56dd45ec2e7deff86e812509,OUTCOME-0771,1,2aa1e6c4bb63c1bf91f9200ac8983a2fdb8a3d86fcbc58c5f88c921023045af6,already_correct,True,True,False,False,1
H593-56ea0b6924407c2819a6f9f9,OUTCOME-0814,2,7abc0d7c0e302804a40dcf309dece25b925a424ae8a43fd70cd693d41ebfc54f,wrong_RAW_and_challenger,True,False,False,False,13
H593-575d6db6bfc93ebe863516ea,OUTCOME-0343,0,8ad47f26cd065ca57d3a68d2c5f31cd9eeb977294c710ac87f6e9c84b24866ea,already_correct,True,True,False,False,1
H593-57dba7774ff1e1399e0d181e,OUTCOME-0197,3,f90fb756794a5ae5c68d05c56cb486456e64d83f751a66bbf1ddae3fcb43bb13,already_correct,True,True,False,False,1
H593-596fedd7ad0dd56b9b06d758,OUTCOME-0773,1,2aa1e6c4bb63c1bf91f9200ac8983a2fdb8a3d86fcbc58c5f88c921023045af6,already_correct,True,True,False,False,1
H593-59fdea3ddfa2a7c762aa0a19,DIFFICULT-0087,0,b290b929d9999bcd5494b609bbacdaa3be248ff840ce6785cb1cb2438d245c13,already_correct,True,False,True,True,1
H593-5b9e6dcf1a92193abe8b39b2,DIFFICULT-0062,1,f16447b66992689bdb8350dadcb85602511b1bd2c18265a511e90bf7d2910d9c,already_correct,True,False,True,True,1
H593-5bf76899256100e280a80e1d,OUTCOME-0734,2,0afd089c456e855f9466067a75179f94b4fb386831d044fd18ff0bcd22e0d3f4,already_correct,True,True,False,False,1
H593-5c99ac9c05994bb4d60da476,OUTCOME-0078,3,3cce9049697a8e2b65ce5904772f00a613b585ff8ca6e50e5a9c4c63a4391645,already_correct,True,True,False,False,1
H593-5ca1f16c2917448ec0557e02,DIFFICULT-0125,2,c04b390c7ae86a0d21958115ce19bd1ed22c76ff1b8fb240f01405c8bf9231ec,already_correct,True,True,False,False,1
H593-5cde50d3890df26e13611884,OUTCOME-0087,4,fae9abd9dccd97b0f46477e2b8de584b47f0991da74eb5dfbedf3526f4bba6a5,already_correct,True,False,True,True,1
H593-5ce80bead003f31b6617b817,NDV2-007-P01,0,e5b4f86a4d49af3ede0ecdd200dfae35f36ef1fb29c77d00e2fc254648085e0e,already_correct,True,True,False,False,1
H593-5cf549d352c47628697f6f37,OUTCOME-0137,4,5e1903b41967d7091402cde6aa7a4b83e5df5f58a2bef1439e218f802ca6cf53,already_correct,True,False,True,True,1
H593-5d3f5a51f35755fb8b50d72a,OUTCOME-0291,1,4a0922400b8dd80a6d357c67cf3585d8c5a63b87415f063eab4e2dd7a5643fae,already_correct,True,True,False,False,1
H593-5deb30c18beda44d1e9a98af,OUTCOME-0475,1,1efff5d5855cab66509977a0b8d496f45b9a66147726f1323cdd42a873075386,wrong_RAW_and_challenger,True,False,False,False,5
H593-5e3baff5983fb5e1280953d4,OUTCOME-0373,0,f15f4acea549124570f8e5b5e20c5575b2b6e0d49386891fe5a7552afc90436f,locked_wrong_SWITCH,True,False,False,True,4
H593-5ead089e93e3fef6a60f6016,OUTCOME-0256,2,4d5d4731b2c45171a86a8690a5b3a1819d26c3dd6226f61b0f9104c2f6f56484,already_correct,True,True,False,False,1
H593-5ec7687ad1569b8195a9fcd1,OUTCOME-0242,2,4d5d4731b2c45171a86a8690a5b3a1819d26c3dd6226f61b0f9104c2f6f56484,already_correct,True,False,True,True,1
H593-5f0b1cc082bf69f4270e53f3,OUTCOME-0203,3,f90fb756794a5ae5c68d05c56cb486456e64d83f751a66bbf1ddae3fcb43bb13,target_absent,False,False,False,False,
H593-5f1d8e99507134bf9261aa26,OUTCOME-0331,0,8ad47f26cd065ca57d3a68d2c5f31cd9eeb977294c710ac87f6e9c84b24866ea,correct_challenger_still_HOLD,True,False,True,False,2
H593-5f2533f8d63dca3775f00d6e,OUTCOME-0497,2,0748babacede700838aa4a895d8d3238fc567929c58d772ed17e063e9856bb96,already_correct,True,True,False,False,1
H593-5fe59cce1a8be38a02275a23,OUTCOME-0213,2,4307e640e3e4b993a792a0030fe96b8501fe6e1375f37fcb8115bccccdf67258,wrong_RAW_and_challenger,True,False,False,False,11
H593-600a237ce0d7753df38cf902,OUTCOME-0821,2,7abc0d7c0e302804a40dcf309dece25b925a424ae8a43fd70cd693d41ebfc54f,correct_challenger_still_HOLD,True,False,True,False,2
H593-60917368d9020829ad933264,DIFFICULT-0008,4,7309194c945cf747ac938c081c8e1c7587ee93c9427836b98aa713829ad9307b,already_correct,True,True,False,False,1
H593-60d3d272fcf4945ce1b4cfad,OUTCOME-0717,2,d3d9e86636e760b3c7ab9d0366cce29c32d905942a4e7efc24b4feb559ccafdb,new_wrong_SWITCH,True,True,False,False,1
H593-610d2220452ac13a29625c81,OUTCOME-0628,4,ef7d75f57f11d1174b60813355c0cf7d7dce1009b41f2c7a54cf612906b3dea7,already_correct,True,True,False,False,1
H593-613164a8ed07b8331901f9c7,NDV2-007-P04,0,e5b4f86a4d49af3ede0ecdd200dfae35f36ef1fb29c77d00e2fc254648085e0e,already_correct,True,True,False,False,1
H593-619260cce074655fc8b3b2ce,OUTCOME-0272,4,c36d84d6c8d54c84a5f0b431f53eb8775569f16793018d5e6c57459cf8e20e49,already_correct,True,True,False,False,1
H593-61dd525ce4c64a94855321cf,OUTCOME-0794,3,d03ec6170d58ac2d6198068ac9aa233411e9b70ad6019840f643fdabcc4a9adf,new_wrong_SWITCH,True,True,False,False,1
H593-62a3ef9aed28fe11480a070d,OUTCOME-0528,4,67c564121b4c0847db261d818757e131684626ea0db83097a0e9610c7cf03222,already_correct,True,True,False,False,1
H593-6383fcb3c30d23a881c0d351,OUTCOME-0056,4,caadf690e51b6ae8aa69d3ebfb189f9ae43f3e3bde9aadd83d79e71a9ed27df7,already_correct,True,True,False,False,1
H593-63f9178f5a1ac8c911f30671,OUTCOME-0129,4,5e1903b41967d7091402cde6aa7a4b83e5df5f58a2bef1439e218f802ca6cf53,already_correct,True,True,False,False,1
H593-64732ad8af7e22ab8530b83d,OUTCOME-0636,4,ef7d75f57f11d1174b60813355c0cf7d7dce1009b41f2c7a54cf612906b3dea7,already_correct,True,False,True,True,1
H593-648cf256a0655f0b4baede6a,NDV2-012-P02,4,f136ca0b9c716fcae1884f370b2cc9c1a38f30e5a477d50097f50ecb3c76d60b,already_correct,True,True,False,False,1
H593-64d4b96748545637c220ac9d,NDV2-012-P04,4,f136ca0b9c716fcae1884f370b2cc9c1a38f30e5a477d50097f50ecb3c76d60b,already_correct,True,True,False,False,1
H593-64e146b0abb950dce567767c,DIFFICULT-0058,1,f16447b66992689bdb8350dadcb85602511b1bd2c18265a511e90bf7d2910d9c,wrong_RAW_and_challenger,True,False,False,False,3
H593-657b8fd68285cbf2a58e2cd2,OUTCOME-0263,3,d39c757e2a4c76e8e9403fd84708b3c233de7ca0b40197f435ceb3a48272b73f,already_correct,True,True,False,False,1
H593-6643faf35f58ab82ab7e712d,OUTCOME-0496,2,0748babacede700838aa4a895d8d3238fc567929c58d772ed17e063e9856bb96,already_correct,True,True,False,False,1
H593-671d0f11f416b72cd6df22b5,OUTCOME-0324,0,27398dad6e577a6cdc7867303a9c586cdf14f835803381e1ac3586b1bec33c43,already_correct,True,True,False,False,1
H593-6829310800010539ea1d94b5,OUTCOME-0237,4,131b059227e8e198d5556d3c77a12b94efae9837ff4f020b91f223056c73465a,already_correct,True,True,False,False,1
H593-68c0678826661b7d2a038ac8,OUTCOME-0309,0,69e8433234f6613d539957d8cd900a9503c3e7bceb31e12adec7cfa0adc6368b,already_correct,True,True,False,False,1
H593-6a135758a5df59039c4dd3ef,OUTCOME-0625,4,ef7d75f57f11d1174b60813355c0cf7d7dce1009b41f2c7a54cf612906b3dea7,already_correct,True,True,False,False,1
H593-6a176cd4811e16620c134360,DIFFICULT-0105,0,dca95ffa60d30d6597de3bfed4a27b53d657ea2e90a8d6ee6aa513316eee9848,already_correct,True,True,False,False,1
H593-6a23b1a27c51bbde9c38b5ce,OUTCOME-0389,3,4a5e078a9d0335a17e0b19c90cc91b4eaf583fcc72663cf7441019d2f00d652a,already_correct,True,False,True,False,2
H593-6a41937f82d722c1bd11db83,OUTCOME-0275,4,c36d84d6c8d54c84a5f0b431f53eb8775569f16793018d5e6c57459cf8e20e49,already_correct,True,True,False,False,1
H593-6a4848172c5de649fc0145cb,OUTCOME-0207,3,f90fb756794a5ae5c68d05c56cb486456e64d83f751a66bbf1ddae3fcb43bb13,target_absent,False,False,False,False,
H593-6b6f28c3059152ad0505c08d,OUTCOME-0285,4,c36d84d6c8d54c84a5f0b431f53eb8775569f16793018d5e6c57459cf8e20e49,already_correct,True,True,False,False,1
H593-6c4ba020c70c5827dd7c5229,DIFFICULT-0024,3,876e9a6c8b596c741810be05ef83bc4037f224102f15277c78e9afa9a641a3ab,already_correct,True,True,False,False,1
H593-6d972ef4236570a35bc4adf0,DIFFICULT-0086,0,b290b929d9999bcd5494b609bbacdaa3be248ff840ce6785cb1cb2438d245c13,already_correct,True,False,True,True,1
H593-6e81425780a0e9f03a924de4,OUTCOME-0721,2,d3d9e86636e760b3c7ab9d0366cce29c32d905942a4e7efc24b4feb559ccafdb,new_wrong_SWITCH,True,True,False,False,1
H593-6eed4a007d0370e035410941,OUTCOME-0603,3,c13e6a469d26dd360022a4ba3af2d2bdbb230082c9e605b822c0f5806f9b9bc9,already_correct,True,False,True,True,1
H593-6f38112fbf3474ccf845534e,OUTCOME-0379,3,4a5e078a9d0335a17e0b19c90cc91b4eaf583fcc72663cf7441019d2f00d652a,already_correct,True,False,True,False,2
H593-6fbc0bd5cc7a6fdd5e33f290,OUTCOME-0357,1,f4cb26eef9646d6dfd71a5bdba8092d2e0f934cd5f8e9ffe627d7c9ba8444f36,already_correct,True,True,False,False,1
H593-6fd71aa96c47c72dff2bd2f2,DIFFICULT-0027,3,876e9a6c8b596c741810be05ef83bc4037f224102f15277c78e9afa9a641a3ab,already_correct,True,False,True,True,1
H593-7090a1ee7fe6811f7fd655ec,DIFFICULT-0098,1,bf0eaa86ddfc9a7fbdb09ac2f6f0fd91e32036da44a8971649ba96ecb8aa1b71,wrong_RAW_and_challenger,True,False,False,False,4
H593-70d36e5f24cab2ddc78b38ea,OUTCOME-0330,0,8ad47f26cd065ca57d3a68d2c5f31cd9eeb977294c710ac87f6e9c84b24866ea,already_correct,True,True,False,False,1
H593-715fe4641e960fade94872da,OUTCOME-0700,2,90d7a704ad7bf679580bc4dbadbe13884f491d2e338402f4d4437c2ffd66ab93,already_correct,True,True,False,False,1
H593-71a8e729bc95ecbd6e4dbc1e,OUTCOME-0234,4,131b059227e8e198d5556d3c77a12b94efae9837ff4f020b91f223056c73465a,already_correct,True,True,False,False,1
H593-71b6e21207e212b1665f9cc6,NDV2-005-P03,0,5993f2caf420c9a99c193d33f748eea45f5c55ab4832c947913f7c005ada8f7b,already_correct,True,True,False,False,1
H593-71bb9528a8ed1a01bbcf03c2,OUTCOME-0409,0,1f59b78808c09c6bf68702306ba72c84cbbb75e1dfc61bab3c7f1b99aee3b17d,already_correct,True,True,False,False,1
H593-72fa544dc79ae7a09a7d75c3,OUTCOME-0708,0,86244889a9cf4aa3df9f971885f8dfcec40ce965b829d12b7deb1eb31c2e4e44,already_correct,True,True,False,False,1
H593-73779fe9c390b8d75b07f9fc,OUTCOME-0472,1,1efff5d5855cab66509977a0b8d496f45b9a66147726f1323cdd42a873075386,already_correct,True,True,False,False,1
H593-74f8620ac02b6e6c2a64a722,OUTCOME-0530,4,67c564121b4c0847db261d818757e131684626ea0db83097a0e9610c7cf03222,correct_challenger_still_HOLD,True,False,True,False,2
H593-75bb4e011323af524bb6c0a8,OUTCOME-0321,0,27398dad6e577a6cdc7867303a9c586cdf14f835803381e1ac3586b1bec33c43,already_correct,True,True,False,False,1
H593-764058385070ed8371885b31,OUTCOME-0274,4,c36d84d6c8d54c84a5f0b431f53eb8775569f16793018d5e6c57459cf8e20e49,target_absent,False,False,False,False,
H593-772d4e717709ffb1faaa4751,OUTCOME-0781,2,b769c5976cb5ff7ce3b894e9be1b36db00c2256a127a7bbb82bac0dfb917368d,already_correct,True,True,False,False,1
H593-781e579d26df1fa016a3b3b2,OUTCOME-0055,4,caadf690e51b6ae8aa69d3ebfb189f9ae43f3e3bde9aadd83d79e71a9ed27df7,already_correct,True,True,False,False,1
H593-78606a2dd4349afc3e93a5d4,DIFFICULT-0096,1,bf0eaa86ddfc9a7fbdb09ac2f6f0fd91e32036da44a8971649ba96ecb8aa1b71,already_correct,True,True,False,False,1
H593-78915e402bcb9f1d844cc49f,OUTCOME-0279,4,c36d84d6c8d54c84a5f0b431f53eb8775569f16793018d5e6c57459cf8e20e49,already_correct,True,True,False,False,1
H593-789352ff1b5b65e23c400aa3,OUTCOME-0733,2,0afd089c456e855f9466067a75179f94b4fb386831d044fd18ff0bcd22e0d3f4,correct_challenger_still_HOLD,True,False,True,False,2
H593-79ce3b4b2a924821dc8dc21a,OUTCOME-0094,3,c7abd98eade15d0ac417dcdde657be6a64e3cb837a808045d084fee49bf7d2a4,already_correct,True,True,False,False,1
H593-7a2a329a01beb7a806b52b3e,OUTCOME-0576,0,1a231675f970ef17d8df9d796fcc4f991f31e3ecab14c9f45454f336dc22786a,correct_challenger_still_HOLD,True,False,True,False,2
H593-7b06dd98b68f8bb5cfaf5ee9,OUTCOME-0488,1,c88cdb15edcd25a88595edf90f1fc3fef1e374c4e494fb4a4e8accfe55137d0a,already_correct,True,True,False,False,1
H593-7b7e5008423565e7dabb7046,OUTCOME-0758,1,a5cc6cd71cb98a23641d9032f2abdbe55a284b95eedc14e13d1ab9d93b7adc76,already_correct,True,True,False,False,1
H593-7bb65212a753515cfe27d488,OUTCOME-0473,1,1efff5d5855cab66509977a0b8d496f45b9a66147726f1323cdd42a873075386,target_absent,False,False,False,False,
H593-7bec97dabbf6cdb58e99fd1c,OUTCOME-0438,1,055e3d0a2ba828c5df95354fc5d80825fa129f679641c7a5ba585b5c8911a1f9,already_correct,True,False,True,True,1
H593-7c514d458a3698754aa405bc,OUTCOME-0435,1,055e3d0a2ba828c5df95354fc5d80825fa129f679641c7a5ba585b5c8911a1f9,correct_challenger_still_HOLD,True,False,True,False,2
H593-7c5d7856df1eaee4c5e9743d,OUTCOME-0753,1,a5cc6cd71cb98a23641d9032f2abdbe55a284b95eedc14e13d1ab9d93b7adc76,already_correct,True,True,False,False,1
H593-7c6edd0dd50c429fa6b1d952,OUTCOME-0492,2,0748babacede700838aa4a895d8d3238fc567929c58d772ed17e063e9856bb96,already_correct,True,True,False,False,1
H593-7d06b1868b0027825f88ef1c,OUTCOME-0202,3,f90fb756794a5ae5c68d05c56cb486456e64d83f751a66bbf1ddae3fcb43bb13,already_correct,True,False,True,True,1
H593-7d0da05ef415f738c2552977,OUTCOME-0761,1,a5cc6cd71cb98a23641d9032f2abdbe55a284b95eedc14e13d1ab9d93b7adc76,already_correct,True,True,False,False,1
H593-7d8b07a3d2656655a4aca7bb,OUTCOME-0246,2,4d5d4731b2c45171a86a8690a5b3a1819d26c3dd6226f61b0f9104c2f6f56484,already_correct,True,True,False,False,1
H593-7d98c429f6f7e1e10918800b,OUTCOME-0054,4,caadf690e51b6ae8aa69d3ebfb189f9ae43f3e3bde9aadd83d79e71a9ed27df7,already_correct,True,True,False,False,1
H593-7dacd3aadc7a3c0857f02206,OUTCOME-0327,0,27398dad6e577a6cdc7867303a9c586cdf14f835803381e1ac3586b1bec33c43,already_correct,True,True,False,False,1
H593-7e69370b1238d0d64a7652cd,OUTCOME-0602,3,c13e6a469d26dd360022a4ba3af2d2bdbb230082c9e605b822c0f5806f9b9bc9,already_correct,True,True,False,False,1
H593-7e8b411c2369c244ad7087b2,OUTCOME-0402,0,dabd4e44228b0c3fe4d6e936d82cc48dbee71a26baad248be0f99f22cd2424cf,already_correct,True,True,False,False,1
H593-7ee5e502bef1035c68e37c1a,OUTCOME-0323,0,27398dad6e577a6cdc7867303a9c586cdf14f835803381e1ac3586b1bec33c43,already_correct,True,True,False,False,1
H593-7ef48aba809a41bdbf3bca77,OUTCOME-0097,3,c7abd98eade15d0ac417dcdde657be6a64e3cb837a808045d084fee49bf7d2a4,correct_challenger_still_HOLD,True,False,True,False,2
H593-7ef565e4b6b34418380c35a3,DIFFICULT-0057,1,f16447b66992689bdb8350dadcb85602511b1bd2c18265a511e90bf7d2910d9c,already_correct,True,False,True,False,2
H593-7f0d1bb3ad1b26bad23006b9,OUTCOME-0439,1,055e3d0a2ba828c5df95354fc5d80825fa129f679641c7a5ba585b5c8911a1f9,already_correct,True,False,True,False,2
H593-7f0f41ced5016535e6387661,OUTCOME-0106,3,c7abd98eade15d0ac417dcdde657be6a64e3cb837a808045d084fee49bf7d2a4,correct_challenger_still_HOLD,True,False,True,False,2
H593-7f2d9238a94e1a0d377e3c3d,NDV2-003-P02,0,5993f2caf420c9a99c193d33f748eea45f5c55ab4832c947913f7c005ada8f7b,already_correct,True,True,False,False,1
H593-7f660327bc71c144559f7752,OUTCOME-0444,1,055e3d0a2ba828c5df95354fc5d80825fa129f679641c7a5ba585b5c8911a1f9,already_correct,True,False,True,True,1
H593-7f9909762046898e336e4643,OUTCOME-0694,2,90d7a704ad7bf679580bc4dbadbe13884f491d2e338402f4d4437c2ffd66ab93,already_correct,True,True,False,False,1
H593-80833abd79f8f663bae6168f,OUTCOME-0400,0,dabd4e44228b0c3fe4d6e936d82cc48dbee71a26baad248be0f99f22cd2424cf,already_correct,True,True,False,False,1
H593-8084a71b01d9f785089e6ccd,OUTCOME-0699,2,90d7a704ad7bf679580bc4dbadbe13884f491d2e338402f4d4437c2ffd66ab93,already_correct,True,True,False,False,1
H593-80c5e47b3fd61cde75299862,NDV2-011-P03,4,f136ca0b9c716fcae1884f370b2cc9c1a38f30e5a477d50097f50ecb3c76d60b,already_correct,True,True,False,False,1
H593-81dbdb08652482bd8788ce02,OUTCOME-0135,4,5e1903b41967d7091402cde6aa7a4b83e5df5f58a2bef1439e218f802ca6cf53,already_correct,True,False,True,True,1
H593-820e5167c392828d4e579768,OUTCOME-0819,2,7abc0d7c0e302804a40dcf309dece25b925a424ae8a43fd70cd693d41ebfc54f,wrong_RAW_and_challenger,True,False,False,False,3
H593-8266ebf78426769d3bbbec9c,OUTCOME-0764,1,a5cc6cd71cb98a23641d9032f2abdbe55a284b95eedc14e13d1ab9d93b7adc76,already_correct,True,True,False,False,1
H593-8285fd5984e94e029faac844,OUTCOME-0201,3,f90fb756794a5ae5c68d05c56cb486456e64d83f751a66bbf1ddae3fcb43bb13,already_correct,True,True,False,False,1
H593-82accb6320d90d4f40f6aee3,OUTCOME-0712,0,86244889a9cf4aa3df9f971885f8dfcec40ce965b829d12b7deb1eb31c2e4e44,already_correct,True,True,False,False,1
H593-83ae5f0f0c0328c63ca8ba2c,OUTCOME-0656,4,48c57d44808de17cdd8b52db0f71a5a8fbbf9d2f4ab10a1751ec128aed4a3ff5,already_correct,True,True,False,False,1
H593-83c5074ae46b2bcd08002e11,OUTCOME-0313,0,69e8433234f6613d539957d8cd900a9503c3e7bceb31e12adec7cfa0adc6368b,already_correct,True,True,False,False,1
H593-846e1664026a641b27c25c21,OUTCOME-0652,4,48c57d44808de17cdd8b52db0f71a5a8fbbf9d2f4ab10a1751ec128aed4a3ff5,already_correct,True,True,False,False,1
H593-8471180120a9a4d1308aa35b,OUTCOME-0748,3,30a739efc9fa2fbc6556b4a23a5b909fd205591b6158bb099a4dd09818a8f35e,wrong_RAW_and_challenger,True,False,False,False,3
H593-856f6cccd12a19abbefd0068,OUTCOME-0791,2,b769c5976cb5ff7ce3b894e9be1b36db00c2256a127a7bbb82bac0dfb917368d,already_correct,True,True,False,False,1
H593-85ad4b95b4f6fc8b44843023,OUTCOME-0312,0,69e8433234f6613d539957d8cd900a9503c3e7bceb31e12adec7cfa0adc6368b,already_correct,True,True,False,False,1
H593-86dacdfaa7e49eed6c7701bc,OUTCOME-0627,4,ef7d75f57f11d1174b60813355c0cf7d7dce1009b41f2c7a54cf612906b3dea7,already_correct,True,True,False,False,1
H593-873815a4220226b46cf86099,OUTCOME-0347,1,f4cb26eef9646d6dfd71a5bdba8092d2e0f934cd5f8e9ffe627d7c9ba8444f36,already_correct,True,False,True,False,2
H593-87ac2a4b8bc60542af7bf709,OUTCOME-0244,2,4d5d4731b2c45171a86a8690a5b3a1819d26c3dd6226f61b0f9104c2f6f56484,already_correct,True,True,False,False,1
H593-89f858095a471767364e3a86,OUTCOME-0096,3,c7abd98eade15d0ac417dcdde657be6a64e3cb837a808045d084fee49bf7d2a4,locked_wrong_SWITCH,True,False,False,True,4
H593-8a0c8f3872f6604400a4f5a3,OUTCOME-0766,1,2aa1e6c4bb63c1bf91f9200ac8983a2fdb8a3d86fcbc58c5f88c921023045af6,already_correct,True,True,False,False,1
H593-8a536eb4afa1e192028304cb,OUTCOME-0736,2,0afd089c456e855f9466067a75179f94b4fb386831d044fd18ff0bcd22e0d3f4,already_correct,True,True,False,False,1
H593-8b7ecf77a17bdcf3073f645c,OUTCOME-0376,3,4a5e078a9d0335a17e0b19c90cc91b4eaf583fcc72663cf7441019d2f00d652a,already_correct,True,False,True,True,1
H593-8bb2544752c9d69209d15c50,OUTCOME-0818,2,7abc0d7c0e302804a40dcf309dece25b925a424ae8a43fd70cd693d41ebfc54f,correct_challenger_still_HOLD,True,False,True,False,2
H593-8cfc3f4dd768e6bfd60f2810,OUTCOME-0107,3,c7abd98eade15d0ac417dcdde657be6a64e3cb837a808045d084fee49bf7d2a4,correct_challenger_still_HOLD,True,False,True,False,2
H593-8d6854acb79630102d79485a,OUTCOME-0779,2,b769c5976cb5ff7ce3b894e9be1b36db00c2256a127a7bbb82bac0dfb917368d,already_correct,True,True,False,False,1
H593-8de398eccd35d2516c677aaa,OUTCOME-0287,1,4a0922400b8dd80a6d357c67cf3585d8c5a63b87415f063eab4e2dd7a5643fae,already_correct,True,True,False,False,1
H593-8dfa0524053f87e724996a9e,DIFFICULT-0000,3,ff5ec2587aa3b0cdf9f678e20f8a78ed21590c17b5931d4adc290fe15bf09b84,already_correct,True,True,False,False,1
H593-8f096c4d02544b0511563036,OUTCOME-0292,1,4a0922400b8dd80a6d357c67cf3585d8c5a63b87415f063eab4e2dd7a5643fae,already_correct,True,True,False,False,1
H593-8f781475641ffa2c1fa69d45,OUTCOME-0491,2,0748babacede700838aa4a895d8d3238fc567929c58d772ed17e063e9856bb96,already_correct,True,True,False,False,1
H593-8f8d5f7b173a9997dbb55c20,OUTCOME-0199,3,f90fb756794a5ae5c68d05c56cb486456e64d83f751a66bbf1ddae3fcb43bb13,target_absent,False,False,False,False,
H593-901d8e16d1938d576207e589,DIFFICULT-0031,2,da3eaa29e19bcc9bd6181db13c258df73a34d84bc20cb67ca147824a6fc4abe5,already_correct,True,True,False,False,1
H593-90acde9b0567a472f4232120,DIFFICULT-0083,0,b290b929d9999bcd5494b609bbacdaa3be248ff840ce6785cb1cb2438d245c13,already_correct,True,False,True,True,1
H593-913ec852ccd620d36cfbe8d5,DIFFICULT-0040,1,a7e2eb3376d106cbd8cfa0ddaf20047219e210af69c8abeada87a180f2a8e2a9,already_correct,True,True,False,False,1
H593-928c2091183fb7bc5e8d8c76,OUTCOME-0632,4,ef7d75f57f11d1174b60813355c0cf7d7dce1009b41f2c7a54cf612906b3dea7,already_correct,True,True,False,False,1
H593-93bb466d99aefd144ec856ee,OUTCOME-0318,0,27398dad6e577a6cdc7867303a9c586cdf14f835803381e1ac3586b1bec33c43,already_correct,True,True,False,False,1
H593-94c8aface219e35791ceaea6,OUTCOME-0697,2,90d7a704ad7bf679580bc4dbadbe13884f491d2e338402f4d4437c2ffd66ab93,already_correct,True,True,False,False,1
H593-94f0441d80c908de395777ea,OUTCOME-0532,4,67c564121b4c0847db261d818757e131684626ea0db83097a0e9610c7cf03222,correct_challenger_still_HOLD,True,False,True,False,2
H593-9567a5b390df83a314dbfab1,OUTCOME-0365,0,f15f4acea549124570f8e5b5e20c5575b2b6e0d49386891fe5a7552afc90436f,already_correct,True,True,False,False,1
H593-95b957426a8c934b0bb6e8c5,OUTCOME-0102,3,c7abd98eade15d0ac417dcdde657be6a64e3cb837a808045d084fee49bf7d2a4,already_correct,True,True,False,False,1
H593-9609a1ade70bc285b43d714c,OUTCOME-0698,2,90d7a704ad7bf679580bc4dbadbe13884f491d2e338402f4d4437c2ffd66ab93,already_correct,True,True,False,False,1
H593-960ffe9ce8453f803f0d7069,NDV2-003-P03,0,5993f2caf420c9a99c193d33f748eea45f5c55ab4832c947913f7c005ada8f7b,already_correct,True,True,False,False,1
H593-96b120672ad18ee05520c1c2,NDV2-007-P02,0,e5b4f86a4d49af3ede0ecdd200dfae35f36ef1fb29c77d00e2fc254648085e0e,already_correct,True,True,False,False,1
H593-9758eb12de9aee217daf447c,DIFFICULT-0090,0,b290b929d9999bcd5494b609bbacdaa3be248ff840ce6785cb1cb2438d245c13,already_correct,True,True,False,False,1
H593-978cc9932e208401b21a7478,OUTCOME-0355,1,f4cb26eef9646d6dfd71a5bdba8092d2e0f934cd5f8e9ffe627d7c9ba8444f36,already_correct,True,True,False,False,1
H593-978f4b594ec67d209cdfd758,OUTCOME-0704,0,86244889a9cf4aa3df9f971885f8dfcec40ce965b829d12b7deb1eb31c2e4e44,already_correct,True,True,False,False,1
H593-979d4429602e6c4a69aa6724,OUTCOME-0585,4,fa72f98eeda7c16b4963aa2c9a26bb7b6da07062d61f1935ff18b1204cf99a43,already_correct,True,True,False,False,1
H593-999f83e11a6c2a0fac269ff5,DIFFICULT-0033,2,da3eaa29e19bcc9bd6181db13c258df73a34d84bc20cb67ca147824a6fc4abe5,already_correct,True,True,False,False,1
H593-9a4d47022d3146e0af92e33f,OUTCOME-0404,0,1f59b78808c09c6bf68702306ba72c84cbbb75e1dfc61bab3c7f1b99aee3b17d,already_correct,True,True,False,False,1
H593-9adc04030a70fadc516c205a,OUTCOME-0412,0,1f59b78808c09c6bf68702306ba72c84cbbb75e1dfc61bab3c7f1b99aee3b17d,target_absent,False,False,False,False,
H593-9b0fe03a3633ed99ecc96e21,OUTCOME-0630,4,ef7d75f57f11d1174b60813355c0cf7d7dce1009b41f2c7a54cf612906b3dea7,already_correct,True,True,False,False,1
H593-9b681db8e5117d318b40d460,DIFFICULT-0032,2,da3eaa29e19bcc9bd6181db13c258df73a34d84bc20cb67ca147824a6fc4abe5,already_correct,True,True,False,False,1
H593-9bb742601df8e97873473bfd,OUTCOME-0308,0,69e8433234f6613d539957d8cd900a9503c3e7bceb31e12adec7cfa0adc6368b,already_correct,True,True,False,False,1
H593-9bea68f2367dffd8339109ca,OUTCOME-0405,0,1f59b78808c09c6bf68702306ba72c84cbbb75e1dfc61bab3c7f1b99aee3b17d,target_absent,False,False,False,True,
H593-9c0aaa63096534849ab64b8c,OUTCOME-0597,3,c13e6a469d26dd360022a4ba3af2d2bdbb230082c9e605b822c0f5806f9b9bc9,already_correct,True,True,False,False,1
H593-9c93b71a9b46da8e1ed6f3db,OUTCOME-0568,0,1a231675f970ef17d8df9d796fcc4f991f31e3ecab14c9f45454f336dc22786a,already_correct,True,True,False,False,1
H593-9ca7dde32b05ab798ccbfa8f,NDV2-002-P03,0,5993f2caf420c9a99c193d33f748eea45f5c55ab4832c947913f7c005ada8f7b,already_correct,True,True,False,False,1
H593-9d32a43e7529d136a5b58964,OUTCOME-0432,3,6041aa5f85f4424e5ea88d82fcb2c3a2efe067770270d57d823d934e313867bf,already_correct,True,True,False,False,1
H593-9d9064b348467a8bd0f8b9e3,OUTCOME-0801,3,d03ec6170d58ac2d6198068ac9aa233411e9b70ad6019840f643fdabcc4a9adf,already_correct,True,True,False,False,1
H593-9daaa4e49269fe8b0df59c8c,OUTCOME-0599,3,c13e6a469d26dd360022a4ba3af2d2bdbb230082c9e605b822c0f5806f9b9bc9,already_correct,True,True,False,False,1
H593-9ed31ed09c4b3cb0fa797e4b,DIFFICULT-0004,3,ff5ec2587aa3b0cdf9f678e20f8a78ed21590c17b5931d4adc290fe15bf09b84,already_correct,True,True,False,False,1
H593-9ed878a775d721d5d77a491d,DIFFICULT-0054,1,f16447b66992689bdb8350dadcb85602511b1bd2c18265a511e90bf7d2910d9c,already_correct,True,True,False,False,1
H593-9ef1d8c2590d6487518c2d18,OUTCOME-0161,3,162fd69cd74c8e3f1f06ce6bb5fec631f657a623f060862dbcc70a39fc026e96,already_correct,True,True,False,False,1
H593-9f8dd01155f74649239042a7,OUTCOME-0171,3,162fd69cd74c8e3f1f06ce6bb5fec631f657a623f060862dbcc70a39fc026e96,already_correct,True,True,False,False,1
H593-9f91daf2068d31d6a3605a12,OUTCOME-0167,3,162fd69cd74c8e3f1f06ce6bb5fec631f657a623f060862dbcc70a39fc026e96,already_correct,True,True,False,False,1
H593-a04fed19b50c1df3dfaa07e3,OUTCOME-0196,3,f90fb756794a5ae5c68d05c56cb486456e64d83f751a66bbf1ddae3fcb43bb13,already_correct,True,True,False,False,1
H593-a05ecc9947c81d4eb4b6ee3b,OUTCOME-0691,2,90d7a704ad7bf679580bc4dbadbe13884f491d2e338402f4d4437c2ffd66ab93,already_correct,True,True,False,False,1
H593-a0c47eb239ac25d662c34c18,OUTCOME-0534,4,67c564121b4c0847db261d818757e131684626ea0db83097a0e9610c7cf03222,correct_challenger_still_HOLD,True,False,True,False,2
H593-a0d714dbbee06d9907f4d20e,OUTCOME-0306,0,69e8433234f6613d539957d8cd900a9503c3e7bceb31e12adec7cfa0adc6368b,already_correct,True,True,False,False,1
H593-a114ff1f00cbc465a5ace6d8,OUTCOME-0160,3,162fd69cd74c8e3f1f06ce6bb5fec631f657a623f060862dbcc70a39fc026e96,already_correct,True,True,False,False,1
H593-a1bceaf731739690029b37c4,OUTCOME-0715,0,86244889a9cf4aa3df9f971885f8dfcec40ce965b829d12b7deb1eb31c2e4e44,already_correct,True,True,False,False,1
H593-a1daf11a61705b1051217902,OUTCOME-0604,3,c13e6a469d26dd360022a4ba3af2d2bdbb230082c9e605b822c0f5806f9b9bc9,already_correct,True,True,False,False,1
H593-a20c04fa7e2500016ce114e2,DIFFICULT-0052,1,f16447b66992689bdb8350dadcb85602511b1bd2c18265a511e90bf7d2910d9c,already_correct,True,True,False,False,1
H593-a2c507612d213253be128e81,OUTCOME-0474,1,1efff5d5855cab66509977a0b8d496f45b9a66147726f1323cdd42a873075386,wrong_RAW_and_challenger,True,False,False,False,3
H593-a2df01b6d16cae1702ebe6de,OUTCOME-0172,3,162fd69cd74c8e3f1f06ce6bb5fec631f657a623f060862dbcc70a39fc026e96,target_absent,False,False,False,False,
H593-a31a10e1b469032cc39968ef,OUTCOME-0105,3,c7abd98eade15d0ac417dcdde657be6a64e3cb837a808045d084fee49bf7d2a4,correct_challenger_still_HOLD,True,False,True,False,2
H593-a37be078955ca99fb50d7a4f,DIFFICULT-0036,2,da3eaa29e19bcc9bd6181db13c258df73a34d84bc20cb67ca147824a6fc4abe5,already_correct,True,True,False,False,1
H593-a3e7d6500b6b7e33262f9143,OUTCOME-0305,0,69e8433234f6613d539957d8cd900a9503c3e7bceb31e12adec7cfa0adc6368b,already_correct,True,True,False,False,1
H593-a487586dad789825a5e5de7e,OUTCOME-0170,3,162fd69cd74c8e3f1f06ce6bb5fec631f657a623f060862dbcc70a39fc026e96,already_correct,True,False,True,True,1
H593-a4a42f963cbb49a2c59b3c36,NDV2-005-P01,0,5993f2caf420c9a99c193d33f748eea45f5c55ab4832c947913f7c005ada8f7b,already_correct,True,True,False,False,1
H593-a4ae311047750421b6705cb8,DIFFICULT-0063,1,f16447b66992689bdb8350dadcb85602511b1bd2c18265a511e90bf7d2910d9c,already_correct,True,True,False,False,1
H593-a4b2ba6b91cb5aa793db96b5,OUTCOME-0653,4,48c57d44808de17cdd8b52db0f71a5a8fbbf9d2f4ab10a1751ec128aed4a3ff5,already_correct,True,True,False,False,1
H593-a4df16d733beef6694520349,OUTCOME-0354,1,f4cb26eef9646d6dfd71a5bdba8092d2e0f934cd5f8e9ffe627d7c9ba8444f36,already_correct,True,True,False,False,1
H593-a68241215d96a54614534d61,OUTCOME-0419,3,6041aa5f85f4424e5ea88d82fcb2c3a2efe067770270d57d823d934e313867bf,already_correct,True,True,False,False,1
H593-a736a2eceec87049c2d34564,OUTCOME-0702,2,90d7a704ad7bf679580bc4dbadbe13884f491d2e338402f4d4437c2ffd66ab93,already_correct,True,True,False,False,1
H593-a74031ef721651084ee88e86,OUTCOME-0658,4,48c57d44808de17cdd8b52db0f71a5a8fbbf9d2f4ab10a1751ec128aed4a3ff5,already_correct,True,True,False,False,1
H593-a75c121cbde1aeaa4aa8433f,DIFFICULT-0107,0,dca95ffa60d30d6597de3bfed4a27b53d657ea2e90a8d6ee6aa513316eee9848,already_correct,True,True,False,False,1
H593-a786f0738bcc2b9cbef1d792,DIFFICULT-0132,2,c04b390c7ae86a0d21958115ce19bd1ed22c76ff1b8fb240f01405c8bf9231ec,already_correct,True,True,False,False,1
H593-a799aea032ae5a38c8fbd30e,OUTCOME-0413,0,1f59b78808c09c6bf68702306ba72c84cbbb75e1dfc61bab3c7f1b99aee3b17d,target_absent,False,False,False,False,
H593-a865a52b11a3d828fa6bc1d1,OUTCOME-0344,0,8ad47f26cd065ca57d3a68d2c5f31cd9eeb977294c710ac87f6e9c84b24866ea,already_correct,True,True,False,False,1
H593-a99579cf97417982073affd5,DIFFICULT-0010,4,7309194c945cf747ac938c081c8e1c7587ee93c9427836b98aa713829ad9307b,already_correct,True,True,False,False,1
H593-aa931c1f4d8700ae037fbb00,OUTCOME-0394,0,dabd4e44228b0c3fe4d6e936d82cc48dbee71a26baad248be0f99f22cd2424cf,already_correct,True,True,False,False,1
H593-aad869bc4c329c79b3b3098f,OUTCOME-0351,1,f4cb26eef9646d6dfd71a5bdba8092d2e0f934cd5f8e9ffe627d7c9ba8444f36,already_correct,True,True,False,False,1
H593-ab800bcb6b260c64833c792c,OUTCOME-0265,3,d39c757e2a4c76e8e9403fd84708b3c233de7ca0b40197f435ceb3a48272b73f,already_correct,True,True,False,False,1
H593-abc0b2f2d75d073d9b32aa3f,OUTCOME-0651,4,48c57d44808de17cdd8b52db0f71a5a8fbbf9d2f4ab10a1751ec128aed4a3ff5,wrong_RAW_and_challenger,True,False,False,False,5
H593-abe538f97b9ba7aa92d41895,OUTCOME-0110,3,c7abd98eade15d0ac417dcdde657be6a64e3cb837a808045d084fee49bf7d2a4,wrong_RAW_and_challenger,True,False,False,False,4
H593-acb88ad9ae6dc89a74d597a0,DIFFICULT-0130,2,c04b390c7ae86a0d21958115ce19bd1ed22c76ff1b8fb240f01405c8bf9231ec,already_correct,True,True,False,False,1
H593-acbecf04ad7226d889b6b827,OUTCOME-0804,3,d03ec6170d58ac2d6198068ac9aa233411e9b70ad6019840f643fdabcc4a9adf,already_correct,True,True,False,False,1
H593-ad671a6c4a53a334ff1c45da,OUTCOME-0637,4,ef7d75f57f11d1174b60813355c0cf7d7dce1009b41f2c7a54cf612906b3dea7,already_correct,True,True,False,False,1
H593-ad73d224791055826ef7876e,OUTCOME-0716,2,d3d9e86636e760b3c7ab9d0366cce29c32d905942a4e7efc24b4feb559ccafdb,already_correct,True,True,False,False,1
H593-ad9f49fe8ff6e9e1c8b4c03c,DIFFICULT-0018,4,7309194c945cf747ac938c081c8e1c7587ee93c9427836b98aa713829ad9307b,target_absent,False,False,False,False,
H593-ae2c238f2914e4ef8f249622,OUTCOME-0382,3,4a5e078a9d0335a17e0b19c90cc91b4eaf583fcc72663cf7441019d2f00d652a,locked_wrong_SWITCH,True,False,False,True,15
H593-ae4130a111482f755df6181a,OUTCOME-0206,3,f90fb756794a5ae5c68d05c56cb486456e64d83f751a66bbf1ddae3fcb43bb13,already_correct,True,True,False,False,1
H593-ae9be56a1902c7848b38571b,OUTCOME-0772,1,2aa1e6c4bb63c1bf91f9200ac8983a2fdb8a3d86fcbc58c5f88c921023045af6,already_correct,True,True,False,False,1
H593-aee4be696b3cf1e9660a0043,OUTCOME-0666,4,e54a0a27f9b030e92d3186f1b9feb159b51d71cced53115c3612eb3000f84093,already_correct,True,False,True,True,1
H593-af21217245b2cc0821f79503,OUTCOME-0466,1,1efff5d5855cab66509977a0b8d496f45b9a66147726f1323cdd42a873075386,already_correct,True,True,False,False,1
H593-afcb436616416abae565da10,DIFFICULT-0101,0,dca95ffa60d30d6597de3bfed4a27b53d657ea2e90a8d6ee6aa513316eee9848,already_correct,True,True,False,False,1
H593-b04f465b15526e9607fd9b70,DIFFICULT-0001,3,ff5ec2587aa3b0cdf9f678e20f8a78ed21590c17b5931d4adc290fe15bf09b84,already_correct,True,True,False,False,1
H593-b06273e75d64a6537f0ba426,DIFFICULT-0129,2,c04b390c7ae86a0d21958115ce19bd1ed22c76ff1b8fb240f01405c8bf9231ec,already_correct,True,True,False,False,1
H593-b06f5f90d0a384729c6b93cb,OUTCOME-0487,1,c88cdb15edcd25a88595edf90f1fc3fef1e374c4e494fb4a4e8accfe55137d0a,already_correct,True,True,False,False,1
H593-b09f7b0a786d03912dd97806,OUTCOME-0433,1,055e3d0a2ba828c5df95354fc5d80825fa129f679641c7a5ba585b5c8911a1f9,already_correct,True,True,False,False,1
H593-b186925ccb62a97d1f49a9a6,OUTCOME-0751,1,a5cc6cd71cb98a23641d9032f2abdbe55a284b95eedc14e13d1ab9d93b7adc76,already_correct,True,True,False,False,1
H593-b2399473327834cc8a1530cb,OUTCOME-0169,3,162fd69cd74c8e3f1f06ce6bb5fec631f657a623f060862dbcc70a39fc026e96,already_correct,True,True,False,False,1
H593-b268a4269d5d61a6e2bbec90,OUTCOME-0248,2,4d5d4731b2c45171a86a8690a5b3a1819d26c3dd6226f61b0f9104c2f6f56484,already_correct,True,True,False,False,1
H593-b290cd29a15546cc773cf283,OUTCOME-0482,1,c88cdb15edcd25a88595edf90f1fc3fef1e374c4e494fb4a4e8accfe55137d0a,already_correct,True,True,False,False,1
H593-b4135fa9fc83b8c616fa57b7,OUTCOME-0598,3,c13e6a469d26dd360022a4ba3af2d2bdbb230082c9e605b822c0f5806f9b9bc9,wrong_RAW_and_challenger,True,False,False,False,12
H593-b4f7137c5b415a98210ce3e1,OUTCOME-0692,2,90d7a704ad7bf679580bc4dbadbe13884f491d2e338402f4d4437c2ffd66ab93,already_correct,True,True,False,False,1
H593-b5088f4d9100c24150c49220,DIFFICULT-0102,0,dca95ffa60d30d6597de3bfed4a27b53d657ea2e90a8d6ee6aa513316eee9848,already_correct,True,False,True,True,1
H593-b52eb937914c8c593a72c477,OUTCOME-0533,4,67c564121b4c0847db261d818757e131684626ea0db83097a0e9610c7cf03222,correct_challenger_still_HOLD,True,False,True,False,2
H593-b6cf2130e8541c75b7a0daf3,OUTCOME-0633,4,ef7d75f57f11d1174b60813355c0cf7d7dce1009b41f2c7a54cf612906b3dea7,already_correct,True,True,False,False,1
H593-b87cff1766e4fd6e130f4f0d,OUTCOME-0090,4,fae9abd9dccd97b0f46477e2b8de584b47f0991da74eb5dfbedf3526f4bba6a5,correct_challenger_still_HOLD,True,False,True,False,2
H593-b890a8f09b0dc93ce3a6ec7c,OUTCOME-0268,3,d39c757e2a4c76e8e9403fd84708b3c233de7ca0b40197f435ceb3a48272b73f,already_correct,True,True,False,False,1
H593-b8b81f9ea25a51448f92c735,DIFFICULT-0012,4,7309194c945cf747ac938c081c8e1c7587ee93c9427836b98aa713829ad9307b,already_correct,True,True,False,False,1
H593-b90eeadf731ed28d7b01ab84,DIFFICULT-0005,3,ff5ec2587aa3b0cdf9f678e20f8a78ed21590c17b5931d4adc290fe15bf09b84,already_correct,True,True,False,False,1
H593-b934ce8694d521ecce42de7b,DIFFICULT-0019,4,7309194c945cf747ac938c081c8e1c7587ee93c9427836b98aa713829ad9307b,already_correct,True,True,False,False,1
H593-b98760533d5b5968acf3d2d8,OUTCOME-0396,0,dabd4e44228b0c3fe4d6e936d82cc48dbee71a26baad248be0f99f22cd2424cf,already_correct,True,True,False,False,1
H593-b9b3b47180519cbd55260c38,OUTCOME-0477,1,1efff5d5855cab66509977a0b8d496f45b9a66147726f1323cdd42a873075386,locked_wrong_SWITCH,True,False,False,True,2
H593-ba2efedd26ed9b4bcecca71f,OUTCOME-0494,2,0748babacede700838aa4a895d8d3238fc567929c58d772ed17e063e9856bb96,already_correct,True,True,False,False,1
H593-baaae79e1a5f7793171f450a,OUTCOME-0529,4,67c564121b4c0847db261d818757e131684626ea0db83097a0e9610c7cf03222,already_correct,True,False,True,False,2
H593-bb070f8673390afcb71bba1f,OUTCOME-0816,2,7abc0d7c0e302804a40dcf309dece25b925a424ae8a43fd70cd693d41ebfc54f,already_correct,True,True,False,False,1
H593-bb0e26bf00988704e7674f59,DIFFICULT-0003,3,ff5ec2587aa3b0cdf9f678e20f8a78ed21590c17b5931d4adc290fe15bf09b84,already_correct,True,True,False,False,1
H593-bb4431f14238909d56f4f6f2,OUTCOME-0304,0,69e8433234f6613d539957d8cd900a9503c3e7bceb31e12adec7cfa0adc6368b,already_correct,True,True,False,False,1
H593-bb5dd42b437a1e0b7185f2fb,OUTCOME-0093,4,fae9abd9dccd97b0f46477e2b8de584b47f0991da74eb5dfbedf3526f4bba6a5,locked_wrong_SWITCH,True,False,False,True,5
H593-bbff6f2a0463d1430b70d8f7,DIFFICULT-0131,2,c04b390c7ae86a0d21958115ce19bd1ed22c76ff1b8fb240f01405c8bf9231ec,already_correct,True,True,False,False,1
H593-bcb46b28e3f68f1997c73b22,NDV2-009-P01,4,4a53569c90360cdca78170a677dcff1a34efc65cfe94b9dad6b19b65db6d25ac,already_correct,True,True,False,False,1
H593-bcc28cdb9788352cc4129ed5,OUTCOME-0277,4,c36d84d6c8d54c84a5f0b431f53eb8775569f16793018d5e6c57459cf8e20e49,already_correct,True,True,False,False,1
H593-bcee23f88378066e9f5f0e2a,OUTCOME-0463,1,1efff5d5855cab66509977a0b8d496f45b9a66147726f1323cdd42a873075386,already_correct,True,True,False,False,1
H593-bd50369106a00a7162abcff8,OUTCOME-0168,3,162fd69cd74c8e3f1f06ce6bb5fec631f657a623f060862dbcc70a39fc026e96,already_correct,True,True,False,False,1
H593-bebe2833da2edf94d7d8c25b,DIFFICULT-0034,2,da3eaa29e19bcc9bd6181db13c258df73a34d84bc20cb67ca147824a6fc4abe5,already_correct,True,True,False,False,1
H593-bfedff27526023108259df43,OUTCOME-0689,2,90d7a704ad7bf679580bc4dbadbe13884f491d2e338402f4d4437c2ffd66ab93,already_correct,True,True,False,False,1
H593-c0907e99c1c23fe8e8a6b1a3,OUTCOME-0251,2,4d5d4731b2c45171a86a8690a5b3a1819d26c3dd6226f61b0f9104c2f6f56484,already_correct,True,True,False,False,1
H593-c1e87208ec64f28d13f80f11,OUTCOME-0258,3,d39c757e2a4c76e8e9403fd84708b3c233de7ca0b40197f435ceb3a48272b73f,already_correct,True,True,False,False,1
H593-c22c8e1044a8088c5a3d3f0e,OUTCOME-0057,4,caadf690e51b6ae8aa69d3ebfb189f9ae43f3e3bde9aadd83d79e71a9ed27df7,already_correct,True,True,False,False,1
H593-c27cc5698d114b2e38e732d1,OUTCOME-0270,4,c36d84d6c8d54c84a5f0b431f53eb8775569f16793018d5e6c57459cf8e20e49,correct_challenger_still_HOLD,True,False,True,False,2
H593-c2c8b91bd700c1354b6e6ee9,OUTCOME-0731,2,0afd089c456e855f9466067a75179f94b4fb386831d044fd18ff0bcd22e0d3f4,already_correct,True,True,False,False,1
H593-c30cdabf5993a0c426ba0205,OUTCOME-0461,1,1efff5d5855cab66509977a0b8d496f45b9a66147726f1323cdd42a873075386,already_correct,True,True,False,False,1
H593-c311ba2ac614da95fb3ed97e,OUTCOME-0820,2,7abc0d7c0e302804a40dcf309dece25b925a424ae8a43fd70cd693d41ebfc54f,wrong_RAW_and_challenger,True,False,False,False,32
H593-c317503b769e0f3acf782e33,DIFFICULT-0043,1,a7e2eb3376d106cbd8cfa0ddaf20047219e210af69c8abeada87a180f2a8e2a9,already_correct,True,False,True,True,1
H593-c358c8ad94f489bab50d45b6,OUTCOME-0655,4,48c57d44808de17cdd8b52db0f71a5a8fbbf9d2f4ab10a1751ec128aed4a3ff5,already_correct,True,True,False,False,1
H593-c46f21293cefba88bf549fbf,OUTCOME-0759,1,a5cc6cd71cb98a23641d9032f2abdbe55a284b95eedc14e13d1ab9d93b7adc76,already_correct,True,True,False,False,1
H593-c69e2282252382010960c43a,OUTCOME-0397,0,dabd4e44228b0c3fe4d6e936d82cc48dbee71a26baad248be0f99f22cd2424cf,already_correct,True,True,False,False,1
H593-c6ad63874f6fdf348e0906bf,OUTCOME-0341,0,8ad47f26cd065ca57d3a68d2c5f31cd9eeb977294c710ac87f6e9c84b24866ea,correct_challenger_still_HOLD,True,False,True,False,2
H593-c76764b05b53a550caa7d193,DIFFICULT-0055,1,f16447b66992689bdb8350dadcb85602511b1bd2c18265a511e90bf7d2910d9c,already_correct,True,True,False,False,1
H593-c7de10914b97438ea391ef69,OUTCOME-0328,0,8ad47f26cd065ca57d3a68d2c5f31cd9eeb977294c710ac87f6e9c84b24866ea,already_correct,True,True,False,False,1
H593-c80f563bd4cc8c240f4ce0e4,OUTCOME-0145,1,da19e4e6b83d15ea83c05ab2e67a7e30bde059231ecd7dfb7f93382fc5e60b98,already_correct,True,False,True,True,1
H593-c8379d139262cf23abe8cf3f,NDV2-012-P03,4,f136ca0b9c716fcae1884f370b2cc9c1a38f30e5a477d50097f50ecb3c76d60b,locked_wrong_SWITCH,True,True,False,True,2
H593-c87f01c7404926ac2f3d5404,DIFFICULT-0030,3,876e9a6c8b596c741810be05ef83bc4037f224102f15277c78e9afa9a641a3ab,already_correct,True,True,False,False,1
H593-c967c0f887f10151135e81fc,OUTCOME-0508,2,5e70e07c018dad8a49c0f98df36183854e1a11398f9835189e1f22ef07f9c615,already_correct,True,True,False,False,1
H593-c9ae3eb9e9fe146ef01e07f9,OUTCOME-0448,1,055e3d0a2ba828c5df95354fc5d80825fa129f679641c7a5ba585b5c8911a1f9,already_correct,True,True,False,False,1
H593-c9d897c86e0a07349f3816a5,OUTCOME-0393,0,dabd4e44228b0c3fe4d6e936d82cc48dbee71a26baad248be0f99f22cd2424cf,already_correct,True,True,False,False,1
H593-ca02c70f0bad8aaf62caa00a,DIFFICULT-0006,3,ff5ec2587aa3b0cdf9f678e20f8a78ed21590c17b5931d4adc290fe15bf09b84,already_correct,True,True,False,False,1
H593-ca8b26b506e727e2c826a0a9,DIFFICULT-0103,0,dca95ffa60d30d6597de3bfed4a27b53d657ea2e90a8d6ee6aa513316eee9848,already_correct,True,True,False,False,1
H593-cb08e284452bbeca09345c1d,OUTCOME-0095,3,c7abd98eade15d0ac417dcdde657be6a64e3cb837a808045d084fee49bf7d2a4,already_correct,True,True,False,False,1
H593-cb7de2ed70a969859718b4c8,DIFFICULT-0056,1,f16447b66992689bdb8350dadcb85602511b1bd2c18265a511e90bf7d2910d9c,already_correct,True,True,False,False,1
H593-cbd580ca8890e580605311e6,OUTCOME-0557,2,1007f60c51bf2a9005809d8794f2ee0ba76987b27950ac00057798b1b3be7881,wrong_RAW_and_challenger,True,False,False,False,3
H593-cd810ce4f68ec2e45cc2c736,OUTCOME-0212,2,4307e640e3e4b993a792a0030fe96b8501fe6e1375f37fcb8115bccccdf67258,already_correct,True,False,True,True,1
H593-cd9b8334e2d223c7319b1ab1,OUTCOME-0411,0,1f59b78808c09c6bf68702306ba72c84cbbb75e1dfc61bab3c7f1b99aee3b17d,target_absent,False,False,False,True,
H593-ce6c88b1a0e4cf5238d2af56,OUTCOME-0255,2,4d5d4731b2c45171a86a8690a5b3a1819d26c3dd6226f61b0f9104c2f6f56484,already_correct,True,True,False,False,1
H593-ce727d9df349b4a2b09b0569,OUTCOME-0659,4,48c57d44808de17cdd8b52db0f71a5a8fbbf9d2f4ab10a1751ec128aed4a3ff5,already_correct,True,True,False,False,1
H593-cf3d303c6942b97f41b6fc64,OUTCOME-0372,0,f15f4acea549124570f8e5b5e20c5575b2b6e0d49386891fe5a7552afc90436f,already_correct,True,True,False,False,1
H593-cf4370c2b7c1a87bc4ed328c,DIFFICULT-0028,3,876e9a6c8b596c741810be05ef83bc4037f224102f15277c78e9afa9a641a3ab,already_correct,True,False,True,False,2
H593-d093d4d47fdd62dc2cac68b2,OUTCOME-0730,2,0afd089c456e855f9466067a75179f94b4fb386831d044fd18ff0bcd22e0d3f4,already_correct,True,False,True,True,1
H593-d1ddd31574e73913b670ac2f,OUTCOME-0445,1,055e3d0a2ba828c5df95354fc5d80825fa129f679641c7a5ba585b5c8911a1f9,wrong_RAW_and_challenger,True,False,False,False,4
H593-d26d0257a133ee3b7d65501b,OUTCOME-0220,2,4307e640e3e4b993a792a0030fe96b8501fe6e1375f37fcb8115bccccdf67258,already_correct,True,False,True,True,1
H593-d29e3883066f9b27a2a4c21a,OUTCOME-0569,0,1a231675f970ef17d8df9d796fcc4f991f31e3ecab14c9f45454f336dc22786a,already_correct,True,True,False,False,1
H593-d2bb8fcad397d4f761848233,OUTCOME-0133,4,5e1903b41967d7091402cde6aa7a4b83e5df5f58a2bef1439e218f802ca6cf53,wrong_RAW_and_challenger,True,False,False,False,9
H593-d2ef20eeb4ce3ad7cf1b74d2,OUTCOME-0661,4,e54a0a27f9b030e92d3186f1b9feb159b51d71cced53115c3612eb3000f84093,already_correct,True,False,True,False,2
H593-d34d6636f26c3f3a95c899cd,OUTCOME-0481,1,c88cdb15edcd25a88595edf90f1fc3fef1e374c4e494fb4a4e8accfe55137d0a,already_correct,True,True,False,False,1
H593-d35facd3bcef8508d52b6098,DIFFICULT-0104,0,dca95ffa60d30d6597de3bfed4a27b53d657ea2e90a8d6ee6aa513316eee9848,already_correct,True,True,False,False,1
H593-d404e46663a91ac00c5f1973,OUTCOME-0340,0,8ad47f26cd065ca57d3a68d2c5f31cd9eeb977294c710ac87f6e9c84b24866ea,already_correct,True,True,False,False,1
H593-d436f10dfd701cc9385e8423,OUTCOME-0724,2,d3d9e86636e760b3c7ab9d0366cce29c32d905942a4e7efc24b4feb559ccafdb,already_correct,True,True,False,False,1
H593-d49db6c43ed93ffbd53c56b2,DIFFICULT-0007,3,ff5ec2587aa3b0cdf9f678e20f8a78ed21590c17b5931d4adc290fe15bf09b84,already_correct,True,True,False,False,1
H593-d4eb99839abe07f70ec9fa06,OUTCOME-0729,2,0afd089c456e855f9466067a75179f94b4fb386831d044fd18ff0bcd22e0d3f4,already_correct,True,True,False,False,1
H593-d4fd56aea7e4dc41f9436c8f,OUTCOME-0108,3,c7abd98eade15d0ac417dcdde657be6a64e3cb837a808045d084fee49bf7d2a4,already_correct,True,False,True,True,1
H593-d67beb79b7f0a02cac2b3621,OUTCOME-0205,3,f90fb756794a5ae5c68d05c56cb486456e64d83f751a66bbf1ddae3fcb43bb13,target_absent,False,False,False,False,
H593-d738b62fe4ce9ca980d24764,OUTCOME-0281,4,c36d84d6c8d54c84a5f0b431f53eb8775569f16793018d5e6c57459cf8e20e49,target_absent,False,False,False,False,
H593-d847127af2275cebc7d0a855,OUTCOME-0049,4,caadf690e51b6ae8aa69d3ebfb189f9ae43f3e3bde9aadd83d79e71a9ed27df7,already_correct,True,True,False,False,1
H593-d89ee18850bb49f7986e065b,OUTCOME-0101,3,c7abd98eade15d0ac417dcdde657be6a64e3cb837a808045d084fee49bf7d2a4,already_correct,True,True,False,False,1
H593-d95db08b3f39be7256ba6c14,OUTCOME-0815,2,7abc0d7c0e302804a40dcf309dece25b925a424ae8a43fd70cd693d41ebfc54f,locked_wrong_SWITCH,True,False,False,True,7
H593-da02d3441b2c6b4597eeecd4,OUTCOME-0211,2,4307e640e3e4b993a792a0030fe96b8501fe6e1375f37fcb8115bccccdf67258,already_correct,True,True,False,False,1
H593-db15ccfd642dc2496260750d,OUTCOME-0414,0,1f59b78808c09c6bf68702306ba72c84cbbb75e1dfc61bab3c7f1b99aee3b17d,already_correct,True,True,False,False,1
H593-dc202d508f99c4a7bcb3f66b,OUTCOME-0767,1,2aa1e6c4bb63c1bf91f9200ac8983a2fdb8a3d86fcbc58c5f88c921023045af6,already_correct,True,True,False,False,1
H593-dc49d87eddb7dcd54a502ee3,NDV2-005-P04,0,5993f2caf420c9a99c193d33f748eea45f5c55ab4832c947913f7c005ada8f7b,already_correct,True,True,False,False,1
H593-dcd3ccb47c9158d5e5bf7f4f,OUTCOME-0800,3,d03ec6170d58ac2d6198068ac9aa233411e9b70ad6019840f643fdabcc4a9adf,already_correct,True,True,False,False,1
H593-dcefc56c2ddbfcd758644177,OUTCOME-0259,3,d39c757e2a4c76e8e9403fd84708b3c233de7ca0b40197f435ceb3a48272b73f,already_correct,True,True,False,False,1
H593-dcf09c09df4f20df9122bf55,OUTCOME-0490,2,0748babacede700838aa4a895d8d3238fc567929c58d772ed17e063e9856bb96,already_correct,True,True,False,False,1
H593-dd30b52d4199a64c81b4976c,OUTCOME-0228,4,131b059227e8e198d5556d3c77a12b94efae9837ff4f020b91f223056c73465a,already_correct,True,True,False,False,1
H593-dd91c965c4987a6f11b4d08b,OUTCOME-0104,3,c7abd98eade15d0ac417dcdde657be6a64e3cb837a808045d084fee49bf7d2a4,already_correct,True,False,True,False,2
H593-dda20b76d5b7af6159053c31,OUTCOME-0479,1,c88cdb15edcd25a88595edf90f1fc3fef1e374c4e494fb4a4e8accfe55137d0a,already_correct,True,True,False,False,1
H593-ddd029aad5773c59147bd25d,OUTCOME-0460,1,1efff5d5855cab66509977a0b8d496f45b9a66147726f1323cdd42a873075386,already_correct,True,True,False,False,1
H593-ddead65d98e659c927cda92c,OUTCOME-0795,3,d03ec6170d58ac2d6198068ac9aa233411e9b70ad6019840f643fdabcc4a9adf,already_correct,True,True,False,False,1
H593-de1e1f6f272fc318dc3c5875,OUTCOME-0416,3,6041aa5f85f4424e5ea88d82fcb2c3a2efe067770270d57d823d934e313867bf,locked_wrong_SWITCH,True,False,False,True,33
H593-de48d9ea86e26c33436d5659,OUTCOME-0421,3,6041aa5f85f4424e5ea88d82fcb2c3a2efe067770270d57d823d934e313867bf,already_correct,True,True,False,False,1
H593-de5f802ba95b660402a7eb35,OUTCOME-0798,3,d03ec6170d58ac2d6198068ac9aa233411e9b70ad6019840f643fdabcc4a9adf,already_correct,True,True,False,False,1
H593-dee44c3e2310634d9bc6b455,OUTCOME-0713,0,86244889a9cf4aa3df9f971885f8dfcec40ce965b829d12b7deb1eb31c2e4e44,already_correct,True,True,False,False,1
H593-deeedb839c4275fee269e4b1,OUTCOME-0326,0,27398dad6e577a6cdc7867303a9c586cdf14f835803381e1ac3586b1bec33c43,already_correct,True,True,False,False,1
H593-df2b460cafbe7908b36c9f41,DIFFICULT-0009,4,7309194c945cf747ac938c081c8e1c7587ee93c9427836b98aa713829ad9307b,already_correct,True,True,False,False,1
H593-dff5ad1efb50ad282dc69f32,OUTCOME-0601,3,c13e6a469d26dd360022a4ba3af2d2bdbb230082c9e605b822c0f5806f9b9bc9,already_correct,True,True,False,False,1
H593-e0504cc23358865e805ab7d8,OUTCOME-0722,2,d3d9e86636e760b3c7ab9d0366cce29c32d905942a4e7efc24b4feb559ccafdb,new_wrong_SWITCH,True,True,False,False,1
H593-e074e8a735231d914b14563a,OUTCOME-0757,1,a5cc6cd71cb98a23641d9032f2abdbe55a284b95eedc14e13d1ab9d93b7adc76,already_correct,True,True,False,False,1
H593-e144503cb73837b393fd64a7,NDV2-003-P01,0,5993f2caf420c9a99c193d33f748eea45f5c55ab4832c947913f7c005ada8f7b,already_correct,True,True,False,False,1
H593-e145bcae800e8d359e4d9bc7,OUTCOME-0401,0,dabd4e44228b0c3fe4d6e936d82cc48dbee71a26baad248be0f99f22cd2424cf,already_correct,True,True,False,False,1
H593-e1d2c7ca3a91606fdef2a012,OUTCOME-0464,1,1efff5d5855cab66509977a0b8d496f45b9a66147726f1323cdd42a873075386,already_correct,True,True,False,False,1
H593-e1fc157329d8b0eed6101eee,OUTCOME-0158,3,162fd69cd74c8e3f1f06ce6bb5fec631f657a623f060862dbcc70a39fc026e96,already_correct,True,True,False,False,1
H593-e231dadc5ef7695b0c738e54,OUTCOME-0141,4,5e1903b41967d7091402cde6aa7a4b83e5df5f58a2bef1439e218f802ca6cf53,wrong_RAW_and_challenger,True,False,False,False,5
H593-e2472468e840fd9de1c1724f,OUTCOME-0634,4,ef7d75f57f11d1174b60813355c0cf7d7dce1009b41f2c7a54cf612906b3dea7,already_correct,True,True,False,False,1
H593-e2df8b1f9a0066d722f177e2,OUTCOME-0153,1,da19e4e6b83d15ea83c05ab2e67a7e30bde059231ecd7dfb7f93382fc5e60b98,already_correct,True,False,True,True,1
H593-e3a1eef1c2822562c67fe0fa,OUTCOME-0051,4,caadf690e51b6ae8aa69d3ebfb189f9ae43f3e3bde9aadd83d79e71a9ed27df7,already_correct,True,True,False,False,1
H593-e439fefab23845c41029c64b,OUTCOME-0148,1,da19e4e6b83d15ea83c05ab2e67a7e30bde059231ecd7dfb7f93382fc5e60b98,already_correct,True,False,True,True,1
H593-e5866ba677990acd1f32d391,OUTCOME-0478,1,c88cdb15edcd25a88595edf90f1fc3fef1e374c4e494fb4a4e8accfe55137d0a,already_correct,True,True,False,False,1
H593-e5e24ebb2040c92eaea0764e,OUTCOME-0483,1,c88cdb15edcd25a88595edf90f1fc3fef1e374c4e494fb4a4e8accfe55137d0a,already_correct,True,True,False,False,1
H593-e5e96cde696cb0a0236052a9,OUTCOME-0440,1,055e3d0a2ba828c5df95354fc5d80825fa129f679641c7a5ba585b5c8911a1f9,already_correct,True,True,False,False,1
H593-e692515f387c7a5fc759c07c,NDV2-005-P02,0,5993f2caf420c9a99c193d33f748eea45f5c55ab4832c947913f7c005ada8f7b,already_correct,True,True,False,False,1
H593-e69eb7b78aae86a02db13aa6,DIFFICULT-0061,1,f16447b66992689bdb8350dadcb85602511b1bd2c18265a511e90bf7d2910d9c,already_correct,True,False,True,True,1
H593-e745d1315c4f8a09abbb528a,OUTCOME-0200,3,f90fb756794a5ae5c68d05c56cb486456e64d83f751a66bbf1ddae3fcb43bb13,already_correct,True,True,False,False,1
H593-e7f81704d24ad28f3ed69f17,OUTCOME-0623,4,ef7d75f57f11d1174b60813355c0cf7d7dce1009b41f2c7a54cf612906b3dea7,already_correct,True,True,False,False,1
H593-e8352d4faef37224ec8d3c87,OUTCOME-0742,3,30a739efc9fa2fbc6556b4a23a5b909fd205591b6158bb099a4dd09818a8f35e,wrong_RAW_and_challenger,True,False,False,False,6
H593-e8c8ae988bf96315bca9637e,OUTCOME-0131,4,5e1903b41967d7091402cde6aa7a4b83e5df5f58a2bef1439e218f802ca6cf53,already_correct,True,False,True,True,1
H593-e92fe753ade85e2fd385e8fd,OUTCOME-0162,3,162fd69cd74c8e3f1f06ce6bb5fec631f657a623f060862dbcc70a39fc026e96,already_correct,True,True,False,False,1
H593-e99d58a3d13a742bf663ba50,OUTCOME-0283,4,c36d84d6c8d54c84a5f0b431f53eb8775569f16793018d5e6c57459cf8e20e49,already_correct,True,True,False,False,1
H593-ea052fca527e8b385b91ced6,OUTCOME-0629,4,ef7d75f57f11d1174b60813355c0cf7d7dce1009b41f2c7a54cf612906b3dea7,already_correct,True,True,False,False,1
H593-ea6da1ea39a3b6c4df654b68,OUTCOME-0317,0,27398dad6e577a6cdc7867303a9c586cdf14f835803381e1ac3586b1bec33c43,already_correct,True,True,False,False,1
H593-eadfceaa5ec693edd8fe4318,DIFFICULT-0038,2,da3eaa29e19bcc9bd6181db13c258df73a34d84bc20cb67ca147824a6fc4abe5,already_correct,True,True,False,False,1
H593-eaf3edda1f071e309b8a2a43,OUTCOME-0140,4,5e1903b41967d7091402cde6aa7a4b83e5df5f58a2bef1439e218f802ca6cf53,wrong_RAW_and_challenger,True,False,False,False,6
H593-ebb0e74799ca19a69c13cbe6,OUTCOME-0314,0,69e8433234f6613d539957d8cd900a9503c3e7bceb31e12adec7cfa0adc6368b,already_correct,True,False,True,True,1
H593-ebcc7ec67efc54601b0acdc3,DIFFICULT-0029,3,876e9a6c8b596c741810be05ef83bc4037f224102f15277c78e9afa9a641a3ab,already_correct,True,True,False,False,1
H593-ebe004fac3a869155a17eaca,OUTCOME-0250,2,4d5d4731b2c45171a86a8690a5b3a1819d26c3dd6226f61b0f9104c2f6f56484,already_correct,True,True,False,False,1
H593-ec2c7b5e62c36bab4a4ce68f,OUTCOME-0501,2,0748babacede700838aa4a895d8d3238fc567929c58d772ed17e063e9856bb96,already_correct,True,True,False,False,1
H593-ec3836db486607fb464da173,NDV2-011-P01,4,f136ca0b9c716fcae1884f370b2cc9c1a38f30e5a477d50097f50ecb3c76d60b,already_correct,True,True,False,False,1
H593-ec3b4c5b9e5c85d7f1c77e04,DIFFICULT-0126,2,c04b390c7ae86a0d21958115ce19bd1ed22c76ff1b8fb240f01405c8bf9231ec,already_correct,True,True,False,False,1
H593-edaf6d7ae2f6b07a0947ebe4,OUTCOME-0099,3,c7abd98eade15d0ac417dcdde657be6a64e3cb837a808045d084fee49bf7d2a4,already_correct,True,True,False,False,1
H593-edb743470b7490b0360aa942,DIFFICULT-0133,2,c04b390c7ae86a0d21958115ce19bd1ed22c76ff1b8fb240f01405c8bf9231ec,already_correct,True,True,False,False,1
H593-eed1fdcec6a5fc782b62b0e2,OUTCOME-0607,3,b59977829e4879950db4969ecaf00ca81d1c8111d9b7a12c396ccf0401db452e,already_correct,True,True,False,False,1
H593-eed6c85ca855e4ae9630c4d1,OUTCOME-0695,2,90d7a704ad7bf679580bc4dbadbe13884f491d2e338402f4d4437c2ffd66ab93,wrong_RAW_and_challenger,True,False,False,False,22
H593-efa7a88b273f82ecd4fef43c,DIFFICULT-0039,2,da3eaa29e19bcc9bd6181db13c258df73a34d84bc20cb67ca147824a6fc4abe5,already_correct,True,True,False,False,1
H593-f01b0d9567d81975a69f9aef,DIFFICULT-0053,1,f16447b66992689bdb8350dadcb85602511b1bd2c18265a511e90bf7d2910d9c,already_correct,True,True,False,False,1
H593-f063b9949afaac7650b24e97,NDV2-011-P04,4,f136ca0b9c716fcae1884f370b2cc9c1a38f30e5a477d50097f50ecb3c76d60b,already_correct,True,False,True,True,1
H593-f20e682caad635857fd5f8dd,OUTCOME-0345,0,8ad47f26cd065ca57d3a68d2c5f31cd9eeb977294c710ac87f6e9c84b24866ea,already_correct,True,False,True,True,1
H593-f35a8c51ab813d80801658e6,OUTCOME-0139,4,5e1903b41967d7091402cde6aa7a4b83e5df5f58a2bef1439e218f802ca6cf53,already_correct,True,True,False,False,1
H593-f3c20abac3dd184a86c429a0,OUTCOME-0173,3,162fd69cd74c8e3f1f06ce6bb5fec631f657a623f060862dbcc70a39fc026e96,already_correct,True,True,False,False,1
H593-f42264b44984bda93155507c,OUTCOME-0555,2,1007f60c51bf2a9005809d8794f2ee0ba76987b27950ac00057798b1b3be7881,already_correct,True,False,True,False,2
H593-f522efe671aecfa850b10989,OUTCOME-0333,0,8ad47f26cd065ca57d3a68d2c5f31cd9eeb977294c710ac87f6e9c84b24866ea,already_correct,True,False,True,True,1
H593-f56cf6023f8dcccac4693b08,OUTCOME-0723,2,d3d9e86636e760b3c7ab9d0366cce29c32d905942a4e7efc24b4feb559ccafdb,already_correct,True,True,False,False,1
H593-f5c5e96edf25f0e9889f7a90,OUTCOME-0538,4,67c564121b4c0847db261d818757e131684626ea0db83097a0e9610c7cf03222,correct_challenger_still_HOLD,True,False,True,False,2
H593-f76526c33a46334ffd03f393,OUTCOME-0654,4,48c57d44808de17cdd8b52db0f71a5a8fbbf9d2f4ab10a1751ec128aed4a3ff5,already_correct,True,True,False,False,1
H593-f82866c3a45308bd0b16d5ac,OUTCOME-0499,2,0748babacede700838aa4a895d8d3238fc567929c58d772ed17e063e9856bb96,already_correct,True,True,False,False,1
H593-f84d26c893d33050fff89605,OUTCOME-0353,1,f4cb26eef9646d6dfd71a5bdba8092d2e0f934cd5f8e9ffe627d7c9ba8444f36,already_correct,True,True,False,False,1
H593-f8eff39159581996e9ea4e6c,OUTCOME-0165,3,162fd69cd74c8e3f1f06ce6bb5fec631f657a623f060862dbcc70a39fc026e96,already_correct,True,True,False,False,1
H593-f8f2ba33e85faa63a18e6a66,OUTCOME-0690,2,90d7a704ad7bf679580bc4dbadbe13884f491d2e338402f4d4437c2ffd66ab93,already_correct,True,True,False,False,1
H593-f90239a05b957482e11280a4,OUTCOME-0443,1,055e3d0a2ba828c5df95354fc5d80825fa129f679641c7a5ba585b5c8911a1f9,already_correct,True,True,False,False,1
H593-f99f32ee31f49704d2c9891e,OUTCOME-0518,2,5e70e07c018dad8a49c0f98df36183854e1a11398f9835189e1f22ef07f9c615,already_correct,True,False,True,True,1
H593-f9fdc3eba36a0ac68a3dcb72,OUTCOME-0618,3,b59977829e4879950db4969ecaf00ca81d1c8111d9b7a12c396ccf0401db452e,new_wrong_SWITCH,True,True,False,False,1
H593-fa11ede2797c8a575ecf38a9,DIFFICULT-0037,2,da3eaa29e19bcc9bd6181db13c258df73a34d84bc20cb67ca147824a6fc4abe5,already_correct,True,True,False,False,1
H593-fa12d24ad164c3ae3b3f0ff6,OUTCOME-0132,4,5e1903b41967d7091402cde6aa7a4b83e5df5f58a2bef1439e218f802ca6cf53,correct_challenger_still_HOLD,True,False,True,False,2
H593-fa40eb493bb915b96a07206e,OUTCOME-0485,1,c88cdb15edcd25a88595edf90f1fc3fef1e374c4e494fb4a4e8accfe55137d0a,already_correct,True,True,False,False,1
H593-faa6074c9997f968c1272a9e,OUTCOME-0434,1,055e3d0a2ba828c5df95354fc5d80825fa129f679641c7a5ba585b5c8911a1f9,correct_challenger_still_HOLD,True,False,True,False,2
H593-fad260b269d3d417a7731657,OUTCOME-0136,4,5e1903b41967d7091402cde6aa7a4b83e5df5f58a2bef1439e218f802ca6cf53,already_correct,True,False,True,True,1
H593-fb2b078bd866460d51bf7395,DIFFICULT-0127,2,c04b390c7ae86a0d21958115ce19bd1ed22c76ff1b8fb240f01405c8bf9231ec,already_correct,True,True,False,False,1
H593-fc24d3c5a9feecb49bf1edfa,DIFFICULT-0106,0,dca95ffa60d30d6597de3bfed4a27b53d657ea2e90a8d6ee6aa513316eee9848,already_correct,True,True,False,False,1
H593-fc81e205bf979fb6adf73655,OUTCOME-0626,4,ef7d75f57f11d1174b60813355c0cf7d7dce1009b41f2c7a54cf612906b3dea7,already_correct,True,True,False,False,1
H593-fe03d26ba43ce31225a4cc40,DIFFICULT-0094,1,bf0eaa86ddfc9a7fbdb09ac2f6f0fd91e32036da44a8971649ba96ecb8aa1b71,already_correct,True,True,False,False,1
H593-feb9948db167fc67715b216a,OUTCOME-0001,1,1c37c8c6064f3ee8446595a55b1d8fb0394f2b039c86eb060704e75d998d0d11,already_correct,True,False,True,False,2
H593-fec0fed3cd6dbb3b7fa3bdce,DIFFICULT-0099,1,bf0eaa86ddfc9a7fbdb09ac2f6f0fd91e32036da44a8971649ba96ecb8aa1b71,correct_challenger_still_HOLD,True,False,True,False,2
H593-ff10afe9bea632bb497326c1,OUTCOME-0808,2,7abc0d7c0e302804a40dcf309dece25b925a424ae8a43fd70cd693d41ebfc54f,already_correct,True,True,False,False,1
H593-ff4f96d84bf1c9b62000723b,OUTCOME-0315,0,69e8433234f6613d539957d8cd900a9503c3e7bceb31e12adec7cfa0adc6368b,already_correct,True,True,False,False,1
H593-ffa09c9771998a865907952c,OUTCOME-0763,1,a5cc6cd71cb98a23641d9032f2abdbe55a284b95eedc14e13d1ab9d93b7adc76,already_correct,True,True,False,False,1
H593-ffb122cdce092c8a0ed03d4b,OUTCOME-0280,4,c36d84d6c8d54c84a5f0b431f53eb8775569f16793018d5e6c57459cf8e20e49,already_correct,True,True,False,False,1
