manifest,image_count,path_fields,note
ICLR/new ROUTEA/RC/results/rc_new_hyp593_oof5_v1/metadata/worker_manifest.json,593,query_image_path,Original pixels omitted; preserve these paths and source hashes in a separate data backup.
ICLR/new ROUTEA/RC/results/rc_new_hyp_grozi120_external_v1/image_receipt.json,600,image_path,Original pixels omitted; preserve these paths and source hashes in a separate data backup.
ICLR/new ROUTEA/RC/results/rc_new_hyp_grozi120_external_v1/asset_manifest.json,600,image_path,Original pixels omitted; preserve these paths and source hashes in a separate data backup.
ICLR/new ROUTEA/RC/results/rc_new_hyp_grozi120_external_v1/gallery_append_manifest.json,120,image_path,Original pixels omitted; preserve these paths and source hashes in a separate data backup.
ICLR/new ROUTEA/RC/results/rc_new_hyp_grozi120_external_v1/worker_manifest.json,480,image_path,Original pixels omitted; preserve these paths and source hashes in a separate data backup.
ICLR/new ROUTEA/RC/results/rc_new_hyp_isic_transfer_v1/gallery_manifest.json,390,image_path,Original pixels omitted; preserve these paths and source hashes in a separate data backup.
ICLR/new ROUTEA/RC/results/rc_new_hyp_isic_transfer_v1/worker_manifest.json,537,image_path,Original pixels omitted; preserve these paths and source hashes in a separate data backup.
ICLR/new ROUTEA/RC/results/rc_new_hyp_processed128_regression_v1/gallery_manifest.json,5413,image_path,Original pixels omitted; preserve these paths and source hashes in a separate data backup.
ICLR/new ROUTEA/RC/results/rc_new_hyp_processed128_regression_v1/worker_manifest.json,128,query_image_path,Original pixels omitted; preserve these paths and source hashes in a separate data backup.
ICLR/new ROUTEA/RC/results/rc_new_hyp_rpc_transfer_v1/gallery_manifest.json,200,image_path,Original pixels omitted; preserve these paths and source hashes in a separate data backup.
ICLR/new ROUTEA/RC/results/rc_new_hyp_rpc_transfer_v1/worker_manifest.json,600,image_path,Original pixels omitted; preserve these paths and source hashes in a separate data backup.
ICLR/new ROUTEA/RC/results/rc_new_hyp_rpc_transfer_v1/download_manifest.json,800,image_path,Original pixels omitted; preserve these paths and source hashes in a separate data backup.
ICLR/new ROUTEA/RC/results/rc_original7_expanded_eval128_manifest_v1/worker_manifest.json,128,query_image_path,Original pixels omitted; preserve these paths and source hashes in a separate data backup.
ICLR/new ROUTEA/RC/results/rc_original7_train128_manifest_v1/worker_manifest.json,128,query_image_path,Original pixels omitted; preserve these paths and source hashes in a separate data backup.
