group,fold,image_count,RAW_correct,BASE7_correct,BASE7_RAW_rescue,BASE7_RAW_break,CONSTANT1_correct,CONSTANT1_RAW_rescue,CONSTANT1_RAW_break,CONDITIONAL4_correct,CONDITIONAL4_RAW_rescue,CONDITIONAL4_RAW_break,CONDITIONAL4_minus_BASE7_gain,CONDITIONAL4_minus_BASE7_loss,CONDITIONAL4_minus_CONSTANT1_gain,CONDITIONAL4_minus_CONSTANT1_loss,CONSTANT1_minus_BASE7_gain,CONSTANT1_minus_BASE7_loss
NEW_SUPERGROUP:G33_box_prescription_STELARA,3,4,4,4,0,0,4,0,0,4,0,0,0,0,0,0,0,0
NEW_SUPERGROUP:G55_box_homeopathic_GUNA_Stomach_Plus,0,1,1,1,0,0,1,0,0,1,0,0,0,0,0,0,0,0
NEW_SUPERGROUP:SF_BACITRACIN,3,4,4,3,0,1,3,0,1,3,0,1,0,0,0,0,0,0
SOURCE_XML:animal/08b74c2a-ac91-40db-a01e-7e2ba583c304.xml,2,4,3,4,1,0,4,1,0,4,1,0,0,0,0,0,0,0
SOURCE_XML:animal/27772b36-7c96-465a-a476-3b5dc25349f2.xml,2,3,0,1,1,0,0,0,0,0,0,0,0,1,0,0,0,1
SOURCE_XML:animal/4cc7b9ab-8ca4-47d7-8710-eecfbb59b407.xml,0,5,5,5,0,0,5,0,0,5,0,0,0,0,0,0,0,0
SOURCE_XML:animal/791af409-7699-4865-82cc-3612acb07071.xml,2,4,1,2,1,0,2,1,0,2,1,0,0,0,0,0,0,0
SOURCE_XML:animal/9e047009-2006-460e-8877-3aa418e6d232.xml,0,5,3,4,1,0,4,1,0,3,0,0,0,1,0,1,0,0
SOURCE_XML:animal/d77e5aea-97be-4dd8-9cf8-8052feb0c9ae.xml,2,2,2,2,0,0,2,0,0,2,0,0,0,0,0,0,0,0
SOURCE_XML:animal/f31b084f-11ee-48c1-98fc-f429237ede31.xml,1,3,0,0,0,0,0,0,0,0,0,0,0,0,0,0,0,0
SOURCE_XML:homeopathic/262fbc45-89f5-982a-e063-6394a90a1a1e.xml,3,4,3,4,1,0,4,1,0,4,1,0,0,0,0,0,0,0
SOURCE_XML:homeopathic/28dc648b-531a-8daf-e063-6294a90a9b44.xml,0,3,1,2,1,0,2,1,0,2,1,0,0,0,0,0,0,0
SOURCE_XML:otc/08099eb1-4b9a-113e-e063-6294a90aef48.xml,1,1,1,1,0,0,1,0,0,1,0,0,0,0,0,0,0,0
SOURCE_XML:otc/19df13da-27d4-41f8-91d4-79227547a914.xml,1,6,1,3,2,0,4,3,0,4,3,0,1,0,0,0,1,0
SOURCE_XML:otc/24b33596-d38f-be47-e063-6394a90ab641.xml,2,5,5,5,0,0,5,0,0,5,0,0,0,0,0,0,0,0
SOURCE_XML:otc/2bef47f6-5cc4-db3a-e063-6294a90aaca0.xml,1,2,0,0,0,0,0,0,0,0,0,0,0,0,0,0,0,0
SOURCE_XML:otc/4249d4bf-f85b-4ab7-aef2-6e77dcd591a8.xml,3,4,3,4,1,0,4,1,0,4,1,0,0,0,0,0,0,0
SOURCE_XML:otc/45b08d8c-c754-d45b-e063-6394a90aa4c8.xml,0,6,0,5,5,0,5,5,0,5,5,0,0,0,0,0,0,0
SOURCE_XML:otc/51147704-1189-4444-9ad5-499a8ea25673.xml,0,5,4,4,0,0,4,0,0,4,0,0,0,0,0,0,0,0
SOURCE_XML:otc/54dbdbc2-cdaf-17cf-e054-00144ff8d46c.xml,1,4,3,4,1,0,4,1,0,4,1,0,0,0,0,0,0,0
SOURCE_XML:otc/631937d9-6254-44be-9813-ec54c01c90e9.xml,1,4,4,4,0,0,4,0,0,4,0,0,0,0,0,0,0,0
SOURCE_XML:otc/8d32fcd8-4ae6-1c8d-e053-2a95a90ad4c7.xml,3,6,3,4,1,0,4,1,0,4,1,0,0,0,0,0,0,0
SOURCE_XML:otc/9452d82d-433a-4f1d-8b97-b76ddc84b1aa.xml,0,6,4,6,2,0,6,2,0,6,2,0,0,0,0,0,0,0
SOURCE_XML:otc/b8a4f38d-1443-4c0f-b4f3-6099018c1e84.xml,1,4,3,4,1,0,4,1,0,4,1,0,0,0,0,0,0,0
SOURCE_XML:otc/bef4f237-ccb8-4d28-bfc2-41c511a17d7f.xml,0,4,2,3,1,0,3,1,0,3,1,0,0,0,0,0,0,0
SOURCE_XML:other/195585b0-5cd1-4638-9765-224db70d6e44.xml,2,5,5,5,0,0,5,0,0,5,0,0,0,0,0,0,0,0
SOURCE_XML:other/27037958-0529-4374-bf3d-e74da80a04dc.xml,3,5,5,5,0,0,5,0,0,5,0,0,0,0,0,0,0,0
SOURCE_XML:prescription/1b5d6d46-a8fc-ed74-e063-6294a90af6c1.xml,3,3,3,3,0,0,3,0,0,3,0,0,0,0,0,0,0,0
SOURCE_XML:prescription/1bfe0e55-f3ec-40ea-965d-3e954a31cb29.xml,1,3,3,3,0,0,3,0,0,3,0,0,0,0,0,0,0,0
SOURCE_XML:prescription/5f6533d8-cd32-44e6-964f-d1087530172c.xml,3,4,4,4,0,0,4,0,0,4,0,0,0,0,0,0,0,0
SOURCE_XML:prescription/9cfbe4a1-045c-489f-8ca7-9d595997dab7.xml,2,4,1,4,3,0,4,3,0,4,3,0,0,0,0,0,0,0
SOURCE_XML:prescription/dcfcbe55-750e-4f29-9ebe-fbf25d4083cd.xml,2,5,5,5,0,0,5,0,0,5,0,0,0,0,0,0,0,0
