fold,train_universe,train_query_count,held_query_count,held_identity_count,train_held_query_identity_overlap,train_held_query_component_overlap,train_held_query_image_sha256_overlap,held_identities_exposed_as_train_reference_negative,held_identity_exposure_fraction,held_queries_whose_identity_is_exposed,held_query_exposure_fraction,train_queries_containing_any_held_reference_negative,train_query_fraction_with_held_reference_negative,held_identity_negative_candidate_occurrences,distinct_exposed_held_identity_reference_rows
0,ALL_ORIGINAL_TRAIN_QUERIES,474,119,16,0,0,0,16,1.0,119,1.0,161,0.339662447257384,278,16
0,TARGET_PRESENT_TRAIN_QUERIES,457,119,16,0,0,0,16,1.0,119,1.0,158,0.34573304157549234,275,16
1,ALL_ORIGINAL_TRAIN_QUERIES,475,118,12,0,0,0,12,1.0,118,1.0,170,0.35789473684210527,198,12
1,TARGET_PRESENT_TRAIN_QUERIES,454,118,12,0,0,0,12,1.0,118,1.0,168,0.3700440528634361,196,12
2,ALL_ORIGINAL_TRAIN_QUERIES,474,119,13,0,0,0,13,1.0,119,1.0,219,0.4620253164556962,273,13
2,TARGET_PRESENT_TRAIN_QUERIES,451,119,13,0,0,0,13,1.0,119,1.0,212,0.4700665188470067,264,13
3,ALL_ORIGINAL_TRAIN_QUERIES,474,119,13,0,0,0,13,1.0,119,1.0,194,0.4092827004219409,223,13
3,TARGET_PRESENT_TRAIN_QUERIES,461,119,13,0,0,0,13,1.0,119,1.0,189,0.40997830802603036,218,13
4,ALL_ORIGINAL_TRAIN_QUERIES,475,118,14,0,0,0,14,1.0,118,1.0,130,0.2736842105263158,146,14
4,TARGET_PRESENT_TRAIN_QUERIES,457,118,14,0,0,0,14,1.0,118,1.0,126,0.27571115973741794,142,14
