model,seed,operating_point,queries,correct,accuracy,rescues_vs_RAW,breaks_vs_RAW,net_vs_RAW,switches,wrong_to_wrong_switches,training_population,fold0_queries,fold0_correct,fold1_queries,fold1_correct,fold2_queries,fold2_correct,fold3_queries,fold3_correct,fold4_queries,fold4_correct
B_CAL,0,selected_tau,71,52,0.7323943661971831,6,5,1,17,6,F71 original outer TRAIN intersection,21,13,15,13,15,11,5,3,15,12
B_CAL,0,zero,71,57,0.8028169014084507,6,0,6,13,7,F71 original outer TRAIN intersection,21,18,15,13,15,11,5,3,15,12
QR,0,selected_tau,71,44,0.6197183098591549,1,8,-7,13,4,F71 original outer TRAIN intersection,21,11,15,12,15,10,5,2,15,9
QR,0,zero,71,29,0.4084507042253521,3,25,-22,44,16,F71 original outer TRAIN intersection,21,8,15,10,15,4,5,2,15,5
QR_VEC,0,selected_tau,71,47,0.6619718309859155,1,5,-4,11,5,F71 original outer TRAIN intersection,21,15,15,12,15,9,5,2,15,9
QR_VEC,0,zero,71,29,0.4084507042253521,3,25,-22,44,16,F71 original outer TRAIN intersection,21,10,15,8,15,4,5,2,15,5
QRR,0,selected_tau,71,50,0.704225352112676,1,2,-1,5,2,F71 original outer TRAIN intersection,21,18,15,12,15,9,5,2,15,9
QRR,0,zero,71,31,0.43661971830985913,4,24,-20,44,16,F71 original outer TRAIN intersection,21,12,15,7,15,6,5,1,15,5
B_CAL,1,selected_tau,71,52,0.7323943661971831,6,5,1,17,6,F71 original outer TRAIN intersection,21,13,15,13,15,11,5,3,15,12
B_CAL,1,zero,71,57,0.8028169014084507,6,0,6,13,7,F71 original outer TRAIN intersection,21,18,15,13,15,11,5,3,15,12
QR,1,selected_tau,71,49,0.6901408450704225,2,4,-2,12,6,F71 original outer TRAIN intersection,21,18,15,12,15,7,5,2,15,10
QR,1,zero,71,34,0.4788732394366197,4,21,-17,40,15,F71 original outer TRAIN intersection,21,12,15,11,15,5,5,1,15,5
QR_VEC,1,selected_tau,71,51,0.7183098591549296,3,3,0,9,3,F71 original outer TRAIN intersection,21,16,15,13,15,10,5,2,15,10
QR_VEC,1,zero,71,31,0.43661971830985913,3,23,-20,43,17,F71 original outer TRAIN intersection,21,12,15,7,15,5,5,1,15,6
QRR,1,selected_tau,71,50,0.704225352112676,0,1,-1,4,3,F71 original outer TRAIN intersection,21,17,15,12,15,10,5,2,15,9
QRR,1,zero,71,33,0.4647887323943662,4,22,-18,42,16,F71 original outer TRAIN intersection,21,11,15,9,15,6,5,2,15,5
B_CAL,2,selected_tau,71,52,0.7323943661971831,6,5,1,17,6,F71 original outer TRAIN intersection,21,13,15,13,15,11,5,3,15,12
B_CAL,2,zero,71,57,0.8028169014084507,6,0,6,13,7,F71 original outer TRAIN intersection,21,18,15,13,15,11,5,3,15,12
QR,2,selected_tau,71,53,0.7464788732394366,2,0,2,5,3,F71 original outer TRAIN intersection,21,18,15,12,15,11,5,2,15,10
QR,2,zero,71,33,0.4647887323943662,5,23,-18,42,14,F71 original outer TRAIN intersection,21,12,15,8,15,4,5,2,15,7
QR_VEC,2,selected_tau,71,53,0.7464788732394366,2,0,2,6,4,F71 original outer TRAIN intersection,21,18,15,12,15,11,5,2,15,10
QR_VEC,2,zero,71,32,0.4507042253521127,3,22,-19,41,16,F71 original outer TRAIN intersection,21,11,15,7,15,6,5,2,15,6
QRR,2,selected_tau,71,51,0.7183098591549296,1,1,0,5,3,F71 original outer TRAIN intersection,21,18,15,12,15,10,5,2,15,9
QRR,2,zero,71,27,0.38028169014084506,2,26,-24,45,17,F71 original outer TRAIN intersection,21,10,15,6,15,4,5,2,15,5
RAW,,historical,71,51,0.7183098591549296,0,0,0,0,0,frozen historical original H593 outer TRAIN; RAW is untrained,21,17,15,12,15,11,5,2,15,9
COST1_481,,historical,71,57,0.8028169014084507,6,0,6,8,2,frozen historical original H593 outer TRAIN; RAW is untrained,21,18,15,14,15,11,5,3,15,11
GAP_BIAS2_492,,historical,71,59,0.8309859154929577,8,0,8,13,5,frozen historical original H593 outer TRAIN; RAW is untrained,21,18,15,14,15,12,5,3,15,12
CONTENT18_496,,historical,71,59,0.8309859154929577,9,1,8,16,6,frozen historical original H593 outer TRAIN; RAW is untrained,21,18,15,14,15,11,5,4,15,12
