panel,model,queries,correct,accuracy_percent,RAW_correct,rescue_vs_RAW,loss_vs_RAW,net_vs_RAW,MRR,candidate_source,action,evidence_level,source,verification
GroZi480,CE,480,367,76.45833333333333,321,46,0,46,0.7763266660659789,RAW natural C128,127 challengers; SWITCH iff max logit > 0 else HOLD,scoped external confirmation,results/rc_new_hyp_grozi120_external_v1/result.json,recounted from per-query correct/rank records
GroZi480,CE_CBIND,480,298,62.083333333333336,321,3,26,-23,0.6835061959354758,RAW natural C128,127 challengers; SWITCH iff max logit > 0 else HOLD,scoped external confirmation,results/rc_new_hyp_grozi120_external_v1/result.json,recounted from per-query correct/rank records
GroZi480,COST1,480,355,73.95833333333334,321,34,0,34,0.7594816498796798,RAW natural C128,127 challengers; SWITCH iff max logit > 0 else HOLD,scoped external confirmation,results/rc_new_hyp_grozi120_external_v1/result.json,recounted from per-query correct/rank records
GroZi480,COST1_CBIND,480,313,65.20833333333333,321,0,8,-8,0.7004237535849414,RAW natural C128,127 challengers; SWITCH iff max logit > 0 else HOLD,scoped external confirmation,results/rc_new_hyp_grozi120_external_v1/result.json,recounted from per-query correct/rank records
GroZi480,COST4,480,326,67.91666666666667,321,5,0,5,0.7166174614973994,RAW natural C128,127 challengers; SWITCH iff max logit > 0 else HOLD,scoped external confirmation,results/rc_new_hyp_grozi120_external_v1/result.json,recounted from per-query correct/rank records
GroZi480,COST4_CBIND,480,321,66.875,321,0,0,0,0.7107841281640659,RAW natural C128,127 challengers; SWITCH iff max logit > 0 else HOLD,scoped external confirmation,results/rc_new_hyp_grozi120_external_v1/result.json,recounted from per-query correct/rank records
GroZi480,GROUP_COST4,480,329,68.54166666666667,321,8,0,8,0.7200896837196216,RAW natural C128,127 challengers; SWITCH iff max logit > 0 else HOLD,scoped external confirmation,results/rc_new_hyp_grozi120_external_v1/result.json,recounted from per-query correct/rank records
GroZi480,GROUP_COST4_CBIND,480,321,66.875,321,0,0,0,0.7107841281640659,RAW natural C128,127 challengers; SWITCH iff max logit > 0 else HOLD,scoped external confirmation,results/rc_new_hyp_grozi120_external_v1/result.json,recounted from per-query correct/rank records
GroZi480,RAW,480,321,66.875,321,0,0,0,0.7107841281640659,RAW natural C128,127 challengers; SWITCH iff max logit > 0 else HOLD,scoped external confirmation,results/rc_new_hyp_grozi120_external_v1/result.json,recounted from per-query correct/rank records
GroZi480,RAW2_CE,480,321,66.875,321,0,0,0,0.7107841281640659,RAW natural C128,127 challengers; SWITCH iff max logit > 0 else HOLD,scoped external confirmation,results/rc_new_hyp_grozi120_external_v1/result.json,recounted from per-query correct/rank records
GroZi480,RAW2_CE_CBIND,480,321,66.875,321,0,0,0,0.7107841281640659,RAW natural C128,127 challengers; SWITCH iff max logit > 0 else HOLD,scoped external confirmation,results/rc_new_hyp_grozi120_external_v1/result.json,recounted from per-query correct/rank records
ISIC537,CE,537,513,95.53072625698324,466,47,0,47,0.9591858856242965,RAW natural C128,127 challengers; SWITCH iff max logit > 0 else HOLD,opened cohort; exploratory transfer,results/rc_new_hyp_isic_transfer_v1/result.json,recounted from per-query correct/rank records
ISIC537,CE_CBIND,537,335,62.38361266294227,466,3,134,-131,0.7725175084988781,RAW natural C128,127 challengers; SWITCH iff max logit > 0 else HOLD,opened cohort; exploratory transfer,results/rc_new_hyp_isic_transfer_v1/result.json,recounted from per-query correct/rank records
ISIC537,COST1,537,500,93.1098696461825,466,34,0,34,0.9409213913699191,RAW natural C128,127 challengers; SWITCH iff max logit > 0 else HOLD,opened cohort; exploratory transfer,results/rc_new_hyp_isic_transfer_v1/result.json,recounted from per-query correct/rank records
ISIC537,COST1_CBIND,537,414,77.09497206703911,466,0,52,-52,0.8476714556685193,RAW natural C128,127 challengers; SWITCH iff max logit > 0 else HOLD,opened cohort; exploratory transfer,results/rc_new_hyp_isic_transfer_v1/result.json,recounted from per-query correct/rank records
ISIC537,COST4,537,469,87.33705772811918,466,3,0,3,0.9015129095798057,RAW natural C128,127 challengers; SWITCH iff max logit > 0 else HOLD,opened cohort; exploratory transfer,results/rc_new_hyp_isic_transfer_v1/result.json,recounted from per-query correct/rank records
ISIC537,COST4_CBIND,537,465,86.59217877094973,466,0,1,-1,0.8970436358367889,RAW natural C128,127 challengers; SWITCH iff max logit > 0 else HOLD,opened cohort; exploratory transfer,results/rc_new_hyp_isic_transfer_v1/result.json,recounted from per-query correct/rank records
ISIC537,GROUP_COST4,537,470,87.52327746741155,466,4,0,4,0.9031090787737401,RAW natural C128,127 challengers; SWITCH iff max logit > 0 else HOLD,opened cohort; exploratory transfer,results/rc_new_hyp_isic_transfer_v1/result.json,recounted from per-query correct/rank records
ISIC537,GROUP_COST4_CBIND,537,462,86.03351955307262,466,0,4,-4,0.8939399735152496,RAW natural C128,127 challengers; SWITCH iff max logit > 0 else HOLD,opened cohort; exploratory transfer,results/rc_new_hyp_isic_transfer_v1/result.json,recounted from per-query correct/rank records
ISIC537,RAW,537,466,86.77839851024208,466,0,0,0,0.8979747345332508,RAW natural C128,127 challengers; SWITCH iff max logit > 0 else HOLD,opened cohort; exploratory transfer,results/rc_new_hyp_isic_transfer_v1/result.json,recounted from per-query correct/rank records
ISIC537,RAW2_CE,537,466,86.77839851024208,466,0,0,0,0.8979747345332508,RAW natural C128,127 challengers; SWITCH iff max logit > 0 else HOLD,opened cohort; exploratory transfer,results/rc_new_hyp_isic_transfer_v1/result.json,recounted from per-query correct/rank records
ISIC537,RAW2_CE_CBIND,537,466,86.77839851024208,466,0,0,0,0.8979747345332508,RAW natural C128,127 challengers; SWITCH iff max logit > 0 else HOLD,opened cohort; exploratory transfer,results/rc_new_hyp_isic_transfer_v1/result.json,recounted from per-query correct/rank records
