panel,model,baseline,rescues,breaks,net,accuracy_difference_pp,group_CI95_low_pp,group_CI95_high_pp,groups,reliable_net_positive
processed128 synthetic regression,CE,RAW,2,0,2,1.5625,0.0,3.90625,128,False
processed128 synthetic regression,CE_CBIND,RAW,0,47,-47,-36.71875,-45.3125,-28.125,128,False
processed128 synthetic regression,COST1,RAW,1,0,1,0.78125,0.0,2.34375,128,False
processed128 synthetic regression,COST1_CBIND,RAW,0,29,-29,-22.65625,-29.6875,-15.625,128,False
processed128 synthetic regression,COST4,RAW,0,0,0,0.0,0.0,0.0,128,False
processed128 synthetic regression,COST4_CBIND,RAW,0,3,-3,-2.34375,-5.46875,0.0,128,False
processed128 synthetic regression,GROUP_COST4,RAW,0,0,0,0.0,0.0,0.0,128,False
processed128 synthetic regression,GROUP_COST4_CBIND,RAW,0,3,-3,-2.34375,-5.46875,0.0,128,False
processed128 synthetic regression,RAW2_CE,RAW,0,0,0,0.0,0.0,0.0,128,False
processed128 synthetic regression,RAW2_CE_CBIND,RAW,0,0,0,0.0,0.0,0.0,128,False
