panel,model,queries,correct,accuracy_percent,rescue_vs_RAW,loss_vs_RAW,net_vs_RAW,switches,holds,target_recall_C128,head_lineage,candidate_source,action,evidence_level
processed128 synthetic regression,RAW,128,121,94.53125,0,0,0,0,128,127,"Frozen full-H593 heads from 20260913, no retraining",Legacy5413 physical references / 5412 corrected identities; naturalC128,All127 challengers; SWITCH iff maxlogit>0 else HOLD,Outcome-blind synthetic regression; not independent external confirmation
processed128 synthetic regression,COST4,128,121,94.53125,0,0,0,0,128,127,"Frozen full-H593 heads from 20260913, no retraining",Legacy5413 physical references / 5412 corrected identities; naturalC128,All127 challengers; SWITCH iff maxlogit>0 else HOLD,Outcome-blind synthetic regression; not independent external confirmation
processed128 synthetic regression,GROUP_COST4,128,121,94.53125,0,0,0,0,128,127,"Frozen full-H593 heads from 20260913, no retraining",Legacy5413 physical references / 5412 corrected identities; naturalC128,All127 challengers; SWITCH iff maxlogit>0 else HOLD,Outcome-blind synthetic regression; not independent external confirmation
processed128 synthetic regression,COST1,128,122,95.3125,1,0,1,2,126,127,"Frozen full-H593 heads from 20260913, no retraining",Legacy5413 physical references / 5412 corrected identities; naturalC128,All127 challengers; SWITCH iff maxlogit>0 else HOLD,Outcome-blind synthetic regression; not independent external confirmation
processed128 synthetic regression,CE,128,123,96.09375,2,0,2,3,125,127,"Frozen full-H593 heads from 20260913, no retraining",Legacy5413 physical references / 5412 corrected identities; naturalC128,All127 challengers; SWITCH iff maxlogit>0 else HOLD,Outcome-blind synthetic regression; not independent external confirmation
processed128 synthetic regression,RAW2_CE,128,121,94.53125,0,0,0,0,128,127,"Frozen full-H593 heads from 20260913, no retraining",Legacy5413 physical references / 5412 corrected identities; naturalC128,All127 challengers; SWITCH iff maxlogit>0 else HOLD,Outcome-blind synthetic regression; not independent external confirmation
processed128 synthetic regression,CE_CBIND,128,74,57.8125,0,47,-47,54,74,127,"Frozen full-H593 heads from 20260913, no retraining",Legacy5413 physical references / 5412 corrected identities; naturalC128,All127 challengers; SWITCH iff maxlogit>0 else HOLD,Outcome-blind synthetic regression; not independent external confirmation
processed128 synthetic regression,COST1_CBIND,128,92,71.875,0,29,-29,32,96,127,"Frozen full-H593 heads from 20260913, no retraining",Legacy5413 physical references / 5412 corrected identities; naturalC128,All127 challengers; SWITCH iff maxlogit>0 else HOLD,Outcome-blind synthetic regression; not independent external confirmation
processed128 synthetic regression,COST4_CBIND,128,118,92.1875,0,3,-3,3,125,127,"Frozen full-H593 heads from 20260913, no retraining",Legacy5413 physical references / 5412 corrected identities; naturalC128,All127 challengers; SWITCH iff maxlogit>0 else HOLD,Outcome-blind synthetic regression; not independent external confirmation
processed128 synthetic regression,GROUP_COST4_CBIND,128,118,92.1875,0,3,-3,3,125,127,"Frozen full-H593 heads from 20260913, no retraining",Legacy5413 physical references / 5412 corrected identities; naturalC128,All127 challengers; SWITCH iff maxlogit>0 else HOLD,Outcome-blind synthetic regression; not independent external confirmation
processed128 synthetic regression,RAW2_CE_CBIND,128,121,94.53125,0,0,0,0,128,127,"Frozen full-H593 heads from 20260913, no retraining",Legacy5413 physical references / 5412 corrected identities; naturalC128,All127 challengers; SWITCH iff maxlogit>0 else HOLD,Outcome-blind synthetic regression; not independent external confirmation
