date,title,report,sha256,note,packaged_copy
2026-09-10,new HYP：原模型已经在学习完整证据的有符号方向,reports/NEW_HYP_ORIGINAL7_SIGNED_SIX_STATE_EXPLANATION_20260910.md,87acfbd78026190a5eae3febc303539e5ab0efb032cdaa3d8a3afb6e8b682155,historical report; current conclusions follow this consolidated summary,
2026-09-09,new HYP：原始论文与贡献范围复核,reports/NEW_HYP_PRIMARY_LITERATURE_SCOPE_V1_20260909.md,596360c319af654199e98764075f5755a0854660c6812cd64f2a75133eb0af8d,historical report; current conclusions follow this consolidated summary,theory_sources/NEW_HYP_PRIMARY_LITERATURE_SCOPE_V1_20260909.md
2026-09-09,new HYP：乘积对比项的数学与实验范围复核,reports/NEW_HYP_PRODUCT_CONTRAST_MATHEMATICAL_REVIEW_V1_20260909.md,4c855a063afa61eb94b089f41e4099c0ecb834b5e60eb71950be4443766d5156,historical report; current conclusions follow this consolidated summary,theory_sources/NEW_HYP_PRODUCT_CONTRAST_MATHEMATICAL_REVIEW_V1_20260909.md
2026-09-10,new HYP：reference 支持 max–min 的文献边界,reports/NEW_HYP_REFERENCE_SUPPORT_MAXMIN_LITERATURE_SCOPE_V1_20260910.md,a37fc0c1226675a08e5f158eea0e562d43d7ad2f1f9b5d85b9879c1d632206de,historical report; current conclusions follow this consolidated summary,
2026-09-09,new HYP：定义、可证明性质与当前证据,reports/NEW_HYP_THEORY_DEFINITION_AND_PROPOSITIONS_V1_20260909.md,1a30fb985c022d0b5ea3ce73da5a5ff6855f4b47d539a83b9cfe7919a8665347,historical report; current conclusions follow this consolidated summary,theory_sources/NEW_HYP_THEORY_DEFINITION_AND_PROPOSITIONS_V1_20260909.md
2026-09-10,new HYP：定义、可证明性质与扩大样本证据（V2）,reports/NEW_HYP_THEORY_DEFINITION_AND_PROPOSITIONS_V2_20260910.md,ec197dc644693caf7b145ee338d824a8a74903330c44715474e098c1908b901c,historical report; current conclusions follow this consolidated summary,theory_sources/NEW_HYP_THEORY_DEFINITION_AND_PROPOSITIONS_V2_20260910.md
2026-09-11,new HYP：统一的工作假说、已有证据与下一次可证伪预测,reports/NEW_HYP_UNIFIED_DECISION_HYPOTHESIS_V3_20260911.md,14f46af8d74ef3e9197ec9bf2b3a6f8cb6887c3d79b208609a9d5a3ae21b904e,historical report; current conclusions follow this consolidated summary,theory_sources/NEW_HYP_UNIFIED_DECISION_HYPOTHESIS_V3_20260911.md
2026-09-11,候选绑定结论的新颖性校正,reports/NOTE_H593_BINDING_CLAIM_NOVELTY_CORRECTION_20260911.md,33dbe4ece0716f92d3cd4785dcea493ea1a8dce93cdcc5f0fa3ae9daaf2c6e8e,historical report; current conclusions follow this consolidated summary,
2026-09-11,new HYP方向历史核查更正,reports/NOTE_NEW_HYP_MATCH_DIRECTIONS_HISTORY_CORRECTION_20260911.md,ce7b364647585046489f10ac7efa5be032caf391d1a62c112c0b0cfe6c4c6828,historical report; current conclusions follow this consolidated summary,
2026-09-10,new HYP：单一共享可学习投影方向（仅提案）,reports/PROPOSAL_NEW_HYP_SHARED_PROJECTION_DIRECTION9_V1_20260910.md,5569067cdb0cbda7e83158aca5944290354d756c92f0784b8686238f4f507a39,historical report; current conclusions follow this consolidated summary,
2026-09-09,最新交付：new HYP展示材料完成,reports/RC_RETRIEVAL_ONLY_CURRENT_STATE_20260909.md,59e417c5753b017433c723c2892264d85a4244142fe840b9b9e52219f79d54dc,historical report; current conclusions follow this consolidated summary,
2026-09-09,new HYP: Reference-conditioned Joint Evidence Calibration for Fine-grained Retrieval,reports/RC_RETRIEVAL_ONLY_PAPER_WORKING_DRAFT_20260909.md,64c3c3caff7d90dbbc1bd5259fdf2baecd118cafa2a5d9432bf6cfe6d3148af7,historical report; current conclusions follow this consolidated summary,
2026-09-12,原 ec7 平台原因隔离：固定盒内的经验损失与实际动作,reports/REPORT_CONVEX_CAUSE_ISOLATION_V1_20260912.md,97475edf95ee76a6235a70be4ef42f9bd35dafa2a3510e419f967a072da80b11,historical report; current conclusions follow this consolidated summary,
2026-09-11,固定评价集：RAW、原组合模型、分组训练优化,reports/REPORT_FIXED_PANELS_TRAIN269_GROUP_RISK_V1_20260911.md,5fdb7d340912a759fd4c09ed53f06e011c448f0aed0a1025770026f1e499b6c4,historical report; current conclusions follow this consolidated summary,
2026-09-12,Full candidate identity loss：固定开发面板比较,reports/REPORT_FULL_CANDIDATE_IDENTITY_LOSS_V1_20260912.md,a569ae15722b376da52d2e3e023f58bdbc47ef06bc4c2fa40b7018d23241e2ae,historical report; current conclusions follow this consolidated summary,
2026-09-12,GLOBAL7统一微调：TRAIN收益未迁移到原固定面板,reports/REPORT_GLOBAL7_TRAIN128_FIXED_PANELS_V1_20260912.md,f0f8a58a55aff4640711f148d59e819b241daeac64cbf46cf68fe684cc334e78,historical report; current conclusions follow this consolidated summary,
2026-09-11,new HYP J端点符号：593图五折开发结果,reports/REPORT_H593_ENDPOINT_SIGN_OOF5_RESULT_V1_20260911.md,1ab7c2db9744ae36cf6b164343316f523ff049cb367287df462b0066c4b4f2b0,historical report; current conclusions follow this consolidated summary,
2026-09-11,统一假说检验：组风险与强基线补偿,reports/REPORT_H593_GROUP_RISK_STRONG_BASE_RESULT_V1_20260911.md,fd0db7702073463aa3d7c0f00235c2b7429e469e35b0a37d5e2423c19c706659,historical report; current conclusions follow this consolidated summary,
2026-09-11,593图正向增量：偏置与增量绑定归因结果,reports/REPORT_H593_INCREMENT_ATTRIBUTION_RESULT_V1_20260911.md,0d1c6e91f9f78049d274795ea89ab4740141f931be836043284034d0d0026b31,historical report; current conclusions follow this consolidated summary,
2026-09-11,593图结果：保留正向增量，区分整体收益与新增机制,reports/REPORT_H593_MAIN_AND_ENDPOINT_RESULT_SYNTHESIS_V1_20260911.md,dc82101e00de7d0cc11e9b83ccf0507c58d726e39a80d2ac89c16e1977595ac9,historical report; current conclusions follow this consolidated summary,
2026-09-11,new HYP：593图正向结果与增量归因收口,reports/REPORT_H593_POSITIVE_RETRIEVAL_AND_INCREMENT_ATTRIBUTION_CLOSURE_V1_20260911.md,6c20bf02c3a3c7bb0ec80b77a4908090d72e9e1b0b691cb5874a9549499a03ec,historical report; current conclusions follow this consolidated summary,
2026-09-11,统一工作假说的第一次预测检验：结果与修正,reports/REPORT_H593_UNIFIED_HYPOTHESIS_PREDICTION_READOUT_V1_20260911.md,8586deb65a451373b00e59180b86de64c24913514cd2340800dff243abb16685,historical report; current conclusions follow this consolidated summary,
2026-09-10,联合保持容量：原六特征有局部增量空间，不是新模型成绩,reports/REPORT_JOINT_EVAL_LINEAR_RETENTION_CAPACITY_V1_20260910.md,9d498814af8da8905426b75e7878ddfa23d942f9afc133383426ef549009a86b,historical report; current conclusions follow this consolidated summary,
2026-09-11,new HYP 593图五折开发结果,reports/REPORT_NEW_HYP593_GROUPED_OOF5_RESULT_V1_20260911.md,2813c9becb133acf794751ba93687ace2d414dc79796039b16790154e30c93ef,historical report; current conclusions follow this consolidated summary,
2026-09-11,593图实验：RAW落盘错误修复与依赖重接,reports/REPORT_NEW_HYP593_SERIALIZATION_REPAIR_V2_20260911.md,5b147a9489d7ce8bd43dc5516c82bb580210ed35d94abc582941119e27053c96,historical report; current conclusions follow this consolidated summary,
2026-09-10,OUTCOME-0337：reference权重在何处反转身份证据,reports/REPORT_NEW_HYP_0337_REFERENCE_WEIGHT_IDENTITY_REVERSAL_V1_20260910.md,8f89b2addb2988f76f2426108dfd0e7dc5b9da98e59f08fd291ee77ec554617c,historical report; current conclusions follow this consolidated summary,
2026-09-09,new HYP：当前校准机制的联合证据收口,reports/REPORT_NEW_HYP_CALIBRATION_MECHANISM_SYNTHESIS_V1_20260909.md,fc89d78513b596cd68733d48d87d44681d2c309b455772ac51d897602b196f94,historical report; current conclusions follow this consolidated summary,theory_sources/REPORT_NEW_HYP_CALIBRATION_MECHANISM_SYNTHESIS_V1_20260909.md
2026-09-10,new HYP：DIR9 独立结果复核,reports/REPORT_NEW_HYP_DIRECTION9_POST_RESULT_REVIEW_V1_20260910.md,73c8872ec4b5542c2bdc52d2cb5808ef45226bee32dfc45ad621cc46c4947692,historical report; current conclusions follow this consolidated summary,
2026-09-13,new HYP：GroZi-120 固定模型外部确认通过,reports/REPORT_NEW_HYP_GROZI120_EXTERNAL_CONFIRMATION_V1_20260913.md,c9d514881bd0311c3d7a2d74a08ae8603600cbe0ff9076c8fce7870fac2a4340,historical report; current conclusions follow this consolidated summary,
2026-09-14,new HYP：ISIC固定商品头跨域探索通过,reports/REPORT_NEW_HYP_ISIC_FROZEN_TRANSFER_V1_20260914.md,7953fb35c0a446427c144687b71d70eb5556a70b8c5be361b7c5e98aec720022,historical report; current conclusions follow this consolidated summary,
2026-09-09,new HYP：总体正确数与保持要求的精确容量结论,reports/REPORT_NEW_HYP_LINEAR_CAPACITY_AND_RETENTION_CONFLICT_V1_20260909.md,1ddf05ccc535c7babb7edf37b1485fc477730e4d4d22d9fb79431494b711aac7,historical report; current conclusions follow this consolidated summary,
2026-09-10,new HYP：完整支持缓存的有界输入盘点,reports/REPORT_NEW_HYP_MAXMIN_COMPLETE_CACHE_INVENTORY_V1_20260910.md,d6a5ae31b6e703589be3327673f3311d30aed6927caf43fb77e39a0a91f75827,historical report; current conclusions follow this consolidated summary,
2026-09-10,new HYP 四头读出：独立动作复核,reports/REPORT_NEW_HYP_MAXMIN_READOUT_POST_RESULT_REVIEW_V1_20260910.md,196770ce81026bc921261726a20653da11e4ae3d52cffc6b3a5a36d006522cbe,historical report; current conclusions follow this consolidated summary,
2026-09-10,new HYP：0220/0618 的固定参数计算分解,reports/REPORT_NEW_HYP_MAXMIN_READOUT_TWO_REGRESSIONS_V1_20260910.md,de8dde512bebda67a8f102050a345c62a6e89224207834af9f33ffedfdb7ecaf,historical report; current conclusions follow this consolidated summary,
2026-09-10,new HYP：max-min支持值的解释规则,reports/REPORT_NEW_HYP_MAXMIN_SUPPORT_INTERPRETATION_V1_20260910.md,3c9019536ff76f2c4e8a9351732216bccb959dc695515fd083eeb5d2b457a03c,historical report; current conclusions follow this consolidated summary,
2026-09-10,new HYP：原完整模型在新增128图上的机制结果,reports/REPORT_NEW_HYP_ORIGINAL7_EVAL128_MECHANISM_RESULT_V1_20260910.md,98165558ecdb4631268a5eb2eb978fabeafdb263fd7bd5f7f6c431119e6b825c,historical report; current conclusions follow this consolidated summary,
2026-09-10,new HYP：原七参数头为何救回3条并保住RAW25,reports/REPORT_NEW_HYP_ORIGINAL7_SIX_FEATURE_DECISIONS_V1_20260910.md,840062735a08a64bae427837a6a0031b44390502cf1bdbb51c52cdee3919ac83,historical report; current conclusions follow this consolidated summary,
2026-09-10,new HYP：原七参数头为何救回3条并保住RAW25,reports/REPORT_NEW_HYP_ORIGINAL7_SIX_FEATURE_DECISIONS_V2_NOTATION_20260910.md,a192aaf50f1d47375c9edf437a043a98c67243db8d681c9ec68fe0b6674bcdb5,historical report; current conclusions follow this consolidated summary,
2026-09-10,new HYP：reference权重的选点效应与条件校准,reports/REPORT_NEW_HYP_REFERENCE_SELECTION_AND_CALIBRATION_V1_20260910.md,76e11bceb748280a29fffa52c55b4f6ba365adfb597e4b903f7c34d125b10342,historical report; current conclusions follow this consolidated summary,
2026-09-14,new HYP：RPC600固定模型外部确认通过,reports/REPORT_NEW_HYP_RPC_EXTERNAL_CONFIRMATION_V1_20260914.md,b6a174f2f4544794c6a9032da1b2081fddf5b8b001239d75cec035fbca48fe31,historical report; current conclusions follow this consolidated summary,
2026-09-10,new HYP：同支持竞争信息不能由候选自身摘要普遍恢复,reports/REPORT_NEW_HYP_SAME_SUPPORT_INFORMATION_WITNESS_V1_20260910.md,d2eea9d324b47cedf7baa55800d7e0478c4aea912f8466ebf1ab9fdd947180da,historical report; current conclusions follow this consolidated summary,
2026-09-15,new HYP 展示材料已完成,reports/REPORT_NEW_HYP_SHOWCASE_DELIVERY_V1_20260915.md,4b0505e6e62f091c78df06598ebc96c487379684176014528e0a7819c5151d35,historical report; current conclusions follow this consolidated summary,
2026-09-10,new HYP：TRAIN0101对任意原点线性投影的精确限制,reports/REPORT_NEW_HYP_TRAIN0101_LINEAR_PROJECTION_CAPACITY_V1_20260910.md,89e8a2da70eb5bf2241d74535880d689b62761ba1ccc931e38442d4002f84d53,historical report; current conclusions follow this consolidated summary,
2026-09-10,new HYP：TRAIN128 按来源组 OOF4 条件化检验,reports/REPORT_NEW_HYP_TRAIN128_DISAGREEMENT_OOF4_RESULT_V1_20260910.md,fe74d37f1bb35d1d507cdd70af6ab4bcde8bc2858f09324ecf97d6bf36ed1c03,historical report; current conclusions follow this consolidated summary,
2026-09-10,new HYP：TRAIN128 按来源组 OOF4 条件化检验,reports/REPORT_NEW_HYP_TRAIN128_DISAGREEMENT_OOF4_RESULT_V2_LAYOUT_20260910.md,3e5486e57464b35f9569fe632aac861025639858a5ac285fde35b27cc5e93eb7,historical report; current conclusions follow this consolidated summary,
2026-09-10,new HYP：扩大训练的结果与两个失败环节,reports/REPORT_NEW_HYP_TRAIN128_RESULT_AND_FAILURE_MECHANISM_V1_20260910.md,cc681c0bc94d21b42c11adf7cf4d4f6f69940b4abba4e4ed274d6253814931b8,historical report; current conclusions follow this consolidated summary,
2026-09-10,new HYP：冻结ORIGINAL7的128图完整证据评价,reports/REPORT_ORIGINAL7_EVAL128_FULL_EVIDENCE_V1_20260910.md,25021dfdefdcc6c95ba8fe7efed2b15c255784113a1ba3f0be98f2f28900b77f,historical report; current conclusions follow this consolidated summary,
2026-09-10,ORIGINAL7新128图：独立复核补充,reports/REPORT_ORIGINAL7_EVAL128_INDEPENDENT_REVIEW_V1_20260910.md,67f4f990942967e2278b593e2054f77b12ee6ebf477c3d86f2bdc6fe9bee94af,historical report; current conclusions follow this consolidated summary,
2026-09-10,真正EVAL结果：GAP校准未改善原99，原模型保留,reports/REPORT_ORIGINAL7_GAP_HOLD_EXPLORATORY_EVAL_RESULT_V1_20260910.md,bdaf46d0003db7e7caacd7a18db88999b3e4fcd5f4dd29cbd71deaf24308a9eb,historical report; current conclusions follow this consolidated summary,
2026-09-11,原PAIR64＋FULL32：单因素组权重结果,reports/REPORT_ORIGINAL_MIXED96_GROUP_RISK_V1_20260911.md,7d50d0c34150017f0e569bfcb600390f6df12e5dfd5a889c0243375ba8ed40c1,historical report; current conclusions follow this consolidated summary,
2026-09-12,当前小头：继续优化相同CE没有带来新的决策,reports/REPORT_PAIRED_CE_OPTIMIZATION_ISOLATION_V1_20260912.md,b5ed4b00d434e4da8280855d3d30348adc1d204d7bbed213ad52627a1a5314f1,historical report; current conclusions follow this consolidated summary,
2026-09-12,同位置候选内容差：有观察净增，但未超过匹配对照,reports/REPORT_PAIRED_LOCAL_EVIDENCE_OOF4_V1_20260912.md,ed9d0eae0be9ac49c428cd6ba7ee72df68e7c0c646d3fbeddf0be115a650f552,historical report; current conclusions follow this consolidated summary,
2026-09-12,照片内容条件化结果：主臂未净增，统一微调对照108→114,reports/REPORT_QUERY_CONTENT_ROUTING_OOF4_V1_20260912.md,1268cbffc366cb2d9cd1a191f3ec23d5c5daa90ddfe99e06482272421b5f899b,historical report; current conclusions follow this consolidated summary,
2026-09-10,扩展 ORIGINAL7 评价：已有 RAW 输入盘点,reports/REPORT_RC_EXPANDED_ORIGINAL7_SOURCE_INVENTORY_V1_20260910.md,3f07c4e0bf14242b163f47995095d83625c54218ea4be370674bc64de0c264be,historical report; current conclusions follow this consolidated summary,
2026-09-09,Head适配失败后的证据保留结论,reports/REPORT_RC_HYP_EVIDENCE_RETENTION_AFTER_HEAD_REFIT_20260909.md,348b67e71d814d1fb679379abd65ddcdf4aef701820cf87eb324dd3be0bad6e8,historical report; current conclusions follow this consolidated summary,
2026-09-09,联合目标与27/32、69/90的归因校正,reports/REPORT_RC_HYP_JOINT_OBJECTIVE_AND_METRIC_ATTRIBUTION_CORRECTION_20260909.md,55f988cda58746b4e7db75fd61bca9b474ce6033874c782571635d1a93c22cf8,historical report; current conclusions follow this consolidated summary,
2026-09-09,像素干预后的连通区域正例与旧action解释边界,reports/REPORT_RC_HYP_PIXEL_SOURCE_AND_CONNECTED_REGION_WITNESS_20260909.md,95840c439c2e74b865a5d88f1dba847a899a0d49edb8b5654afc7c08be4ce3bd,historical report; current conclusions follow this consolidated summary,
2026-09-08,RC-LTH P-only legal-family V3 final result and failure analysis,reports/REPORT_RC_LTH_P_ONLY_LEGAL_FAMILY_V3_FINAL_NO_GO_AND_FAILURE_ANALYSIS_20260908.md,4b1b3fedf4285349778206ccc12c47f51941170e34861e96d74988034dbaeaae,historical report; current conclusions follow this consolidated summary,
2026-09-09,new HYP：总体严格正确数容量的独立数学与源码审查,reports/REPORT_RC_OPENED_EVAL_STRICT_CARDINALITY_CAPACITY_REVIEW_V1_20260909.md,04ce39b2f94c0bdad20ec26d04602eab8baf46fdb3acdc46ff6ce4f71b9554dc,historical report; current conclusions follow this consolidated summary,
2026-09-10,ORIGINAL7 EVAL128 三阶段接口复核及RoMa截止时间补充,reports/REPORT_RC_ORIGINAL7_EVAL128_INTEGRATION_REVIEW_V1_20260910.md,492aaccec7d0250fbca9d2f66073a44c46ab379065635a1d71c2b76fd8c05264,historical report; current conclusions follow this consolidated summary,
2026-09-10,冻结 ORIGINAL7 扩展128图：RoMa/C4阶段实现与工程资格,reports/REPORT_RC_ORIGINAL7_EVAL128_ROMA_STAGE_IMPLEMENTATION_V1_20260910.md,fb7101949481ea06a70132230a0a1f25d15d93399a0df9e6bf89ace6a54dd4ce,historical report; current conclusions follow this consolidated summary,
2026-09-10,ORIGINAL7 TRAIN128：元数据准备与输入就绪范围,reports/REPORT_RC_ORIGINAL7_TRAIN128_METADATA_READINESS_V1_20260910.md,7bd789bc625bd4de10fd97724696c63d7181b831510e15563906beba839111b0,historical report; current conclusions follow this consolidated summary,
2026-09-10,TRAIN96/TRAIN128固定配方读出：外部复核,reports/REPORT_RC_ORIGINAL7_TRAIN128_READOUT_INDEPENDENT_REVIEW_V1_20260910.md,b4fa637e1fc221f04ca203270c08bc5b28d6d0eacdd1a4339f5f894ec85d67b3,historical report; current conclusions follow this consolidated summary,
2026-09-09,原RAW+RoMa成功的实际机制，以及P接口丢失的信息,reports/REPORT_RC_ORIGINAL_ROMA_SUCCESS_AND_P_INFORMATION_LOSS_20260909.md,e8f3de39b0252e12941e2bfb784f2252fa373be06e8c4c1ec1d2812938d32498,historical report; current conclusions follow this consolidated summary,
2026-09-09,new HYP：乘积评分 × Q/R 响应的重训练析因结果（5138852）,reports/REPORT_RC_PRODUCT_RESPONSE_FACTORIAL_RESULT_V1_20260909.md,23c7a608a0e1e96c989a738331982ef726fd3147771940189bcde5f4098935a9,historical report; current conclusions follow this consolidated summary,
2026-09-09,new HYP product / response factorial V1：独立源码审查,reports/REPORT_RC_PRODUCT_RESPONSE_FACTORIAL_SOURCE_REVIEW_V1_20260909.md,c47f731cc26d9c2bf307b8ce8c0cb69dffd733b9362a16c376c65091a5fe95a6,historical report; current conclusions follow this consolidated summary,
2026-09-09,Reference HYP收口范围与两处已分开的瓶颈,reports/REPORT_RC_REFERENCE_HYP_REGION_MASS_AND_FIXED_H_V_NEXT_20260909.md,b55e861809ba6f9ca44447957ea4c12b9d1156bc583776ee73649fa9e065218a,historical report; current conclusions follow this consolidated summary,
2026-09-09,new HYP：重训练证据通道充分性结果（5138847）,reports/REPORT_RC_RETRAINED_EVIDENCE_SUFFICIENCY_RESULT_V1_20260909.md,bc4906d0979431fde98123eddf904a33d3913f4d40dba0c33e9488e957b71f0e,historical report; current conclusions follow this consolidated summary,
2026-09-09,new HYP：重训证据充分性对照的独立来源复审,reports/REPORT_RC_RETRAINED_EVIDENCE_SUFFICIENCY_SOURCE_REVIEW_V1_20260909.md,913d6cb1a3cd93675d48b2ecf33ba714d2b69a8b02f399d3f74fb914db418f4c,historical report; current conclusions follow this consolidated summary,
2026-09-09,Retrieval-only 主线：论文证据与最后一次 H 检验,reports/REPORT_RC_RETRIEVAL_ONLY_FINAL_EVIDENCE_LEDGER_20260909.md,d88e7a9e0097f1abe4494976c97037b972eef4b0ca18c9e76bfa899ff353e807,historical report; current conclusions follow this consolidated summary,
2026-09-08,V6原因追踪、两簇复算及文献后的执行决定,reports/REPORT_RC_V6_CAUSE_TRACE_AND_LITERATURE_DECISION_20260908.md,9f313fb9cfb251122c4393b753df2ad03e75669170bc38b12437be64951e5c1f,historical report; current conclusions follow this consolidated summary,
2026-09-09,旧V9保持暂停，先闭合RAW与局部V的输入差异,reports/REPORT_RC_V9_HOLD_AND_RAW_INTERFACE_BRIDGE_20260909.md,6c39bf338f0a94aa460933296cae585c822337bda773879c7c69feeed0aaf72c,historical report; current conclusions follow this consolidated summary,
2026-09-09,V9暂停：不能将局部排查或数学可能性当作已证实根因,reports/REPORT_RC_V9_PAUSE_AND_UNRESOLVED_CAUSAL_ROOT_20260909.md,1ceef29419faaad5eb379c9760b8d75717ddc6ba2991f22d483d48796588d9a8,historical report; current conclusions follow this consolidated summary,
2026-09-10,RoMa-RGH reference-first S0：最终结果与假设数量偏差审计,reports/REPORT_ROMA_RGH_S0_JOB5139368_FINAL_DECISION_AND_MULTIPLICITY_BOTTLENECK_20260910.md,8a0fd4b9c97750e99bcf50433128c7d249a99c1860227448c65604202f823ba3,historical report; current conclusions follow this consolidated summary,
2026-09-09,RoMa-RGH true start and lineage correction,reports/REPORT_ROMA_RGH_TRUE_START_AND_LINEAGE_CORRECTION_20260909.md,0ec7b6a634e4d4b28f602cc39c81c0c3f771fadfa8ba4ef9852549cdc8a06d6b,historical report; current conclusions follow this consolidated summary,
2026-09-13,六项原因隔离完成：主要可修瓶颈在动作训练成本,reports/REPORT_SIX_CAUSE_ISOLATION_V1_20260913.md,ae7751b0d630bcd0ba9219a8598d13a3ab40abbf11dee10802aa7730338e614e,historical report; current conclusions follow this consolidated summary,
2026-09-10,TRAIN128 OOF4：三次正确性变化的冻结决策分账,reports/REPORT_TRAIN128_DISAGREEMENT_OOF4_THREE_CHANGED_DECISIONS_V1_20260910.md,6377d5f6648638926ca49807b1974b0602ddde49124ddbdccbf34c8287487e9d,historical report; current conclusions follow this consolidated summary,
2026-09-11,增量拟合/选择隔离结果：保留原正确，未获得新正确,reports/REPORT_TRAIN128_GROUP_HELD_SELECTION_RESULT_V1_20260911.md,46588788acc4aafe8359433d9469b3dfef277d584fddde5cfe56cf42d09e965a,historical report; current conclusions follow this consolidated summary,
2026-09-10,TRAIN留组结果：内容校准未通过，GAP对照有探索性增益,reports/REPORT_TRAIN128_HOLD_LIFT_EXACT_OOF4_RESULT_V1_20260910.md,44f0e0f8a3c5de5701eaa0740cc6215018e812ca814a5bce646385c517eeed6f,historical report; current conclusions follow this consolidated summary,
2026-09-11,TRAIN128 protected projection：训练保护成立，留出组 HOLD 保护失败,reports/REPORT_TRAIN128_PROTECTED_PROJECTION_RESULT_AND_GENERALIZATION_V1_20260911.md,fd9468c636720b7eef77ed0c3fd2b7658f8a13155120c5bdc3c4c64cee440d7a,historical report; current conclusions follow this consolidated summary,
2026-09-19,processed128：冻结头合成处理图回归,results/rc_new_hyp_processed128_regression_v1/report_zh.md,cb993c2c07be19172fa07c24950fa684cc4bed71440370987844c73f8742b899,Original completed result; current portable readout is processed128_zh.md,processed128_evidence/report_zh.md
