panel,model,correct,queries,rescues,breaks,net,formal_external_evidence
RPC600_DIAGNOSTIC,CE,217,600,42,17,25,False
RPC600_DIAGNOSTIC,COST1,207,600,18,3,15,False
RPC600_DIAGNOSTIC,CRISP,186,600,29,35,-6,False
RPC600_DIAGNOSTIC,MANUAL_BALANCED,209,600,31,14,17,False
RPC600_DIAGNOSTIC,MANUAL_EQUAL,199,600,55,48,7,False
RPC600_DIAGNOSTIC,PATCH_MAXSIM,192,600,0,0,0,False
RPC600_DIAGNOSTIC,RAW,192,600,0,0,0,False
RPC600_DIAGNOSTIC,VISIBILITY_DIRECT,141,600,70,121,-51,False
RPC600_DIAGNOSTIC,ZERO_HEAD,192,600,0,0,0,False
