model,pool_size,effective_queries,C128_absent,repeats,steps,median_seconds,minimum_seconds,maximum_seconds,mean_seconds,sample_sd_seconds,timing_scope
COST4,32,31,1,3,2000,1.5636995270615444,1.5594847559696063,1.5698527530767024,1.5643456787026178,0.005214113055988924,Warm CPU original train call only; cache and startup excluded
COST4,128,120,8,3,2000,1.9535875710425898,1.950991996913217,1.956259494065307,1.9536130206737046,0.0026338407933305624,Warm CPU original train call only; cache and startup excluded
COST4,593,570,23,3,2000,3.149997739936225,3.1337510449811816,3.209520686068572,3.1644231569953263,0.0398914667645193,Warm CPU original train call only; cache and startup excluded
COST1,32,31,1,3,2000,1.4375251058954746,1.434750123997219,1.446290908032097,1.43952204597493,0.006023973049045443,Warm CPU original train call only; cache and startup excluded
COST1,128,120,8,3,2000,1.7992230069357902,1.7982855810550973,1.8048306900309399,1.8007797593406092,0.00353938150159685,Warm CPU original train call only; cache and startup excluded
COST1,593,570,23,3,2000,3.024075111025013,2.9956575189717114,3.199799226014875,3.0731772853372,0.11057453043202342,Warm CPU original train call only; cache and startup excluded
CE,32,31,1,3,2000,1.1184879699721932,1.1158202539663762,1.1315575760090724,1.1219552666492139,0.008422139630387387,Warm CPU original train call only; cache and startup excluded
CE,128,120,8,3,2000,1.3543200480053201,1.3538414119975641,1.356503642979078,1.354888367660654,0.0014191930357468077,Warm CPU original train call only; cache and startup excluded
CE,593,570,23,3,2000,2.184738067095168,2.1801982829347253,2.2319479070138186,2.1989614190145708,0.028657175418195895,Warm CPU original train call only; cache and startup excluded
