query_id,display_id,fold,component,target_identity,target_in_C128,target_physical,M_tier,target_M,target_M_rank,M_ties_with_wrong,target_M_unique_first,target_minus_strongest_wrong_M,max_M_physical,max_M_identity,max_M,RAW_physical,RAW_identity,RAW_correct,model481_physical,model481_identity,model481_correct,model481_action,model481_selected_M,model481_selected_M_rank,model481_selected_score,model481_failure,model492_physical,model492_identity,model492_correct,model492_action,model492_selected_M,model492_selected_M_rank,model492_selected_score,model492_failure,transition,head_top_challenger_physical,head_top_challenger_identity,head_top_challenger_correct,model481_max_challenger_score,model492_gate_if_original_HOLD,gate_evaluated_for_HOLD,challenger_gap,model481_target_score,model492_target_score,head_target_challenger_rank,baseline481_strongest_wrong_physical,target_minus_rival_term_RAW,target_minus_rival_term_S,target_minus_rival_term_M,target_minus_rival_term_L,target_minus_rival_term_Q,target_minus_rival_term_R,target_minus_rival_term_bias
H593-148a11f5ffffec76fd85b3c8,DIFFICULT-0011,4,7309194c945cf747ac938c081c8e1c7587ee93c9427836b98aa713829ad9307b,3T3-bn-lansoprazole,True,996,M_RANK_11_128,0.027506362938296246,19,0,False,-0.027550914875996278,1998,CDMA Omeprazole Caps 14ct Carton,0.055057277814292524,3681,careone-omeprazole-wildberry-mint-carton-image-2,False,3681,careone-omeprazole-wildberry-mint-carton-image-2,False,HOLD,0.01661828493175081,71,0.0,CHALLENGER_RANKING_BLOCKED,1998,CDMA Omeprazole Caps 14ct Carton,False,SWITCH,0.055057277814292524,1,0.5213030097194263,CHALLENGER_RANKING_BLOCKED,BOTH_WRONG,1998,CDMA Omeprazole Caps 14ct Carton,False,-0.010416104214814537,0.5213030097194263,True,0.050625014475682795,-0.6564909891807811,-0.6564909891807811,6,3681,-0.4284262456598903,-0.8866185102425679,0.9210184496535133,0.9016188341794323,0.19578484352541195,-0.03214579204634369,-1.3277225685903369
H593-64e146b0abb950dce567767c,DIFFICULT-0058,1,f16447b66992689bdb8350dadcb85602511b1bd2c18265a511e90bf7d2910d9c,bef4f237-ccb8-4d28-bfc2-41c511a17d7f-01,True,3368,M_RANK_11_128,0.028616750478878128,25,0,False,-0.013741211505059303,4326,cvs-acetaminophen-carton-image,0.04235796198393743,4297,cvs-44-453485-1,False,4297,cvs-44-453485-1,False,HOLD,0.032558879796099865,11,0.0,CHALLENGER_RANKING_BLOCKED,4297,cvs-44-453485-1,False,HOLD,0.032558879796099865,11,0.0,CHALLENGER_RANKING_BLOCKED,BOTH_WRONG,4305,cvs-44-527-1,False,-1.9565835226938222,-1.2377385469348,True,0.06275886559104515,-2.0193423882848673,-2.0193423882848673,2,4297,-0.5261872096666509,0.7492550261263504,-0.23449139455962864,-0.7510746763352101,-0.013728694909765082,-0.011505949698895917,-1.2316094892410674
H593-7090a1ee7fe6811f7fd655ec,DIFFICULT-0098,1,bf0eaa86ddfc9a7fbdb09ac2f6f0fd91e32036da44a8971649ba96ecb8aa1b71,com0n-0000-04,True,265,M_RANK_2_5,0.03770580117625413,2,0,False,-0.009641974717638176,262,com0n-0000-01,0.04734777589389231,3311,bb label.pdf,False,3311,bb label.pdf,False,HOLD,0.010297872741386447,95,0.0,CHALLENGER_RANKING_BLOCKED,3311,bb label.pdf,False,HOLD,0.010297872741386447,95,0.0,CHALLENGER_RANKING_BLOCKED,BOTH_WRONG,262,com0n-0000-01,False,-1.4367556452269166,-0.6698548693561514,True,1.3034684548066426,-2.776798214817463,-2.776798214817463,3,3311,-2.466515804762404,-1.0518796449160746,2.077668377758388,-0.24078273278457013,0.14390584696913317,-0.007584767840867753,-1.2316094892410674
H593-fec0fed3cd6dbb3b7fa3bdce,DIFFICULT-0099,1,bf0eaa86ddfc9a7fbdb09ac2f6f0fd91e32036da44a8971649ba96ecb8aa1b71,com0n-0000-04,True,265,M_RANK_2_5,0.03425938035395334,2,0,False,-0.0009089241074731261,868,1-ASP Severe Cold Night PPF 24s,0.035168304461426464,3311,bb label.pdf,False,3311,bb label.pdf,False,HOLD,0.011536700484300305,80,0.0,TARGET_TOP_BUT_HOLD,3311,bb label.pdf,False,HOLD,0.011536700484300305,80,0.0,TARGET_TOP_BUT_HOLD,BOTH_WRONG,265,com0n-0000-04,True,-3.410249132742251,-2.6906363725242,True,0.08258160371116041,-3.410249132742251,-3.410249132742251,1,3311,-3.3163912001206,-1.3957611639275385,1.8055342526570084,0.6366032668494555,0.10288115062490265,-0.011505949584411292,-1.2316094892410674
H593-c8379d139262cf23abe8cf3f,NDV2-012-P03,4,f136ca0b9c716fcae1884f370b2cc9c1a38f30e5a477d50097f50ecb3c76d60b,Bacitracin Zinc Ointment USP Carton 0.5oz(14.2g) Rev 02-22,True,1652,M_RANK_11_128,0.017689080189161873,96,0,False,-0.05473663083532784,2321,Cardinal triple antibiotic,0.07242571102448972,1652,Bacitracin Zinc Ointment USP Carton 0.5oz(14.2g) Rev 02-22,True,1653,Bacitracin Zinc Ointment USP Carton 1oz(28.4g) Rev 02-22,False,SWITCH,0.03476169673722582,13,0.07590547080330023,RAW_CORRECT_BROKEN,1653,Bacitracin Zinc Ointment USP Carton 1oz(28.4g) Rev 02-22,False,SWITCH,0.03476169673722582,13,0.07590547080330023,RAW_CORRECT_BROKEN,BOTH_WRONG,1653,Bacitracin Zinc Ointment USP Carton 1oz(28.4g) Rev 02-22,False,0.07590547080330023,0.6808521856854078,False,0.4230865858052506,0.0,0.0,,1653,0.009513188932859908,1.0344783416103194,-1.214916749463181,-1.0869449988811282,-0.17121472418661426,0.025456902594107093,1.3277225685903369
H593-89f858095a471767364e3a86,OUTCOME-0096,3,c7abd98eade15d0ac417dcdde657be6a64e3cb837a808045d084fee49bf7d2a4,1g7-17-allergy-nasal-spray,True,930,M_RANK_2_5,0.08378539111080131,4,0,False,-0.040053573164245224,4335,cvs-health-childrens-fluticasone-propionate-nasal-spray-carton-image,0.12383896427504654,2390,Carton-72md,False,4335,cvs-health-childrens-fluticasone-propionate-nasal-spray-carton-image,False,SWITCH,0.12383896427504654,1,0.8126795630937085,CHALLENGER_RANKING_BLOCKED,4335,cvs-health-childrens-fluticasone-propionate-nasal-spray-carton-image,False,SWITCH,0.12383896427504654,1,0.8126795630937085,CHALLENGER_RANKING_BLOCKED,BOTH_WRONG,4335,cvs-health-childrens-fluticasone-propionate-nasal-spray-carton-image,False,0.8126795630937085,1.263941005962991,False,0.05840647065920068,0.39669680603274293,0.39669680603274293,4,4335,0.012133704240270216,0.09421945934235354,-0.35739460840542403,-0.1562758787518801,-0.010817997003637322,0.002152563517352206,0.0
H593-abe538f97b9ba7aa92d41895,OUTCOME-0110,3,c7abd98eade15d0ac417dcdde657be6a64e3cb837a808045d084fee49bf7d2a4,1g7-17-allergy-nasal-spray,True,930,M_RANK_11_128,0.010733278468528869,73,0,False,-0.021445595981963175,2461,Claritin 12,0.03217887445049204,3108,allergy relief nasal spray 24 hour,False,3108,allergy relief nasal spray 24 hour,False,HOLD,0.013818337892768966,45,0.0,CHALLENGER_RANKING_BLOCKED,3108,allergy relief nasal spray 24 hour,False,HOLD,0.013818337892768966,45,0.0,CHALLENGER_RANKING_BLOCKED,BOTH_WRONG,3662,careone-allergy-relief-carton-image,False,-1.4019399434736288,-0.8681520329758289,True,0.28180617098291005,-1.7463259999749874,-1.7463259999749874,3,3108,-0.17705508588007096,0.26196133441608505,-0.4061741984089347,-0.22038985061803437,0.0872391381086194,0.009453214646428525,-1.3013605522390803
H593-d2bb8fcad397d4f761848233,OUTCOME-0133,4,5e1903b41967d7091402cde6aa7a4b83e5df5f58a2bef1439e218f802ca6cf53,200000002710_Final,True,935,M_RANK_11_128,0.01020497323786209,50,0,False,-0.017158225426943025,1022,42168 KG C2 Kroger Pain 36_9-13-2019,0.027363198664805116,4358,cvsapaplabel,False,4358,cvsapaplabel,False,HOLD,0.005997065392930359,99,0.0,CHALLENGER_RANKING_BLOCKED,3663,careone-arthritis-pain-relief-carton-image,False,SWITCH,0.011611001555405526,37,0.03458267895888495,CHALLENGER_RANKING_BLOCKED,BOTH_WRONG,3663,careone-arthritis-pain-relief-carton-image,False,-0.5573814605410119,0.03458267895888495,True,0.3570525991093686,-1.2832467760562762,-1.2832467760562762,8,4358,-0.2987419674227055,0.06201274065458166,0.9693819203400021,-0.5419729353000836,-0.1523803453302844,0.0061763795925502555,-1.3277225685903369
H593-eaf3edda1f071e309b8a2a43,OUTCOME-0140,4,5e1903b41967d7091402cde6aa7a4b83e5df5f58a2bef1439e218f802ca6cf53,200000002710_Final,True,935,M_RANK_11_128,0.01584380442818451,14,0,False,-0.011023222197049487,3199,artridol-44-604-1,0.026867026625234,4358,cvsapaplabel,False,4358,cvsapaplabel,False,HOLD,0.004720888362777721,108,0.0,CHALLENGER_RANKING_BLOCKED,1225,APAP20,False,SWITCH,0.01952309395063862,7,0.48709085105477384,CHALLENGER_RANKING_BLOCKED,BOTH_WRONG,1225,APAP20,False,-0.04222891771210757,0.48709085105477384,True,0.03842109328163845,-0.2810854506570195,-0.2810854506570195,5,4358,-0.5697000402629957,-1.086716068001727,2.018806957476563,0.8900650120761335,-0.2327818721146292,0.026963128759972727,-1.3277225685903369
H593-e231dadc5ef7695b0c738e54,OUTCOME-0141,4,5e1903b41967d7091402cde6aa7a4b83e5df5f58a2bef1439e218f802ca6cf53,200000002710_Final,True,935,M_RANK_11_128,0.015267472788124231,38,0,False,-0.009902709548271887,5236,metoprolol-carton-label-10,0.02517018233639612,1981,CDER portal_100ct,False,1981,CDER portal_100ct,False,HOLD,0.010728146673269918,93,0.0,CHALLENGER_RANKING_BLOCKED,1981,CDER portal_100ct,False,HOLD,0.010728146673269918,93,0.0,CHALLENGER_RANKING_BLOCKED,BOTH_WRONG,1990,CDER_50ct,False,-0.6897272288476978,-0.14166703741647957,True,0.13374153506298925,-1.0352959312549812,-1.0352959312549812,4,1981,-0.44361356044582273,-0.42558244572189985,0.6517628051876206,0.27640074356141525,0.23278187948835097,0.0006772152656914027,-1.3277225685903369
H593-5fe59cce1a8be38a02275a23,OUTCOME-0213,2,4307e640e3e4b993a792a0030fe96b8501fe6e1375f37fcb8115bccccdf67258,430984_86324016_ASP_Severe_Cld_Flu_Eff_20ct_Crtn_FDA1,True,1024,M_RANK_11_128,0.014481127612176108,29,0,False,-0.01679737105109418,2704,Daytime,0.03127849866327029,2461,Claritin 12,False,2461,Claritin 12,False,HOLD,0.009152579135450542,83,0.0,CHALLENGER_RANKING_BLOCKED,2704,Daytime,False,SWITCH,0.03127849866327029,1,0.22814748296797635,CHALLENGER_RANKING_BLOCKED,BOTH_WRONG,2704,Daytime,False,-0.2207855004362147,0.22814748296797635,True,0.12105340551582777,-1.3497090870781019,-1.3497090870781019,10,2461,-1.3481432104343194,-1.3845336578870042,0.8354601672190775,1.5495664625154886,0.23972517696192086,0.0037261155304061963,-1.2455101409836713
H593-c27cc5698d114b2e38e732d1,OUTCOME-0270,4,c36d84d6c8d54c84a5f0b431f53eb8775569f16793018d5e6c57459cf8e20e49,5fe0ce14-bc11-4b43-b002-7efdca0d3003-04,True,4776,M_RANK_11_128,0.017118854405031872,44,0,False,-0.01850957430353807,4811,0186ce28-7aa2-4c47-9c64-afe13fd1ef6e-21,0.03562842870856994,4777,64f608b7-ad43-4395-b806-d4216175c8d3-02,False,4777,64f608b7-ad43-4395-b806-d4216175c8d3-02,False,HOLD,0.022322926823935742,19,0.0,TARGET_TOP_BUT_HOLD,4777,64f608b7-ad43-4395-b806-d4216175c8d3-02,False,HOLD,0.022322926823935742,19,0.0,TARGET_TOP_BUT_HOLD,BOTH_WRONG,4776,5fe0ce14-bc11-4b43-b002-7efdca0d3003-04,True,-1.5385152684713754,-0.9364387231032384,True,0.408487884860278,-1.5385152684713754,-1.5385152684713754,1,4777,-0.019313383362384015,0.2811460611584487,-0.4924761131678451,-0.14678206140617173,0.1344870048533607,0.03214579204355282,-1.3277225685903369
H593-3c6e9826d4aaa5c8c18ee68d,OUTCOME-0271,4,c36d84d6c8d54c84a5f0b431f53eb8775569f16793018d5e6c57459cf8e20e49,5fe0ce14-bc11-4b43-b002-7efdca0d3003-04,True,4776,M_RANK_11_128,0.010299106580231338,61,0,False,-0.025034632868485833,5014,carton-5x2ml,0.03533373944871717,4777,64f608b7-ad43-4395-b806-d4216175c8d3-02,False,4777,64f608b7-ad43-4395-b806-d4216175c8d3-02,False,HOLD,0.010615563156382846,55,0.0,TARGET_TOP_BUT_HOLD,4777,64f608b7-ad43-4395-b806-d4216175c8d3-02,False,HOLD,0.010615563156382846,55,0.0,TARGET_TOP_BUT_HOLD,BOTH_WRONG,4776,5fe0ce14-bc11-4b43-b002-7efdca0d3003-04,True,-1.2507207638694247,-0.72707357555265,True,0.009568335570180775,-1.2507207638694247,-1.2507207638694247,1,4777,-0.18413215947621603,-0.388777221174219,-0.05647568053047954,0.5486163613601089,0.13743334531428525,0.020337159227432528,-1.3277225685903369
H593-1533c32a07d745928239de77,OUTCOME-0278,4,c36d84d6c8d54c84a5f0b431f53eb8775569f16793018d5e6c57459cf8e20e49,5fe0ce14-bc11-4b43-b002-7efdca0d3003-04,True,4776,M_RANK_11_128,0.017917772663750272,48,0,False,-0.025548992279822835,374,int07-0006-01,0.04346676494357311,4794,flublok-08,False,4794,flublok-08,False,HOLD,0.0135637137293736,89,0.0,TARGET_TOP_BUT_HOLD,4794,flublok-08,False,HOLD,0.0135637137293736,89,0.0,TARGET_TOP_BUT_HOLD,BOTH_WRONG,4776,5fe0ce14-bc11-4b43-b002-7efdca0d3003-04,True,-0.9637361607688747,-0.382057140883755,True,0.30473882993700807,-0.9637361607688747,-0.9637361607688747,1,4794,-0.11951425674907178,-0.46880049472769614,0.5162230979025686,0.40390984675526115,0.03296716627286461,-0.0007989516324642157,-1.3277225685903369
H593-20fdadbf18ce1e0e1a0746a9,OUTCOME-0334,0,8ad47f26cd065ca57d3a68d2c5f31cd9eeb977294c710ac87f6e9c84b24866ea,766-e9-infants-pain-and-fever,True,1134,M_RANK_11_128,0.00628845616649012,105,0,False,-0.0378479243930436,3887,children-01,0.04413638055953372,1134,766-e9-infants-pain-and-fever,True,3887,children-01,False,SWITCH,0.04413638055953372,1,1.263035070502624,RAW_CORRECT_BROKEN,3887,children-01,False,SWITCH,0.04413638055953372,1,1.263035070502624,RAW_CORRECT_BROKEN,BOTH_WRONG,3887,children-01,False,1.263035070502624,1.9282501389041045,False,0.7835385669705972,0.0,0.0,,3887,0.6118297391476218,1.7153721617742155,-2.7772850019389015,-1.7490112146814245,-0.1821125276977179,0.020022116808686437,1.0981496560848956
H593-36177667d1799f89d767d878,OUTCOME-0337,0,8ad47f26cd065ca57d3a68d2c5f31cd9eeb977294c710ac87f6e9c84b24866ea,766-e9-infants-pain-and-fever,True,1134,M_RANK_11_128,0.00468560820042649,127,0,False,-0.04199062798024196,1436,AptaPharmaChildPainFever,0.04667623618066845,1134,766-e9-infants-pain-and-fever,True,1436,AptaPharmaChildPainFever,False,SWITCH,0.04667623618066845,1,0.859952898680705,RAW_CORRECT_BROKEN,1436,AptaPharmaChildPainFever,False,SWITCH,0.04667623618066845,1,0.859952898680705,RAW_CORRECT_BROKEN,BOTH_WRONG,1436,AptaPharmaChildPainFever,False,0.859952898680705,1.5642656733114189,False,1.1205590621632873,0.0,0.0,,1436,1.0450129396120598,1.700159265201887,-3.0250645138976013,-1.5118003152833492,-0.18211252773786002,0.015702597339263206,1.0981496560848956
H593-2acfe07e77226545b2ae0e10,OUTCOME-0348,1,f4cb26eef9646d6dfd71a5bdba8092d2e0f934cd5f8e9ffe627d7c9ba8444f36,77l96n1c1,True,4861,M_RANK_11_128,0.014975665115517232,70,0,False,-0.028773324506571323,291,der0k-0003-12,0.043748989622088556,4984,bupivacainehclinjection0757510mlcartonlabel,False,4984,bupivacainehclinjection0757510mlcartonlabel,False,HOLD,0.016932300799745625,55,0.0,CHALLENGER_RANKING_BLOCKED,4984,bupivacainehclinjection0757510mlcartonlabel,False,HOLD,0.016932300799745625,55,0.0,CHALLENGER_RANKING_BLOCKED,BOTH_WRONG,105,G003118 Capstar Vet Pack Dog Over 25lbs,False,-1.2966947801524762,-0.5790064927393529,True,0.032895366925875136,-1.9044553256085588,-1.9044553256085588,4,4984,-0.5887165346820097,0.23596352822141245,-0.2231440676351479,-0.12935483266272174,0.043912020083254955,-0.011505949692279437,-1.2316094892410674
H593-5e3baff5983fb5e1280953d4,OUTCOME-0373,0,f15f4acea549124570f8e5b5e20c5575b2b6e0d49386891fe5a7552afc90436f,80mg-cart-np,True,4865,M_RANK_6_10,0.03597559520922009,8,0,False,-0.03184953949814153,5165,gem0g-0004-09,0.06782513470736162,5340,sod0o-0000-04,False,5165,gem0g-0004-09,False,SWITCH,0.06782513470736162,1,0.8922106551010738,CHALLENGER_RANKING_BLOCKED,5165,gem0g-0004-09,False,SWITCH,0.06782513470736162,1,0.8922106551010738,CHALLENGER_RANKING_BLOCKED,BOTH_WRONG,5165,gem0g-0004-09,False,0.8922106551010738,1.4827485628912895,False,0.1398247516068063,0.03880034342354621,0.03880034342354621,4,5165,0.06336841965705486,0.12721717771869567,-0.8101184623185598,-0.2346566092412956,-1.5125115049308135e-10,0.000779162657828715,0.0
H593-ae2c238f2914e4ef8f249622,OUTCOME-0382,3,4a5e078a9d0335a17e0b19c90cc91b4eaf583fcc72663cf7441019d2f00d652a,812-6e-mucus-dm,True,1140,M_RANK_2_5,0.028100175830248354,2,0,False,-0.005188627542117873,2120,CS TP Color Balm Unit Carton_BLUSH_1709484_PRINT (1),0.03328880337236623,1243,ART-SP10764,False,3051,US_Skin_Tint_2_O_Page_1,False,SWITCH,0.022680306533683425,8,0.3001381896789168,CHALLENGER_RANKING_BLOCKED,3051,US_Skin_Tint_2_O_Page_1,False,SWITCH,0.022680306533683425,8,0.3001381896789168,CHALLENGER_RANKING_BLOCKED,BOTH_WRONG,3051,US_Skin_Tint_2_O_Page_1,False,0.3001381896789168,0.7376818887352983,False,0.021272446327586625,-0.22583929983009088,-0.22583929983009088,14,3051,-0.9289759247429241,-0.03533854643741796,0.11324229293024413,0.41920459334002835,0.028091015388760063,-0.12220091998769818,0.0
H593-de1e1f6f272fc318dc3c5875,OUTCOME-0416,3,6041aa5f85f4424e5ea88d82fcb2c3a2efe067770270d57d823d934e313867bf,A41(1),True,1191,M_RANK_11_128,0.006110421985580145,110,0,False,-0.04769935359222864,1457,Arthcal VULVA BALM,0.053809775577808784,1631,BUX0ABS6-Back-card,False,814,(BUX0ABS1)-Back-card,False,SWITCH,0.03820893421583328,3,0.17357772552848738,CHALLENGER_RANKING_BLOCKED,814,(BUX0ABS1)-Back-card,False,SWITCH,0.03820893421583328,3,0.17357772552848738,CHALLENGER_RANKING_BLOCKED,BOTH_WRONG,814,(BUX0ABS1)-Back-card,False,0.17357772552848738,0.8023390435881328,False,0.538899821029143,-2.068168369857891,-2.068168369857891,32,814,0.5412226148283205,1.1871253217268503,-2.565595399102247,-1.1381317997230558,-0.2659188706825916,-0.00044796243365509414,0.0
H593-faa6074c9997f968c1272a9e,OUTCOME-0434,1,055e3d0a2ba828c5df95354fc5d80825fa129f679641c7a5ba585b5c8911a1f9,ASP Cough Mucus Congestion PMG 24ct,True,1322,M_RANK_2_5,0.05275701162761532,2,0,False,-0.0020982189728133774,1317,ASP Cold Flu Day PMG 24ct,0.0548552306004287,1318,ASP Cold Flu Night PMG 24ct,False,1318,ASP Cold Flu Night PMG 24ct,False,HOLD,0.031749893707275524,9,0.0,TARGET_TOP_BUT_HOLD,1318,ASP Cold Flu Night PMG 24ct,False,HOLD,0.031749893707275524,9,0.0,TARGET_TOP_BUT_HOLD,BOTH_WRONG,1322,ASP Cough Mucus Congestion PMG 24ct,True,-0.8974529035282546,-0.1692050783291712,True,0.3055225993985624,-0.8974529035282546,-0.8974529035282546,1,1318,-0.5386135464228827,-1.3202605917517312,0.9045837264304352,1.1327065676181636,0.14825816010692147,0.007482269731906502,-1.2316094892410674
H593-4b977198186c9a205795518f,OUTCOME-0446,1,055e3d0a2ba828c5df95354fc5d80825fa129f679641c7a5ba585b5c8911a1f9,ASP Cough Mucus Congestion PMG 24ct,True,1322,M_RANK_2_5,0.03733873849867895,3,0,False,-0.005731825037991155,1318,ASP Cold Flu Night PMG 24ct,0.0430705635366701,1318,ASP Cold Flu Night PMG 24ct,False,1318,ASP Cold Flu Night PMG 24ct,False,HOLD,0.0430705635366701,1,0.0,TARGET_TOP_BUT_HOLD,1318,ASP Cold Flu Night PMG 24ct,False,HOLD,0.0430705635366701,1,0.0,TARGET_TOP_BUT_HOLD,BOTH_WRONG,1322,ASP Cough Mucus Congestion PMG 24ct,True,-1.6767014932576498,-0.9365002628601148,True,0.614136844068573,-1.6767014932576498,-1.6767014932576498,1,1318,-0.30780764590977366,0.35584997507688704,-0.2593947177899371,-0.2497660595351654,0.015806482502875304,0.00021996163853150275,-1.2316094892410674
H593-a2c507612d213253be128e81,OUTCOME-0474,1,1efff5d5855cab66509977a0b8d496f45b9a66147726f1323cdd42a873075386,AlkaSeltzer_36,True,1402,M_RANK_6_10,0.05264329241628344,6,0,False,-0.02849027159750605,1804,Bottle9,0.08113356401378949,2468,Claritin_25,False,2468,Claritin_25,False,HOLD,0.03513603149163892,31,0.0,CHALLENGER_RANKING_BLOCKED,2468,Claritin_25,False,HOLD,0.03513603149163892,31,0.0,CHALLENGER_RANKING_BLOCKED,BOTH_WRONG,1329,ASP Severe Cold Day Night PPF 24s,False,-1.5315649575944854,-0.8102204979198299,True,0.12729079836514123,-1.6588557559596266,-1.6588557559596266,2,2468,-1.2689962846269944,-1.408199054587863,0.7257724325618152,1.3663916816298372,0.14869055849902912,0.009094399805616769,-1.2316094892410674
H593-5deb30c18beda44d1e9a98af,OUTCOME-0475,1,1efff5d5855cab66509977a0b8d496f45b9a66147726f1323cdd42a873075386,AlkaSeltzer_36,True,1402,M_RANK_11_128,0.05114560133663883,11,0,False,-0.02481265649471584,1804,Bottle9,0.07595825783135467,2468,Claritin_25,False,2468,Claritin_25,False,HOLD,0.04071664026541662,43,0.0,CHALLENGER_RANKING_BLOCKED,2468,Claritin_25,False,HOLD,0.04071664026541662,43,0.0,CHALLENGER_RANKING_BLOCKED,BOTH_WRONG,3309,bayer-01,False,-1.5786593596088916,-0.8588747768855413,True,0.08701773482274944,-1.9284604542153048,-1.9284604542153048,4,2468,-1.252001699504564,-1.067900391756219,0.41312217092099357,1.0525087918454774,0.1486905593823919,0.008729604137682912,-1.2316094892410674
H593-74f8620ac02b6e6c2a64a722,OUTCOME-0530,4,67c564121b4c0847db261d818757e131684626ea0db83097a0e9610c7cf03222,SH230414C (250 ml Carton),True,147,M_RANK_11_128,0.01285082474196352,20,0,False,-0.030265194240811984,90,Doraject injectable solution-100 mL Carton,0.043116018982775506,146,SH230414B (100 ml Carton),False,146,SH230414B (100 ml Carton),False,HOLD,0.018239740199554898,6,0.0,TARGET_TOP_BUT_HOLD,146,SH230414B (100 ml Carton),False,HOLD,0.018239740199554898,6,0.0,TARGET_TOP_BUT_HOLD,BOTH_WRONG,147,SH230414C (250 ml Carton),True,-2.01351968846612,-1.4195887384185326,True,0.36705649569505727,-2.01351968846612,-2.01351968846612,1,146,-0.0674281236991595,0.3992655155462419,-0.6469505935407601,-0.24029739070337516,-0.16253231942270763,0.032145791943977466,-1.3277225685903369
H593-3414eabf1d60f67a6dba89f1,OUTCOME-0531,4,67c564121b4c0847db261d818757e131684626ea0db83097a0e9610c7cf03222,SH230414C (250 ml Carton),True,147,M_RANK_11_128,0.012867659843617582,60,0,False,-0.031488199984630455,59,50mg,0.04435585982824804,146,SH230414B (100 ml Carton),False,146,SH230414B (100 ml Carton),False,HOLD,0.01438006161318462,44,0.0,CHALLENGER_RANKING_BLOCKED,372,inc00-0000-02,False,SWITCH,0.025046393129628874,7,0.23989203005664883,CHALLENGER_RANKING_BLOCKED,BOTH_WRONG,372,inc00-0000-02,False,-0.3489434313605849,0.23989203005664883,True,0.34113903182368477,-1.888736527815921,-1.888736527815921,7,146,-0.2958667738061807,0.030920960897978727,-0.2071740445921385,0.05777439299312561,-0.12835486776142077,-0.01831362695694835,-1.3277225685903369
H593-94f0441d80c908de395777ea,OUTCOME-0532,4,67c564121b4c0847db261d818757e131684626ea0db83097a0e9610c7cf03222,SH230414C (250 ml Carton),True,147,M_RANK_11_128,0.0160124060338125,20,0,False,-0.04123952985854083,90,Doraject injectable solution-100 mL Carton,0.057251935892353334,146,SH230414B (100 ml Carton),False,146,SH230414B (100 ml Carton),False,HOLD,0.014996256092496194,28,0.0,TARGET_TOP_BUT_HOLD,146,SH230414B (100 ml Carton),False,HOLD,0.014996256092496194,28,0.0,TARGET_TOP_BUT_HOLD,BOTH_WRONG,147,SH230414C (250 ml Carton),True,-1.4622229545976122,-0.8574270719996949,True,0.42231939926834916,-1.4622229545976122,-1.4622229545976122,1,146,-0.10294912963827905,-0.05488139725964491,0.12231314308053245,0.015316541319748057,-0.08215375170273266,-0.03214579180689919,-1.3277225685903369
H593-b52eb937914c8c593a72c477,OUTCOME-0533,4,67c564121b4c0847db261d818757e131684626ea0db83097a0e9610c7cf03222,SH230414C (250 ml Carton),True,147,M_RANK_11_128,0.014957124135764924,15,0,False,-0.04059295656447943,90,Doraject injectable solution-100 mL Carton,0.05555008070024435,146,SH230414B (100 ml Carton),False,146,SH230414B (100 ml Carton),False,HOLD,0.014405821314720046,16,0.0,TARGET_TOP_BUT_HOLD,146,SH230414B (100 ml Carton),False,HOLD,0.014405821314720046,16,0.0,TARGET_TOP_BUT_HOLD,BOTH_WRONG,147,SH230414C (250 ml Carton),True,-1.4284580274088767,-0.8458521357109944,True,0.30945322897963723,-1.4284580274088767,-1.4284580274088767,1,146,-0.10485842282575951,0.01747816686023442,0.07007917094851293,-0.05715511806537273,-0.00812207653323186,-0.018157179202923143,-1.3277225685903369
H593-7a2a329a01beb7a806b52b3e,OUTCOME-0576,0,1a231675f970ef17d8df9d796fcc4f991f31e3ecab14c9f45454f336dc22786a,alp0b-0002-29,True,4788,M_RANK_2_5,0.10825259155167198,2,0,False,-0.0007015755524563683,4787,alp0b-0002-27,0.10895416710412835,4787,alp0b-0002-27,False,4787,alp0b-0002-27,False,HOLD,0.10895416710412835,1,0.0,TARGET_TOP_BUT_HOLD,4787,alp0b-0002-27,False,HOLD,0.10895416710412835,1,0.0,TARGET_TOP_BUT_HOLD,BOTH_WRONG,4788,alp0b-0002-29,True,-1.119886576083096,-0.36809512715923975,True,1.529823130688185,-1.119886576083096,-1.119886576083096,1,4787,-0.02101669193262654,-0.003435889297813862,-0.011951543437252693,0.010373544467382057,0.004713690191963639,-0.00042002998985300966,-1.0981496560848956
H593-1bef63e477961c10e0077a91,OUTCOME-0588,4,fa72f98eeda7c16b4963aa2c9a26bb7b6da07062d61f1935ff18b1204cf99a43,anti caries toothpaste carton,True,3144,M_RANK_11_128,0.023922809565844076,64,0,False,-0.028132177805868373,3783,case-60,0.05205498737171245,4023,cleaner toothpaste carton,False,4023,cleaner toothpaste carton,False,HOLD,0.020091266300578052,80,0.0,TARGET_TOP_BUT_HOLD,4023,cleaner toothpaste carton,False,HOLD,0.020091266300578052,80,0.0,TARGET_TOP_BUT_HOLD,BOTH_WRONG,3144,anti caries toothpaste carton,True,-1.2598226683923095,-0.6029961415589885,True,0.6869657246751464,-1.2598226683923095,-1.2598226683923095,1,4023,-0.13587046205217057,0.42764077920652005,0.32492303794326055,-0.7122251695318756,0.13663779904727297,0.026793915585019947,-1.3277225685903369
H593-b4135fa9fc83b8c616fa57b7,OUTCOME-0598,3,c13e6a469d26dd360022a4ba3af2d2bdbb230082c9e605b822c0f5806f9b9bc9,askindr carton,True,3208,M_RANK_11_128,0.020507016460199052,37,0,False,-0.023862804002531473,1621,BRIGHTENINGEMULSION,0.044369820462730525,1200,AMPULE ESSENCE,False,1200,AMPULE ESSENCE,False,HOLD,0.024130954052189072,20,0.0,CHALLENGER_RANKING_BLOCKED,4543,label-cleansing,False,SWITCH,0.03857958349594638,4,0.2473787274090885,CHALLENGER_RANKING_BLOCKED,BOTH_WRONG,4543,label-cleansing,False,-0.3956991400989207,0.2473787274090885,True,0.577654816224513,-1.8848659318852383,-1.8848659318852383,11,1200,-0.5225070117348729,-0.06327491078961771,-0.2624249702466443,0.22449122699970792,0.011068222378714498,0.029142063746554536,-1.3013605522390803
H593-f9fdc3eba36a0ac68a3dcb72,OUTCOME-0618,3,b59977829e4879950db4969ecaf00ca81d1c8111d9b7a12c396ccf0401db452e,aspirin_nsaid-1,True,3234,M_RANK_11_128,0.017118070866237917,45,0,False,-0.05922297063558837,1325,ASP PFF Cold_20ct_Ctn1,0.07634104150182629,3234,aspirin_nsaid-1,True,3234,aspirin_nsaid-1,True,HOLD,0.017118070866237917,45,0.0,CORRECT,4659,rite-aid-44-417-1,False,SWITCH,0.05722589296742457,2,0.5079638362755339,RAW_CORRECT_BROKEN,BROKEN_BY_492,4659,rite-aid-44-417-1,False,-0.015816596662727278,0.5079638362755339,True,0.25471586223662057,0.0,0.0,,4659,0.48622545486625696,0.820866502975814,-1.7438625638919578,-0.7906691304668106,-0.1093492510598793,0.05124503200022352,1.3013605522390803
H593-46bebd9352f2e631d6c557fa,OUTCOME-0638,4,ef7d75f57f11d1174b60813355c0cf7d7dce1009b41f2c7a54cf612906b3dea7,athletes-01,True,3238,M_RANK_11_128,0.01327790720937908,83,0,False,-0.03443549365049961,913,151 CF Sleep-Aid image,0.04771340085987869,1829,Box-71870-104-01,False,1829,Box-71870-104-01,False,HOLD,0.0233169078888168,19,0.0,CHALLENGER_RANKING_BLOCKED,1829,Box-71870-104-01,False,HOLD,0.0233169078888168,19,0.0,CHALLENGER_RANKING_BLOCKED,BOTH_WRONG,5404,zavzpret-10,False,-1.30643754375439,-0.7804868022336674,True,0.021285024835946853,-2.5648266811905147,-2.5648266811905147,18,1829,-0.8543038042283443,0.07520530451373651,-1.0239276844102796,0.39592648951133885,0.18261062105004586,-0.012615039036675334,-1.3277225685903369
H593-abc0b2f2d75d073d9b32aa3f,OUTCOME-0651,4,48c57d44808de17cdd8b52db0f71a5a8fbbf9d2f4ab10a1751ec128aed4a3ff5,bb morning carton,True,3312,M_RANK_2_5,0.05526936097563469,3,0,False,-0.03273746072375244,3293,baoshimianshuang,0.08800682169938713,1005,3ce matte lip crayon pink leaves carton,False,1005,3ce matte lip crayon pink leaves carton,False,HOLD,0.0380278227581824,14,0.0,CHALLENGER_RANKING_BLOCKED,1005,3ce matte lip crayon pink leaves carton,False,HOLD,0.0380278227581824,14,0.0,CHALLENGER_RANKING_BLOCKED,BOTH_WRONG,998,3ce drawing lip sloe gin carton,False,-1.3349639130480195,-0.6025995114728228,True,1.0711781685770747,-2.416360180799332,-2.416360180799332,4,1005,-2.0259923671528237,-0.8798744189838528,0.6897724331037624,0.9742046686224692,0.18539786430082816,-0.03214579209937798,-1.3277225685903369
H593-eed6c85ca855e4ae9630c4d1,OUTCOME-0695,2,90d7a704ad7bf679580bc4dbadbe13884f491d2e338402f4d4437c2ffd66ab93,carton-1-gram-10-vial-pack-premier,True,5004,M_RANK_11_128,0.005467146698090489,123,0,False,-0.03232835578348371,4811,0186ce28-7aa2-4c47-9c64-afe13fd1ef6e-21,0.0377955024815742,5051,cetacaine-01,False,5051,cetacaine-01,False,HOLD,0.013622350308963064,45,0.0,CHALLENGER_RANKING_BLOCKED,5051,cetacaine-01,False,HOLD,0.013622350308963064,45,0.0,CHALLENGER_RANKING_BLOCKED,BOTH_WRONG,428,noc01-0000-15,False,-0.9157918229267563,-0.1319006032416799,True,0.9149763009587089,-3.12157223014042,-3.12157223014042,21,5051,-0.7045151150236963,0.8729113792588229,-1.5830294455190732,-0.3001896828208533,-0.15100978799557985,-0.010229437056368744,-1.2455101409836713
H593-60d3d272fcf4945ce1b4cfad,OUTCOME-0717,2,d3d9e86636e760b3c7ab9d0366cce29c32d905942a4e7efc24b4feb559ccafdb,cuvitru-19,True,4791,M_RANK_11_128,0.007966815854753355,94,0,False,-0.03622547333273625,90,Doraject injectable solution-100 mL Carton,0.0441922891874896,4791,cuvitru-19,True,4791,cuvitru-19,True,HOLD,0.007966815854753355,94,0.0,CORRECT,4790,cuvitru-13,False,SWITCH,0.011178141231266097,52,0.3104909394286995,RAW_CORRECT_BROKEN,BROKEN_BY_492,4790,cuvitru-13,False,-0.9041775616540577,0.3104909394286995,True,1.9360108942130925,0.0,0.0,,4790,0.21457904700864186,0.0076721004609683055,-0.6215535965926537,0.31819341075051494,-0.24999410368434466,-0.010229437272740186,1.2455101409836713
H593-e0504cc23358865e805ab7d8,OUTCOME-0722,2,d3d9e86636e760b3c7ab9d0366cce29c32d905942a4e7efc24b4feb559ccafdb,cuvitru-19,True,4791,M_RANK_2_5,0.0521710665843541,2,0,False,-0.03000467891643794,4790,cuvitru-13,0.08217574550079204,4791,cuvitru-19,True,4791,cuvitru-19,True,HOLD,0.0521710665843541,2,0.0,CORRECT,4790,cuvitru-13,False,SWITCH,0.08217574550079204,1,0.9330236008637309,RAW_CORRECT_BROKEN,BROKEN_BY_492,4790,cuvitru-13,False,-0.9029011161016407,0.9330236008637309,True,3.4085214352341118,0.0,0.0,,4790,0.40351309574418925,0.8074397802541696,-0.8275805743996886,-0.6178622300764279,-0.11239338409026976,0.004274287685996765,1.2455101409836713
H593-e8352d4faef37224ec8d3c87,OUTCOME-0742,3,30a739efc9fa2fbc6556b4a23a5b909fd205591b6158bb099a4dd09818a8f35e,int07-0006-04,True,377,M_RANK_11_128,0.023891876100695642,30,0,False,-0.025125509966085226,380,int07-0006-07,0.04901738606678087,376,int07-0006-03,False,376,int07-0006-03,False,HOLD,0.029979649504609428,6,0.0,CHALLENGER_RANKING_BLOCKED,376,int07-0006-03,False,HOLD,0.029979649504609428,6,0.0,CHALLENGER_RANKING_BLOCKED,BOTH_WRONG,380,int07-0006-07,False,-0.7586978202256729,-0.15597967360002885,True,0.46840078161764076,-1.6019632060165203,-1.6019632060165203,5,376,-0.07882586619582738,0.22087891951082708,-0.3652818484755317,-0.1730099713201904,0.13770669021057516,-0.04207057750729269,-1.3013605522390803
H593-3937b8534db594248fbab03f,OUTCOME-0747,3,30a739efc9fa2fbc6556b4a23a5b909fd205591b6158bb099a4dd09818a8f35e,int07-0006-04,True,377,M_RANK_11_128,0.031532937876868956,30,0,False,-0.017290794384420556,380,int07-0006-07,0.04882373226128951,376,int07-0006-03,False,376,int07-0006-03,False,HOLD,0.037220015851061106,10,0.0,CHALLENGER_RANKING_BLOCKED,376,int07-0006-03,False,HOLD,0.037220015851061106,10,0.0,CHALLENGER_RANKING_BLOCKED,BOTH_WRONG,380,int07-0006-07,False,-1.055066367034467,-0.5964527615032836,True,0.07830882420222607,-1.1333751912366932,-1.1333751912366932,2,376,-0.03383813683868995,-0.5474109402061399,-0.2673786397262771,0.9418751655826607,0.12852802949047598,-0.05379011729964263,-1.3013605522390803
H593-8471180120a9a4d1308aa35b,OUTCOME-0748,3,30a739efc9fa2fbc6556b4a23a5b909fd205591b6158bb099a4dd09818a8f35e,int07-0006-04,True,377,M_RANK_2_5,0.2866802070097126,3,0,False,-0.002539057828479907,379,int07-0006-06,0.2892192648381925,379,int07-0006-06,False,379,int07-0006-06,False,HOLD,0.2892192648381925,1,0.0,CHALLENGER_RANKING_BLOCKED,379,int07-0006-06,False,HOLD,0.2892192648381925,1,0.0,CHALLENGER_RANKING_BLOCKED,BOTH_WRONG,381,int07-0006-08,False,-1.3606897726456237,-0.9263720708594053,True,0.012539650121602852,-1.3732294227672266,-1.3732294227672266,2,379,-0.05865276092837821,0.023137662114978832,-0.014251310409073348,-0.02927364919139853,-0.00015165299840261092,0.007322840884127542,-1.3013605522390803
H593-297ba148574e09f5723aa6b7,OUTCOME-0755,1,a5cc6cd71cb98a23641d9032f2abdbe55a284b95eedc14e13d1ab9d93b7adc76,kedbumin-02,True,4798,M_RANK_6_10,0.017617813207075925,8,0,False,-0.008190520735131272,4139,convenience-valet-44-329-1,0.025808333942207197,2603,D3312W,False,2603,D3312W,False,HOLD,0.015974581871689764,11,0.0,CHALLENGER_RANKING_BLOCKED,2603,D3312W,False,HOLD,0.015974581871689764,11,0.0,CHALLENGER_RANKING_BLOCKED,BOTH_WRONG,4245,cur03-0000-01,False,-1.2883760874565051,-0.5441804854692448,True,0.7172639405426469,-2.005640027999152,-2.005640027999152,2,2603,-0.8354241528280604,-0.12247688075953143,0.17800501329693588,0.024003965796782562,-0.02964443372283281,0.011505949458621894,-1.2316094892410674
H593-61dd525ce4c64a94855321cf,OUTCOME-0794,3,d03ec6170d58ac2d6198068ac9aa233411e9b70ad6019840f643fdabcc4a9adf,tul01-0001-02,True,499,M_RANK_11_128,0.01645911105436277,40,0,False,-0.039969350130908,90,Doraject injectable solution-100 mL Carton,0.05642846118527077,499,tul01-0001-02,True,499,tul01-0001-02,True,HOLD,0.01645911105436277,40,0.0,CORRECT,90,Doraject injectable solution-100 mL Carton,False,SWITCH,0.05642846118527077,1,0.29411611238582525,RAW_CORRECT_BROKEN,BROKEN_BY_492,90,Doraject injectable solution-100 mL Carton,False,-0.24751066131638444,0.29411611238582525,True,0.30302602615260554,0.0,0.0,,90,1.1504951775360897,0.9149276021569236,-1.7725663060061796,-1.1515523562711454,-0.13770670228497248,-0.05744730605341171,1.3013605522390803
H593-00f945a36392a04124513f2c,OUTCOME-0797,3,d03ec6170d58ac2d6198068ac9aa233411e9b70ad6019840f643fdabcc4a9adf,tul01-0001-02,True,499,M_RANK_2_5,0.02280255781868821,4,0,False,-0.009099306209021198,1042,50 & 100 Caplets_Page_2,0.031901864027709406,1403,Ampigrin_Ultra_Forte,False,1403,Ampigrin_Ultra_Forte,False,HOLD,0.017102263511754267,10,0.0,CHALLENGER_RANKING_BLOCKED,1042,50 & 100 Caplets_Page_2,False,SWITCH,0.031901864027709406,1,0.3578062804882952,CHALLENGER_RANKING_BLOCKED,BOTH_WRONG,1042,50 & 100 Caplets_Page_2,False,-0.315688793143968,0.3578062804882952,True,0.6599943968234376,-1.357338062182433,-1.357338062182433,3,1403,-0.5319863197152422,-0.06984130166407146,0.4617435055999564,-0.11507147480523794,0.13770670169400495,0.06147137894723781,-1.3013605522390803
H593-0923651f03329ad9587b7927,OUTCOME-0810,2,7abc0d7c0e302804a40dcf309dece25b925a424ae8a43fd70cd693d41ebfc54f,vetoryl-09,True,512,M_RANK_6_10,0.02231057943766387,8,0,False,-0.016349721155212955,426,noc01-0000-12,0.038660300592876826,508,vetoryl-05,False,508,vetoryl-05,False,HOLD,0.019658792327087823,16,0.0,CHALLENGER_RANKING_BLOCKED,508,vetoryl-05,False,HOLD,0.019658792327087823,16,0.0,CHALLENGER_RANKING_BLOCKED,BOTH_WRONG,510,vetoryl-07,False,-1.64624049704425,-1.2113822451774372,True,0.0876932716113541,-2.6278640997752163,-2.6278640997752163,15,508,-1.5036845920827238,-0.5196955168487837,0.2341288094945206,0.520760202879037,-0.11188110321887852,-0.001981759014717078,-1.2455101409836713
H593-19cc2c81ca081e39a7d72b99,OUTCOME-0811,2,7abc0d7c0e302804a40dcf309dece25b925a424ae8a43fd70cd693d41ebfc54f,vetoryl-09,True,512,M_RANK_6_10,0.02205479793010359,7,0,False,-0.017521061339699644,426,noc01-0000-12,0.03957585926980323,337,felimazole-03,False,337,felimazole-03,False,HOLD,0.014236254125865155,36,0.0,CHALLENGER_RANKING_BLOCKED,337,felimazole-03,False,HOLD,0.014236254125865155,36,0.0,CHALLENGER_RANKING_BLOCKED,BOTH_WRONG,508,vetoryl-05,False,-0.8856472588490647,-0.16915079737825128,True,0.7552362623997768,-2.5693569434196517,-2.5693569434196517,11,337,-1.6640961576727176,-0.01138128299896015,0.798316278745682,-0.4071175754248903,-0.04979750240024619,0.010229437315151678,-1.2455101409836713
H593-53f1fabaea0e77a8ad271caf,OUTCOME-0812,2,7abc0d7c0e302804a40dcf309dece25b925a424ae8a43fd70cd693d41ebfc54f,vetoryl-09,True,512,M_RANK_2_5,0.047133042792670346,3,0,False,-0.00570546455882065,291,der0k-0003-12,0.052838507351490996,507,vetoryl-04,False,507,vetoryl-04,False,HOLD,0.042587915221357166,4,0.0,TARGET_TOP_BUT_HOLD,507,vetoryl-04,False,HOLD,0.042587915221357166,4,0.0,TARGET_TOP_BUT_HOLD,BOTH_WRONG,512,vetoryl-09,True,-1.2903387858053046,-0.8380886556125826,True,0.12891575519918086,-1.2903387858053046,-1.2903387858053046,1,507,-0.21726810234644237,-0.17303409215472063,0.18771580708381022,0.11265250989069076,0.04607016391564431,-0.000964931210615544,-1.2455101409836713
H593-56ea0b6924407c2819a6f9f9,OUTCOME-0814,2,7abc0d7c0e302804a40dcf309dece25b925a424ae8a43fd70cd693d41ebfc54f,vetoryl-09,True,512,M_RANK_6_10,0.023414264746626876,10,0,False,-0.009077330154011735,209,bd18d5b3-7e0b-420f-94d9-0fa8470e9a50-04,0.03249159490063861,508,vetoryl-05,False,508,vetoryl-05,False,HOLD,0.021307415034361826,16,0.0,CHALLENGER_RANKING_BLOCKED,508,vetoryl-05,False,HOLD,0.021307415034361826,16,0.0,CHALLENGER_RANKING_BLOCKED,BOTH_WRONG,337,felimazole-03,False,-1.492749371750346,-1.056090772536381,True,0.09196048114327748,-2.490615882535424,-2.490615882535424,12,508,-1.2307535616316783,-0.3436998036599337,0.17456779224847693,0.3302931413015674,-0.17100364261895698,-0.0045096671912281845,-1.2455101409836713
H593-d95db08b3f39be7256ba6c14,OUTCOME-0815,2,7abc0d7c0e302804a40dcf309dece25b925a424ae8a43fd70cd693d41ebfc54f,vetoryl-09,True,512,M_RANK_2_5,0.18857266481877544,2,0,False,-0.0009952795049949226,510,vetoryl-07,0.18956794432377036,337,felimazole-03,False,508,vetoryl-05,False,SWITCH,0.16647623674058354,6,0.9596945772561991,CHALLENGER_RANKING_BLOCKED,508,vetoryl-05,False,SWITCH,0.16647623674058354,6,0.9596945772561991,CHALLENGER_RANKING_BLOCKED,BOTH_WRONG,508,vetoryl-05,False,0.9596945772561991,1.5094464753619021,False,0.36001586711689826,-0.2578673462610769,-0.2578673462610769,6,508,-1.3424336394900034,-0.013388202082487366,0.07620095584589803,0.06205896227382146,-3.852138052984344e-11,-2.598335088754844e-11,0.0
H593-c311ba2ac614da95fb3ed97e,OUTCOME-0820,2,7abc0d7c0e302804a40dcf309dece25b925a424ae8a43fd70cd693d41ebfc54f,vetoryl-09,True,512,M_RANK_11_128,0.01758542207514334,47,0,False,-0.03530395262552775,516,zycosan-03,0.05288937470067109,72,80mgCarton,False,72,80mgCarton,False,HOLD,0.014732439211177357,55,0.0,CHALLENGER_RANKING_BLOCKED,72,80mgCarton,False,HOLD,0.014732439211177357,55,0.0,CHALLENGER_RANKING_BLOCKED,BOTH_WRONG,27,20mgCarton,False,-0.9368477285849863,-0.514513655223201,True,0.05800828111177214,-2.676341728862073,-2.676341728862073,31,72,-1.351686480055043,0.5525411049825885,0.32711858611617745,-0.8206396867630822,-0.14509235681270002,0.006927244653657462,-1.2455101409836713
