experiment,split,status,n_queries,n_gallery,method,method_desc,r1,r5,r10,mrr,summary_json
H593,outcome,COMPLETED,478,5412,colnomic_full,ColNomic full image,0.7071129707112971,0.8493723849372385,0.8891213389121339,0.7738585043501363,/hkfs/work/workspace/scratch/ap7811-benchmark/ICLR/RouteA/results/sam3_colnomic_ocr_h593/outcome/summary.json
H593,outcome,COMPLETED,478,5412,ocr_text_only,DeepSeek OCR text-only BM25,0.40376569037656906,0.5125523012552301,0.5292887029288703,0.44766968851696887,/hkfs/work/workspace/scratch/ap7811-benchmark/ICLR/RouteA/results/sam3_colnomic_ocr_h593/outcome/summary.json
H593,outcome,COMPLETED,478,5412,colnomic_full_ocr_a0p9,ColNomic full + full-query OCR fusion alpha=0.9,0.694560669456067,0.8535564853556485,0.8891213389121339,0.7630445971973169,/hkfs/work/workspace/scratch/ap7811-benchmark/ICLR/RouteA/results/sam3_colnomic_ocr_h593/outcome/summary.json
H593,outcome,COMPLETED,478,5412,colnomic_full_ocr_a0p6,ColNomic full + full-query OCR fusion alpha=0.6,0.5732217573221757,0.7154811715481172,0.7740585774058577,0.6317003719200373,/hkfs/work/workspace/scratch/ap7811-benchmark/ICLR/RouteA/results/sam3_colnomic_ocr_h593/outcome/summary.json
H593,outcome,COMPLETED,478,5412,sam3_single_crop_colnomic,SAM3 single crop + ColNomic,0.6694560669456067,0.797071129707113,0.8158995815899581,0.7232964734010758,/hkfs/work/workspace/scratch/ap7811-benchmark/ICLR/RouteA/results/sam3_colnomic_ocr_h593/outcome/summary.json
H593,outcome,COMPLETED,478,5412,sam3_single_crop_ocr,SAM3 single crop + DeepSeek OCR,0.33263598326359833,0.4497907949790795,0.4811715481171548,0.3825247393239025,/hkfs/work/workspace/scratch/ap7811-benchmark/ICLR/RouteA/results/sam3_colnomic_ocr_h593/outcome/summary.json
H593,outcome,COMPLETED,478,5412,sam3_single_crop_colnomic_cropocr_a0p9,SAM3 single crop ColNomic + crop OCR fusion alpha=0.9,0.6506276150627615,0.7928870292887029,0.8117154811715481,0.7077779438135087,/hkfs/work/workspace/scratch/ap7811-benchmark/ICLR/RouteA/results/sam3_colnomic_ocr_h593/outcome/summary.json
H593,outcome,COMPLETED,478,5412,sam3_single_crop_colnomic_cropocr_a0p6,SAM3 single crop ColNomic + crop OCR fusion alpha=0.6,0.5209205020920502,0.6715481171548117,0.7217573221757322,0.5827007371986451,/hkfs/work/workspace/scratch/ap7811-benchmark/ICLR/RouteA/results/sam3_colnomic_ocr_h593/outcome/summary.json
H593,outcome,COMPLETED,478,5412,sam3_product_package_oracle_any,SAM3 product_package oracle any,0.6694560669456067,0.0,0.0,0.0,/hkfs/work/workspace/scratch/ap7811-benchmark/ICLR/RouteA/results/sam3_colnomic_ocr_h593/outcome/summary.json
H593,outcome,COMPLETED,478,5412,sam3_product_package_top_score_colnomic,SAM3 product package top score ColNomic,0.6694560669456067,0.797071129707113,0.8158995815899581,0.7232964734010758,/hkfs/work/workspace/scratch/ap7811-benchmark/ICLR/RouteA/results/sam3_colnomic_ocr_h593/outcome/summary.json
H593,outcome,COMPLETED,478,5412,sam3_product_package_topk_colnomic,SAM3 product package topk ColNomic,0.6694560669456067,0.797071129707113,0.8158995815899581,0.7232964734010758,/hkfs/work/workspace/scratch/ap7811-benchmark/ICLR/RouteA/results/sam3_colnomic_ocr_h593/outcome/summary.json
H593,outcome,COMPLETED,478,5412,sam3_product_package_top_score_ocr,SAM3 product package top score OCR,0.33263598326359833,0.4497907949790795,0.4811715481171548,0.3825247393239025,/hkfs/work/workspace/scratch/ap7811-benchmark/ICLR/RouteA/results/sam3_colnomic_ocr_h593/outcome/summary.json
H593,outcome,COMPLETED,478,5412,sam3_product_package_topk_ocr,SAM3 product package topk OCR,0.33263598326359833,0.4497907949790795,0.4811715481171548,0.3825247393239025,/hkfs/work/workspace/scratch/ap7811-benchmark/ICLR/RouteA/results/sam3_colnomic_ocr_h593/outcome/summary.json
H593,outcome,COMPLETED,478,5412,sam3_product_package_top_score_colnomic_cropocr_a0p9,SAM3 product package top score ColNomic cropOCR alpha=0.9,0.6506276150627615,0.7928870292887029,0.8117154811715481,0.7077779438135087,/hkfs/work/workspace/scratch/ap7811-benchmark/ICLR/RouteA/results/sam3_colnomic_ocr_h593/outcome/summary.json
H593,outcome,COMPLETED,478,5412,sam3_product_package_top_score_colnomic_cropocr_a0p6,SAM3 product package top score ColNomic cropOCR alpha=0.6,0.5209205020920502,0.6715481171548117,0.7217573221757322,0.5827007371986451,/hkfs/work/workspace/scratch/ap7811-benchmark/ICLR/RouteA/results/sam3_colnomic_ocr_h593/outcome/summary.json
H593,outcome,COMPLETED,478,5412,sam3_product_package_topk_colnomic_ocr_a0p9,SAM3 product package topk ColNomic OCR alpha=0.9,0.6736401673640168,0.801255230125523,0.8326359832635983,0.7280010958358238,/hkfs/work/workspace/scratch/ap7811-benchmark/ICLR/RouteA/results/sam3_colnomic_ocr_h593/outcome/summary.json
H593,outcome,COMPLETED,478,5412,sam3_product_package_topk_colnomic_ocr_a0p6,SAM3 product package topk ColNomic OCR alpha=0.6,0.5648535564853556,0.696652719665272,0.7426778242677824,0.6191281463771003,/hkfs/work/workspace/scratch/ap7811-benchmark/ICLR/RouteA/results/sam3_colnomic_ocr_h593/outcome/summary.json
H593,outcome,COMPLETED,478,5412,sam3_product_package_topk_colnomic_cropocr_a0p9,SAM3 product package topk ColNomic cropOCR alpha=0.9,0.6506276150627615,0.7928870292887029,0.8117154811715481,0.7077779438135087,/hkfs/work/workspace/scratch/ap7811-benchmark/ICLR/RouteA/results/sam3_colnomic_ocr_h593/outcome/summary.json
H593,outcome,COMPLETED,478,5412,sam3_product_package_topk_colnomic_cropocr_a0p6,SAM3 product package topk ColNomic cropOCR alpha=0.6,0.5209205020920502,0.6715481171548117,0.7217573221757322,0.5827007371986451,/hkfs/work/workspace/scratch/ap7811-benchmark/ICLR/RouteA/results/sam3_colnomic_ocr_h593/outcome/summary.json
H593,outcome,COMPLETED,478,5412,sam3_all_prompts_oracle_any,SAM3 all prompts oracle any,0.696652719665272,0.0,0.0,0.0,/hkfs/work/workspace/scratch/ap7811-benchmark/ICLR/RouteA/results/sam3_colnomic_ocr_h593/outcome/summary.json
H593,outcome,COMPLETED,478,5412,sam3_all_prompts_top_score_colnomic,SAM3 all prompts top score ColNomic,0.6799163179916318,0.7907949790794979,0.8158995815899581,0.7294464368732151,/hkfs/work/workspace/scratch/ap7811-benchmark/ICLR/RouteA/results/sam3_colnomic_ocr_h593/outcome/summary.json
H593,outcome,COMPLETED,478,5412,sam3_all_prompts_topk_colnomic,SAM3 all prompts topk ColNomic,0.6778242677824268,0.7907949790794979,0.8221757322175732,0.7286868234043966,/hkfs/work/workspace/scratch/ap7811-benchmark/ICLR/RouteA/results/sam3_colnomic_ocr_h593/outcome/summary.json
H593,outcome,COMPLETED,478,5412,sam3_all_prompts_top_score_ocr,SAM3 all prompts top score OCR,0.32426778242677823,0.4581589958158996,0.47489539748953974,0.37914259148568774,/hkfs/work/workspace/scratch/ap7811-benchmark/ICLR/RouteA/results/sam3_colnomic_ocr_h593/outcome/summary.json
H593,outcome,COMPLETED,478,5412,sam3_all_prompts_topk_ocr,SAM3 all prompts topk OCR,0.3158995815899582,0.4309623430962343,0.4602510460251046,0.3667812313209803,/hkfs/work/workspace/scratch/ap7811-benchmark/ICLR/RouteA/results/sam3_colnomic_ocr_h593/outcome/summary.json
H593,outcome,COMPLETED,478,5412,sam3_all_prompts_top_score_colnomic_cropocr_a0p9,SAM3 all prompts top score ColNomic cropOCR alpha=0.9,0.6652719665271967,0.7845188284518828,0.8158995815899581,0.7179111044696819,/hkfs/work/workspace/scratch/ap7811-benchmark/ICLR/RouteA/results/sam3_colnomic_ocr_h593/outcome/summary.json
H593,outcome,COMPLETED,478,5412,sam3_all_prompts_top_score_colnomic_cropocr_a0p6,SAM3 all prompts top score ColNomic cropOCR alpha=0.6,0.5418410041841004,0.6841004184100419,0.7301255230125523,0.5987862788071993,/hkfs/work/workspace/scratch/ap7811-benchmark/ICLR/RouteA/results/sam3_colnomic_ocr_h593/outcome/summary.json
H593,outcome,COMPLETED,478,5412,sam3_all_prompts_topk_colnomic_ocr_a0p9,SAM3 all prompts topk ColNomic OCR alpha=0.9,0.6736401673640168,0.805439330543933,0.8389121338912134,0.7283979212326493,/hkfs/work/workspace/scratch/ap7811-benchmark/ICLR/RouteA/results/sam3_colnomic_ocr_h593/outcome/summary.json
H593,outcome,COMPLETED,478,5412,sam3_all_prompts_topk_colnomic_ocr_a0p6,SAM3 all prompts topk ColNomic OCR alpha=0.6,0.5690376569037657,0.696652719665272,0.7468619246861925,0.622589991366142,/hkfs/work/workspace/scratch/ap7811-benchmark/ICLR/RouteA/results/sam3_colnomic_ocr_h593/outcome/summary.json
H593,outcome,COMPLETED,478,5412,sam3_all_prompts_topk_colnomic_cropocr_a0p9,SAM3 all prompts topk ColNomic cropOCR alpha=0.9,0.6673640167364017,0.7845188284518828,0.8221757322175732,0.7181751012817958,/hkfs/work/workspace/scratch/ap7811-benchmark/ICLR/RouteA/results/sam3_colnomic_ocr_h593/outcome/summary.json
H593,outcome,COMPLETED,478,5412,sam3_all_prompts_topk_colnomic_cropocr_a0p6,SAM3 all prompts topk ColNomic cropOCR alpha=0.6,0.5376569037656904,0.6589958158995816,0.7133891213389121,0.5891122069469349,/hkfs/work/workspace/scratch/ap7811-benchmark/ICLR/RouteA/results/sam3_colnomic_ocr_h593/outcome/summary.json
H593,difficult,COMPLETED,86,5412,colnomic_full,ColNomic full image,0.7093023255813954,0.9418604651162791,0.9651162790697675,0.8051495016611296,/hkfs/work/workspace/scratch/ap7811-benchmark/ICLR/RouteA/results/sam3_colnomic_ocr_h593/difficult/summary.json
H593,difficult,COMPLETED,86,5412,ocr_text_only,DeepSeek OCR text-only BM25,0.32558139534883723,0.5,0.6046511627906976,0.4095422665190107,/hkfs/work/workspace/scratch/ap7811-benchmark/ICLR/RouteA/results/sam3_colnomic_ocr_h593/difficult/summary.json
H593,difficult,COMPLETED,86,5412,colnomic_full_ocr_a0p9,ColNomic full + full-query OCR fusion alpha=0.9,0.8023255813953488,0.9534883720930233,0.9651162790697675,0.8608527131782946,/hkfs/work/workspace/scratch/ap7811-benchmark/ICLR/RouteA/results/sam3_colnomic_ocr_h593/difficult/summary.json
H593,difficult,COMPLETED,86,5412,colnomic_full_ocr_a0p6,ColNomic full + full-query OCR fusion alpha=0.6,0.627906976744186,0.8255813953488372,0.8953488372093024,0.712546142488003,/hkfs/work/workspace/scratch/ap7811-benchmark/ICLR/RouteA/results/sam3_colnomic_ocr_h593/difficult/summary.json
H593,difficult,COMPLETED,86,5412,sam3_single_crop_colnomic,SAM3 single crop + ColNomic,0.5,0.6627906976744186,0.686046511627907,0.5613372093023256,/hkfs/work/workspace/scratch/ap7811-benchmark/ICLR/RouteA/results/sam3_colnomic_ocr_h593/difficult/summary.json
H593,difficult,COMPLETED,86,5412,sam3_single_crop_ocr,SAM3 single crop + DeepSeek OCR,0.2441860465116279,0.3488372093023256,0.38372093023255816,0.29331395348837214,/hkfs/work/workspace/scratch/ap7811-benchmark/ICLR/RouteA/results/sam3_colnomic_ocr_h593/difficult/summary.json
H593,difficult,COMPLETED,86,5412,sam3_single_crop_colnomic_cropocr_a0p9,SAM3 single crop ColNomic + crop OCR fusion alpha=0.9,0.5116279069767442,0.6627906976744186,0.686046511627907,0.5724806201550388,/hkfs/work/workspace/scratch/ap7811-benchmark/ICLR/RouteA/results/sam3_colnomic_ocr_h593/difficult/summary.json
H593,difficult,COMPLETED,86,5412,sam3_single_crop_colnomic_cropocr_a0p6,SAM3 single crop ColNomic + crop OCR fusion alpha=0.6,0.43023255813953487,0.5232558139534884,0.5813953488372093,0.4681985972683647,/hkfs/work/workspace/scratch/ap7811-benchmark/ICLR/RouteA/results/sam3_colnomic_ocr_h593/difficult/summary.json
H593,difficult,COMPLETED,86,5412,sam3_product_package_oracle_any,SAM3 product_package oracle any,0.6976744186046512,0.0,0.0,0.0,/hkfs/work/workspace/scratch/ap7811-benchmark/ICLR/RouteA/results/sam3_colnomic_ocr_h593/difficult/summary.json
H593,difficult,COMPLETED,86,5412,sam3_product_package_top_score_colnomic,SAM3 product package top score ColNomic,0.5,0.6627906976744186,0.686046511627907,0.5613372093023256,/hkfs/work/workspace/scratch/ap7811-benchmark/ICLR/RouteA/results/sam3_colnomic_ocr_h593/difficult/summary.json
H593,difficult,COMPLETED,86,5412,sam3_product_package_topk_colnomic,SAM3 product package topk ColNomic,0.5697674418604651,0.7906976744186046,0.8255813953488372,0.6545542635658914,/hkfs/work/workspace/scratch/ap7811-benchmark/ICLR/RouteA/results/sam3_colnomic_ocr_h593/difficult/summary.json
H593,difficult,COMPLETED,86,5412,sam3_product_package_top_score_ocr,SAM3 product package top score OCR,0.2441860465116279,0.3488372093023256,0.38372093023255816,0.29331395348837214,/hkfs/work/workspace/scratch/ap7811-benchmark/ICLR/RouteA/results/sam3_colnomic_ocr_h593/difficult/summary.json
H593,difficult,COMPLETED,86,5412,sam3_product_package_topk_ocr,SAM3 product package topk OCR,0.05813953488372093,0.11627906976744186,0.1511627906976744,0.08724160206718345,/hkfs/work/workspace/scratch/ap7811-benchmark/ICLR/RouteA/results/sam3_colnomic_ocr_h593/difficult/summary.json
H593,difficult,COMPLETED,86,5412,sam3_product_package_top_score_colnomic_cropocr_a0p9,SAM3 product package top score ColNomic cropOCR alpha=0.9,0.5116279069767442,0.6627906976744186,0.686046511627907,0.5724806201550388,/hkfs/work/workspace/scratch/ap7811-benchmark/ICLR/RouteA/results/sam3_colnomic_ocr_h593/difficult/summary.json
H593,difficult,COMPLETED,86,5412,sam3_product_package_top_score_colnomic_cropocr_a0p6,SAM3 product package top score ColNomic cropOCR alpha=0.6,0.43023255813953487,0.5232558139534884,0.5813953488372093,0.4681985972683647,/hkfs/work/workspace/scratch/ap7811-benchmark/ICLR/RouteA/results/sam3_colnomic_ocr_h593/difficult/summary.json
H593,difficult,COMPLETED,86,5412,sam3_product_package_topk_colnomic_ocr_a0p9,SAM3 product package topk ColNomic OCR alpha=0.9,0.6511627906976745,0.8372093023255814,0.8604651162790697,0.7228682170542635,/hkfs/work/workspace/scratch/ap7811-benchmark/ICLR/RouteA/results/sam3_colnomic_ocr_h593/difficult/summary.json
H593,difficult,COMPLETED,86,5412,sam3_product_package_topk_colnomic_ocr_a0p6,SAM3 product package topk ColNomic OCR alpha=0.6,0.5813953488372093,0.8023255813953488,0.872093023255814,0.6667635658914729,/hkfs/work/workspace/scratch/ap7811-benchmark/ICLR/RouteA/results/sam3_colnomic_ocr_h593/difficult/summary.json
H593,difficult,COMPLETED,86,5412,sam3_product_package_topk_colnomic_cropocr_a0p9,SAM3 product package topk ColNomic cropOCR alpha=0.9,0.5465116279069767,0.8023255813953488,0.8372093023255814,0.6545542635658914,/hkfs/work/workspace/scratch/ap7811-benchmark/ICLR/RouteA/results/sam3_colnomic_ocr_h593/difficult/summary.json
H593,difficult,COMPLETED,86,5412,sam3_product_package_topk_colnomic_cropocr_a0p6,SAM3 product package topk ColNomic cropOCR alpha=0.6,0.2558139534883721,0.5930232558139535,0.686046511627907,0.3949427833148763,/hkfs/work/workspace/scratch/ap7811-benchmark/ICLR/RouteA/results/sam3_colnomic_ocr_h593/difficult/summary.json
H593,difficult,COMPLETED,86,5412,sam3_all_prompts_oracle_any,SAM3 all prompts oracle any,0.7441860465116279,0.0,0.0,0.0,/hkfs/work/workspace/scratch/ap7811-benchmark/ICLR/RouteA/results/sam3_colnomic_ocr_h593/difficult/summary.json
H593,difficult,COMPLETED,86,5412,sam3_all_prompts_top_score_colnomic,SAM3 all prompts top score ColNomic,0.47674418604651164,0.627906976744186,0.6395348837209303,0.5285991140642303,/hkfs/work/workspace/scratch/ap7811-benchmark/ICLR/RouteA/results/sam3_colnomic_ocr_h593/difficult/summary.json
H593,difficult,COMPLETED,86,5412,sam3_all_prompts_topk_colnomic,SAM3 all prompts topk ColNomic,0.5348837209302325,0.7441860465116279,0.7790697674418605,0.6169712070874862,/hkfs/work/workspace/scratch/ap7811-benchmark/ICLR/RouteA/results/sam3_colnomic_ocr_h593/difficult/summary.json
H593,difficult,COMPLETED,86,5412,sam3_all_prompts_top_score_ocr,SAM3 all prompts top score OCR,0.22093023255813954,0.36046511627906974,0.38372093023255816,0.2834625322997416,/hkfs/work/workspace/scratch/ap7811-benchmark/ICLR/RouteA/results/sam3_colnomic_ocr_h593/difficult/summary.json
H593,difficult,COMPLETED,86,5412,sam3_all_prompts_topk_ocr,SAM3 all prompts topk OCR,0.09302325581395349,0.1511627906976744,0.18604651162790697,0.12039497969730528,/hkfs/work/workspace/scratch/ap7811-benchmark/ICLR/RouteA/results/sam3_colnomic_ocr_h593/difficult/summary.json
H593,difficult,COMPLETED,86,5412,sam3_all_prompts_top_score_colnomic_cropocr_a0p9,SAM3 all prompts top score ColNomic cropOCR alpha=0.9,0.4883720930232558,0.627906976744186,0.6395348837209303,0.5414728682170543,/hkfs/work/workspace/scratch/ap7811-benchmark/ICLR/RouteA/results/sam3_colnomic_ocr_h593/difficult/summary.json
H593,difficult,COMPLETED,86,5412,sam3_all_prompts_top_score_colnomic_cropocr_a0p6,SAM3 all prompts top score ColNomic cropOCR alpha=0.6,0.43023255813953487,0.5465116279069767,0.5813953488372093,0.47175156884459213,/hkfs/work/workspace/scratch/ap7811-benchmark/ICLR/RouteA/results/sam3_colnomic_ocr_h593/difficult/summary.json
H593,difficult,COMPLETED,86,5412,sam3_all_prompts_topk_colnomic_ocr_a0p9,SAM3 all prompts topk ColNomic OCR alpha=0.9,0.5930232558139535,0.7790697674418605,0.8023255813953488,0.6660852713178295,/hkfs/work/workspace/scratch/ap7811-benchmark/ICLR/RouteA/results/sam3_colnomic_ocr_h593/difficult/summary.json
H593,difficult,COMPLETED,86,5412,sam3_all_prompts_topk_colnomic_ocr_a0p6,SAM3 all prompts topk ColNomic OCR alpha=0.6,0.5813953488372093,0.7906976744186046,0.8488372093023255,0.6640180878552971,/hkfs/work/workspace/scratch/ap7811-benchmark/ICLR/RouteA/results/sam3_colnomic_ocr_h593/difficult/summary.json
H593,difficult,COMPLETED,86,5412,sam3_all_prompts_topk_colnomic_cropocr_a0p9,SAM3 all prompts topk ColNomic cropOCR alpha=0.9,0.5116279069767442,0.7441860465116279,0.7790697674418605,0.610188261351052,/hkfs/work/workspace/scratch/ap7811-benchmark/ICLR/RouteA/results/sam3_colnomic_ocr_h593/difficult/summary.json
H593,difficult,COMPLETED,86,5412,sam3_all_prompts_topk_colnomic_cropocr_a0p6,SAM3 all prompts topk ColNomic cropOCR alpha=0.6,0.3372093023255814,0.627906976744186,0.7093023255813954,0.45627537836840165,/hkfs/work/workspace/scratch/ap7811-benchmark/ICLR/RouteA/results/sam3_colnomic_ocr_h593/difficult/summary.json
H593,new_difficult_train,COMPLETED,29,5412,colnomic_full,ColNomic full image,0.9655172413793104,1.0,1.0,0.9827586206896551,/hkfs/work/workspace/scratch/ap7811-benchmark/ICLR/RouteA/results/sam3_colnomic_ocr_h593/new_difficult_train/summary.json
H593,new_difficult_train,COMPLETED,29,5412,ocr_text_only,DeepSeek OCR text-only BM25,0.5517241379310345,0.7586206896551724,0.7931034482758621,0.6522988505747127,/hkfs/work/workspace/scratch/ap7811-benchmark/ICLR/RouteA/results/sam3_colnomic_ocr_h593/new_difficult_train/summary.json
H593,new_difficult_train,COMPLETED,29,5412,colnomic_full_ocr_a0p9,ColNomic full + full-query OCR fusion alpha=0.9,0.8620689655172413,1.0,1.0,0.9137931034482759,/hkfs/work/workspace/scratch/ap7811-benchmark/ICLR/RouteA/results/sam3_colnomic_ocr_h593/new_difficult_train/summary.json
H593,new_difficult_train,COMPLETED,29,5412,colnomic_full_ocr_a0p6,ColNomic full + full-query OCR fusion alpha=0.6,0.6551724137931034,0.896551724137931,0.896551724137931,0.7586206896551724,/hkfs/work/workspace/scratch/ap7811-benchmark/ICLR/RouteA/results/sam3_colnomic_ocr_h593/new_difficult_train/summary.json
H593,new_difficult_train,COMPLETED,29,5412,sam3_single_crop_colnomic,SAM3 single crop + ColNomic,0.9310344827586207,1.0,1.0,0.9655172413793104,/hkfs/work/workspace/scratch/ap7811-benchmark/ICLR/RouteA/results/sam3_colnomic_ocr_h593/new_difficult_train/summary.json
H593,new_difficult_train,COMPLETED,29,5412,sam3_single_crop_ocr,SAM3 single crop + DeepSeek OCR,0.5862068965517241,0.8275862068965517,0.8620689655172413,0.7060755336617405,/hkfs/work/workspace/scratch/ap7811-benchmark/ICLR/RouteA/results/sam3_colnomic_ocr_h593/new_difficult_train/summary.json
H593,new_difficult_train,COMPLETED,29,5412,sam3_single_crop_colnomic_cropocr_a0p9,SAM3 single crop ColNomic + crop OCR fusion alpha=0.9,0.8620689655172413,1.0,1.0,0.9310344827586207,/hkfs/work/workspace/scratch/ap7811-benchmark/ICLR/RouteA/results/sam3_colnomic_ocr_h593/new_difficult_train/summary.json
H593,new_difficult_train,COMPLETED,29,5412,sam3_single_crop_colnomic_cropocr_a0p6,SAM3 single crop ColNomic + crop OCR fusion alpha=0.6,0.7586206896551724,0.896551724137931,0.9310344827586207,0.8238916256157636,/hkfs/work/workspace/scratch/ap7811-benchmark/ICLR/RouteA/results/sam3_colnomic_ocr_h593/new_difficult_train/summary.json
H593,new_difficult_train,COMPLETED,29,5412,sam3_product_package_oracle_any,SAM3 product_package oracle any,0.9310344827586207,0.0,0.0,0.0,/hkfs/work/workspace/scratch/ap7811-benchmark/ICLR/RouteA/results/sam3_colnomic_ocr_h593/new_difficult_train/summary.json
H593,new_difficult_train,COMPLETED,29,5412,sam3_product_package_top_score_colnomic,SAM3 product package top score ColNomic,0.9310344827586207,1.0,1.0,0.9655172413793104,/hkfs/work/workspace/scratch/ap7811-benchmark/ICLR/RouteA/results/sam3_colnomic_ocr_h593/new_difficult_train/summary.json
H593,new_difficult_train,COMPLETED,29,5412,sam3_product_package_topk_colnomic,SAM3 product package topk ColNomic,0.8620689655172413,0.9655172413793104,0.9655172413793104,0.903448275862069,/hkfs/work/workspace/scratch/ap7811-benchmark/ICLR/RouteA/results/sam3_colnomic_ocr_h593/new_difficult_train/summary.json
H593,new_difficult_train,COMPLETED,29,5412,sam3_product_package_top_score_ocr,SAM3 product package top score OCR,0.5862068965517241,0.8275862068965517,0.8620689655172413,0.7060755336617405,/hkfs/work/workspace/scratch/ap7811-benchmark/ICLR/RouteA/results/sam3_colnomic_ocr_h593/new_difficult_train/summary.json
H593,new_difficult_train,COMPLETED,29,5412,sam3_product_package_topk_ocr,SAM3 product package topk OCR,0.41379310344827586,0.6896551724137931,0.7241379310344828,0.5405582922824302,/hkfs/work/workspace/scratch/ap7811-benchmark/ICLR/RouteA/results/sam3_colnomic_ocr_h593/new_difficult_train/summary.json
H593,new_difficult_train,COMPLETED,29,5412,sam3_product_package_top_score_colnomic_cropocr_a0p9,SAM3 product package top score ColNomic cropOCR alpha=0.9,0.8620689655172413,1.0,1.0,0.9310344827586207,/hkfs/work/workspace/scratch/ap7811-benchmark/ICLR/RouteA/results/sam3_colnomic_ocr_h593/new_difficult_train/summary.json
H593,new_difficult_train,COMPLETED,29,5412,sam3_product_package_top_score_colnomic_cropocr_a0p6,SAM3 product package top score ColNomic cropOCR alpha=0.6,0.7586206896551724,0.896551724137931,0.9310344827586207,0.8238916256157636,/hkfs/work/workspace/scratch/ap7811-benchmark/ICLR/RouteA/results/sam3_colnomic_ocr_h593/new_difficult_train/summary.json
H593,new_difficult_train,COMPLETED,29,5412,sam3_product_package_topk_colnomic_ocr_a0p9,SAM3 product package topk ColNomic OCR alpha=0.9,0.8275862068965517,0.9655172413793104,0.9655172413793104,0.8908045977011494,/hkfs/work/workspace/scratch/ap7811-benchmark/ICLR/RouteA/results/sam3_colnomic_ocr_h593/new_difficult_train/summary.json
H593,new_difficult_train,COMPLETED,29,5412,sam3_product_package_topk_colnomic_ocr_a0p6,SAM3 product package topk ColNomic OCR alpha=0.6,0.6551724137931034,0.896551724137931,0.896551724137931,0.7614942528735632,/hkfs/work/workspace/scratch/ap7811-benchmark/ICLR/RouteA/results/sam3_colnomic_ocr_h593/new_difficult_train/summary.json
H593,new_difficult_train,COMPLETED,29,5412,sam3_product_package_topk_colnomic_cropocr_a0p9,SAM3 product package topk ColNomic cropOCR alpha=0.9,0.8620689655172413,0.9655172413793104,0.9655172413793104,0.9137931034482759,/hkfs/work/workspace/scratch/ap7811-benchmark/ICLR/RouteA/results/sam3_colnomic_ocr_h593/new_difficult_train/summary.json
H593,new_difficult_train,COMPLETED,29,5412,sam3_product_package_topk_colnomic_cropocr_a0p6,SAM3 product package topk ColNomic cropOCR alpha=0.6,0.6896551724137931,0.896551724137931,0.9310344827586207,0.7750410509031198,/hkfs/work/workspace/scratch/ap7811-benchmark/ICLR/RouteA/results/sam3_colnomic_ocr_h593/new_difficult_train/summary.json
H593,new_difficult_train,COMPLETED,29,5412,sam3_all_prompts_oracle_any,SAM3 all prompts oracle any,0.9310344827586207,0.0,0.0,0.0,/hkfs/work/workspace/scratch/ap7811-benchmark/ICLR/RouteA/results/sam3_colnomic_ocr_h593/new_difficult_train/summary.json
H593,new_difficult_train,COMPLETED,29,5412,sam3_all_prompts_top_score_colnomic,SAM3 all prompts top score ColNomic,0.9310344827586207,1.0,1.0,0.9655172413793104,/hkfs/work/workspace/scratch/ap7811-benchmark/ICLR/RouteA/results/sam3_colnomic_ocr_h593/new_difficult_train/summary.json
H593,new_difficult_train,COMPLETED,29,5412,sam3_all_prompts_topk_colnomic,SAM3 all prompts topk ColNomic,0.8275862068965517,0.896551724137931,0.896551724137931,0.8620689655172413,/hkfs/work/workspace/scratch/ap7811-benchmark/ICLR/RouteA/results/sam3_colnomic_ocr_h593/new_difficult_train/summary.json
H593,new_difficult_train,COMPLETED,29,5412,sam3_all_prompts_top_score_ocr,SAM3 all prompts top score OCR,0.6206896551724138,0.7931034482758621,0.8620689655172413,0.7089490968801314,/hkfs/work/workspace/scratch/ap7811-benchmark/ICLR/RouteA/results/sam3_colnomic_ocr_h593/new_difficult_train/summary.json
H593,new_difficult_train,COMPLETED,29,5412,sam3_all_prompts_topk_ocr,SAM3 all prompts topk OCR,0.41379310344827586,0.6206896551724138,0.6551724137931034,0.5077996715927751,/hkfs/work/workspace/scratch/ap7811-benchmark/ICLR/RouteA/results/sam3_colnomic_ocr_h593/new_difficult_train/summary.json
H593,new_difficult_train,COMPLETED,29,5412,sam3_all_prompts_top_score_colnomic_cropocr_a0p9,SAM3 all prompts top score ColNomic cropOCR alpha=0.9,0.8620689655172413,1.0,1.0,0.925287356321839,/hkfs/work/workspace/scratch/ap7811-benchmark/ICLR/RouteA/results/sam3_colnomic_ocr_h593/new_difficult_train/summary.json
H593,new_difficult_train,COMPLETED,29,5412,sam3_all_prompts_top_score_colnomic_cropocr_a0p6,SAM3 all prompts top score ColNomic cropOCR alpha=0.6,0.7241379310344828,0.896551724137931,0.9310344827586207,0.8089080459770115,/hkfs/work/workspace/scratch/ap7811-benchmark/ICLR/RouteA/results/sam3_colnomic_ocr_h593/new_difficult_train/summary.json
H593,new_difficult_train,COMPLETED,29,5412,sam3_all_prompts_topk_colnomic_ocr_a0p9,SAM3 all prompts topk ColNomic OCR alpha=0.9,0.7586206896551724,0.896551724137931,0.896551724137931,0.8160919540229885,/hkfs/work/workspace/scratch/ap7811-benchmark/ICLR/RouteA/results/sam3_colnomic_ocr_h593/new_difficult_train/summary.json
H593,new_difficult_train,COMPLETED,29,5412,sam3_all_prompts_topk_colnomic_ocr_a0p6,SAM3 all prompts topk ColNomic OCR alpha=0.6,0.6551724137931034,0.8620689655172413,0.8620689655172413,0.75,/hkfs/work/workspace/scratch/ap7811-benchmark/ICLR/RouteA/results/sam3_colnomic_ocr_h593/new_difficult_train/summary.json
H593,new_difficult_train,COMPLETED,29,5412,sam3_all_prompts_topk_colnomic_cropocr_a0p9,SAM3 all prompts topk ColNomic cropOCR alpha=0.9,0.7931034482758621,0.896551724137931,0.896551724137931,0.8390804597701149,/hkfs/work/workspace/scratch/ap7811-benchmark/ICLR/RouteA/results/sam3_colnomic_ocr_h593/new_difficult_train/summary.json
H593,new_difficult_train,COMPLETED,29,5412,sam3_all_prompts_topk_colnomic_cropocr_a0p6,SAM3 all prompts topk ColNomic cropOCR alpha=0.6,0.6206896551724138,0.7931034482758621,0.8620689655172413,0.7046387520525452,/hkfs/work/workspace/scratch/ap7811-benchmark/ICLR/RouteA/results/sam3_colnomic_ocr_h593/new_difficult_train/summary.json
H593,ALL_593,COMPLETED,593,5412,colnomic_full,ColNomic full image,0.7200674536256324,0.8701517706576728,0.9055649241146712,0.7886125163949785,weighted from outcome + difficult + new_difficult_train summary.json
H593,ALL_593,COMPLETED,593,5412,ocr_text_only,DeepSeek OCR text-only BM25,0.3996627318718381,0.5227655986509275,0.5531197301854974,0.4521474075858562,weighted from outcome + difficult + new_difficult_train summary.json
H593,ALL_593,COMPLETED,593,5412,colnomic_full_ocr_a0p9,ColNomic full + full-query OCR fusion alpha=0.9,0.718381112984823,0.8752107925801011,0.9055649241146712,0.7846014347279102,weighted from outcome + difficult + new_difficult_train summary.json
H593,ALL_593,COMPLETED,593,5412,colnomic_full_ocr_a0p6,ColNomic full + full-query OCR fusion alpha=0.6,0.5851602023608768,0.7403035413153457,0.7976391231028668,0.6496319494633154,weighted from outcome + difficult + new_difficult_train summary.json
H593,ALL_593,COMPLETED,593,5412,sam3_single_crop_colnomic,SAM3 single crop + ColNomic,0.657672849915683,0.7875210792580101,0.806070826306914,0.7116538183570223,weighted from outcome + difficult + new_difficult_train summary.json
H593,ALL_593,COMPLETED,593,5412,sam3_single_crop_ocr,SAM3 single crop + DeepSeek OCR,0.33220910623946037,0.4536256323777403,0.4856661045531197,0.38540980754302845,weighted from outcome + difficult + new_difficult_train summary.json
H593,ALL_593,COMPLETED,593,5412,sam3_single_crop_colnomic_cropocr_a0p9,SAM3 single crop ColNomic + crop OCR fusion alpha=0.9,0.6408094435075885,0.7841483979763912,0.8026981450252951,0.6990745201959367,weighted from outcome + difficult + new_difficult_train summary.json
H593,ALL_593,COMPLETED,593,5412,sam3_single_crop_colnomic_cropocr_a0p6,SAM3 single crop ColNomic + crop OCR fusion alpha=0.6,0.5193929173693086,0.6610455311973018,0.7116357504215851,0.5778902004871651,weighted from outcome + difficult + new_difficult_train summary.json
H593,ALL_593,COMPLETED,593,5412,sam3_product_package_oracle_any,SAM3 product_package oracle any,0.6863406408094435,0.0,0.0,0.0,weighted from outcome + difficult + new_difficult_train summary.json
H593,ALL_593,COMPLETED,593,5412,sam3_product_package_top_score_colnomic,SAM3 product package top score ColNomic,0.657672849915683,0.7875210792580101,0.806070826306914,0.7116538183570223,weighted from outcome + difficult + new_difficult_train summary.json
H593,ALL_593,COMPLETED,593,5412,sam3_product_package_topk_colnomic,SAM3 product package topk ColNomic,0.6644182124789207,0.8043844856661045,0.8246205733558178,0.7221372360073878,weighted from outcome + difficult + new_difficult_train summary.json
H593,ALL_593,COMPLETED,593,5412,sam3_product_package_top_score_ocr,SAM3 product package top score OCR,0.33220910623946037,0.4536256323777403,0.4856661045531197,0.38540980754302845,weighted from outcome + difficult + new_difficult_train summary.json
H593,ALL_593,COMPLETED,593,5412,sam3_product_package_topk_ocr,SAM3 product package topk OCR,0.29679595278246207,0.4131534569983137,0.4451939291736931,0.3474296688883535,weighted from outcome + difficult + new_difficult_train summary.json
H593,ALL_593,COMPLETED,593,5412,sam3_product_package_top_score_colnomic_cropocr_a0p9,SAM3 product package top score ColNomic cropOCR alpha=0.9,0.6408094435075885,0.7841483979763912,0.8026981450252951,0.6990745201959367,weighted from outcome + difficult + new_difficult_train summary.json
H593,ALL_593,COMPLETED,593,5412,sam3_product_package_top_score_colnomic_cropocr_a0p6,SAM3 product package top score ColNomic cropOCR alpha=0.6,0.5193929173693086,0.6610455311973018,0.7116357504215851,0.5778902004871651,weighted from outcome + difficult + new_difficult_train summary.json
H593,ALL_593,COMPLETED,593,5412,sam3_product_package_topk_colnomic_ocr_a0p9,SAM3 product package topk ColNomic OCR alpha=0.9,0.6779089376053963,0.8145025295109612,0.8431703204047217,0.7352184212639524,weighted from outcome + difficult + new_difficult_train summary.json
H593,ALL_593,COMPLETED,593,5412,sam3_product_package_topk_colnomic_ocr_a0p6,SAM3 product package topk ColNomic OCR alpha=0.6,0.5716694772344013,0.7217537942664418,0.7689713322091062,0.6329987419363472,weighted from outcome + difficult + new_difficult_train summary.json
H593,ALL_593,COMPLETED,593,5412,sam3_product_package_topk_colnomic_cropocr_a0p9,SAM3 product package topk ColNomic cropOCR alpha=0.9,0.6458684654300169,0.8026981450252951,0.8229342327150084,0.710134104231912,weighted from outcome + difficult + new_difficult_train summary.json
H593,ALL_593,COMPLETED,593,5412,sam3_product_package_topk_colnomic_cropocr_a0p6,SAM3 product package topk ColNomic cropOCR alpha=0.6,0.49072512647554806,0.6711635750421585,0.7268128161888702,0.5648772718755856,weighted from outcome + difficult + new_difficult_train summary.json
H593,ALL_593,COMPLETED,593,5412,sam3_all_prompts_oracle_any,SAM3 all prompts oracle any,0.715008431703204,0.0,0.0,0.0,weighted from outcome + difficult + new_difficult_train summary.json
H593,ALL_593,COMPLETED,593,5412,sam3_all_prompts_top_score_colnomic,SAM3 all prompts top score ColNomic,0.6627318718381113,0.7774030354131535,0.7993254637436762,0.7118632725715357,weighted from outcome + difficult + new_difficult_train summary.json
H593,ALL_593,COMPLETED,593,5412,sam3_all_prompts_topk_colnomic,SAM3 all prompts topk ColNomic,0.6644182124789207,0.7892074198988196,0.8195615514333895,0.7190081372627747,weighted from outcome + difficult + new_difficult_train summary.json
H593,ALL_593,COMPLETED,593,5412,sam3_all_prompts_top_score_ocr,SAM3 all prompts top score OCR,0.32377740303541314,0.46037099494097805,0.4806070826306914,0.3813953799619904,weighted from outcome + difficult + new_difficult_train summary.json
H593,ALL_593,COMPLETED,593,5412,sam3_all_prompts_topk_ocr,SAM3 all prompts topk OCR,0.28836424957841483,0.3996627318718381,0.4300168634064081,0.3379453411493884,weighted from outcome + difficult + new_difficult_train summary.json
H593,ALL_593,COMPLETED,593,5412,sam3_all_prompts_top_score_colnomic_cropocr_a0p9,SAM3 all prompts top score ColNomic cropOCR alpha=0.9,0.6492411467116358,0.7723440134907251,0.7993254637436762,0.7024646002301989,weighted from outcome + difficult + new_difficult_train summary.json
H593,ALL_593,COMPLETED,593,5412,sam3_all_prompts_top_score_colnomic_cropocr_a0p6,SAM3 all prompts top score ColNomic cropOCR alpha=0.6,0.5345699831365935,0.6745362563237775,0.718381112984823,0.5906388018951256,weighted from outcome + difficult + new_difficult_train summary.json
H593,ALL_593,COMPLETED,593,5412,sam3_all_prompts_topk_colnomic_ocr_a0p9,SAM3 all prompts topk ColNomic OCR alpha=0.9,0.6661045531197302,0.806070826306914,0.836424957841484,0.7236495891217646,weighted from outcome + difficult + new_difficult_train summary.json
H593,ALL_593,COMPLETED,593,5412,sam3_all_prompts_topk_colnomic_ocr_a0p6,SAM3 all prompts topk ColNomic OCR alpha=0.6,0.5750421585160203,0.718381112984823,0.7672849915682968,0.6348289568778608,weighted from outcome + difficult + new_difficult_train summary.json
H593,ALL_593,COMPLETED,593,5412,sam3_all_prompts_topk_colnomic_cropocr_a0p9,SAM3 all prompts topk ColNomic cropOCR alpha=0.9,0.6509274873524452,0.7841483979763912,0.8195615514333895,0.7084270189244894,weighted from outcome + difficult + new_difficult_train summary.json
H593,ALL_593,COMPLETED,593,5412,sam3_all_prompts_topk_colnomic_cropocr_a0p6,SAM3 all prompts topk ColNomic cropOCR alpha=0.6,0.5126475548060708,0.6610455311973018,0.7200674536256324,0.5754972028159211,weighted from outcome + difficult + new_difficult_train summary.json
