arm,correct,n,rescue_vs_RAW,break_vs_RAW,original_rescues_retained,identical_original_decisions
RAW,98,119,0,0,0,103
ORIGINAL_COST1,105,119,9,2,9,119
COL_ONLY_SINGLE,92,119,0,6,0,96
COL_ONLY_SINGLE_CBIND,79,119,2,21,2,84
COL_ONLY_PAIR,96,119,1,3,0,98
COL_ONLY_PAIR_CBIND,82,119,0,16,0,86
COARSE_SINGLE,95,119,0,3,0,99
COARSE_SINGLE_CBIND,92,119,1,7,0,95
COARSE_PAIR,98,119,1,1,1,101
COARSE_PAIR_CBIND,92,119,1,7,0,95
NONE,98,119,0,0,0,103
NONE_CBIND,98,119,0,0,0,103
ROMA,104,119,8,2,8,117
ROMA_CBIND,80,119,2,20,1,81
