panel,model,queries,correct,accuracy_percent,rescues,breaks,net,evidence
H593,CE,593,486,81.95615514333895,71,11,60,Grouped OOF development; trained heads versus fixed heuristics
H593,COST1,593,481,81.11298482293424,58,3,55,Grouped OOF development; trained heads versus fixed heuristics
H593,CRISP,593,373,62.900505902192236,16,69,-53,Grouped OOF development; trained heads versus fixed heuristics
H593,MANUAL_BALANCED,593,459,77.40303541315345,41,8,33,Grouped OOF development; trained heads versus fixed heuristics
H593,MANUAL_EQUAL,593,459,77.40303541315345,71,38,33,Grouped OOF development; trained heads versus fixed heuristics
H593,PATCH_MAXSIM,593,424,71.50084317032041,1,3,-2,Grouped OOF development; trained heads versus fixed heuristics
H593,RAW,593,426,71.8381112984823,0,0,0,Grouped OOF development; trained heads versus fixed heuristics
H593,VISIBILITY_DIRECT,593,417,70.32040472175379,99,108,-9,Grouped OOF development; trained heads versus fixed heuristics
H593,ZERO_HEAD,593,426,71.8381112984823,0,0,0,Grouped OOF development; trained heads versus fixed heuristics
