panel,model,arm,queries,correct,rescue_vs_RAW,loss_vs_RAW,MRR,source
EVAL128,frozen ORIGINAL7,CBIND,128,67,2,23,0.6770857891924299,results/rc_original7_eval128_full_evidence_v1/result.json
EVAL128,frozen ORIGINAL7,DROP_L,128,85,0,3,0.7579575649860807,results/rc_original7_eval128_full_evidence_v1/result.json
EVAL128,frozen ORIGINAL7,DROP_M,128,88,0,0,0.7700669399860807,results/rc_original7_eval128_full_evidence_v1/result.json
EVAL128,frozen ORIGINAL7,DROP_Q,128,99,12,1,0.8240132107292264,results/rc_original7_eval128_full_evidence_v1/result.json
EVAL128,frozen ORIGINAL7,DROP_QR,128,98,11,1,0.817068766284782,results/rc_original7_eval128_full_evidence_v1/result.json
EVAL128,frozen ORIGINAL7,DROP_R,128,97,11,2,0.813162516284782,results/rc_original7_eval128_full_evidence_v1/result.json
EVAL128,frozen ORIGINAL7,DROP_RAW,128,94,13,7,0.8060410568660836,results/rc_original7_eval128_full_evidence_v1/result.json
EVAL128,frozen ORIGINAL7,DROP_S,128,98,14,4,0.8186653684673216,results/rc_original7_eval128_full_evidence_v1/result.json
EVAL128,frozen ORIGINAL7,DROP_S_QR,128,97,13,4,0.8116341184673217,results/rc_original7_eval128_full_evidence_v1/result.json
EVAL128,frozen ORIGINAL7,REAL,128,99,12,1,0.8240132107292264,results/rc_original7_eval128_full_evidence_v1/result.json
