dataset,evidence_scope,model,queries,correct,accuracy_percent,MRR,rescue_vs_RAW,break_vs_RAW,net_vs_RAW,candidate_source,model_lineage,action
GroZi,外部确认,CE,480,367,76.45833333333333,0.776326666065979,46,0,46,legacy5413 physical gallery plus120 new references; naturalC128,all opened H593 final heads; zero GroZi training or calibration,127 challengers; SWITCH iff max logit > 0 else HOLD
GroZi,外部确认,CE_CBIND,480,298,62.083333333333336,0.6835061959354759,3,26,-23,legacy5413 physical gallery plus120 new references; naturalC128,all opened H593 final heads; zero GroZi training or calibration,127 challengers; SWITCH iff max logit > 0 else HOLD
GroZi,外部确认,COST1,480,355,73.95833333333334,0.75948164987968,34,0,34,legacy5413 physical gallery plus120 new references; naturalC128,all opened H593 final heads; zero GroZi training or calibration,127 challengers; SWITCH iff max logit > 0 else HOLD
GroZi,外部确认,COST1_CBIND,480,313,65.20833333333333,0.7004237535849415,0,8,-8,legacy5413 physical gallery plus120 new references; naturalC128,all opened H593 final heads; zero GroZi training or calibration,127 challengers; SWITCH iff max logit > 0 else HOLD
GroZi,外部确认,COST4,480,326,67.91666666666667,0.7166174614973995,5,0,5,legacy5413 physical gallery plus120 new references; naturalC128,all opened H593 final heads; zero GroZi training or calibration,127 challengers; SWITCH iff max logit > 0 else HOLD
GroZi,外部确认,COST4_CBIND,480,321,66.875,0.7107841281640662,0,0,0,legacy5413 physical gallery plus120 new references; naturalC128,all opened H593 final heads; zero GroZi training or calibration,127 challengers; SWITCH iff max logit > 0 else HOLD
GroZi,外部确认,GROUP_COST4,480,329,68.54166666666667,0.7200896837196217,8,0,8,legacy5413 physical gallery plus120 new references; naturalC128,all opened H593 final heads; zero GroZi training or calibration,127 challengers; SWITCH iff max logit > 0 else HOLD
GroZi,外部确认,GROUP_COST4_CBIND,480,321,66.875,0.7107841281640662,0,0,0,legacy5413 physical gallery plus120 new references; naturalC128,all opened H593 final heads; zero GroZi training or calibration,127 challengers; SWITCH iff max logit > 0 else HOLD
GroZi,外部确认,RAW,480,321,66.875,0.7107841281640662,0,0,0,legacy5413 physical gallery plus120 new references; naturalC128,all opened H593 final heads; zero GroZi training or calibration,127 challengers; SWITCH iff max logit > 0 else HOLD
GroZi,外部确认,RAW2_CE,480,321,66.875,0.7107841281640662,0,0,0,legacy5413 physical gallery plus120 new references; naturalC128,all opened H593 final heads; zero GroZi training or calibration,127 challengers; SWITCH iff max logit > 0 else HOLD
GroZi,外部确认,RAW2_CE_CBIND,480,321,66.875,0.7107841281640662,0,0,0,legacy5413 physical gallery plus120 new references; naturalC128,all opened H593 final heads; zero GroZi training or calibration,127 challengers; SWITCH iff max logit > 0 else HOLD
RPC,外部确认,CE,600,217,36.16666666666667,0.46219947056440314,42,17,25,independent200-reference gallery;naturalC128,frozen full-H593 heads; zero RPC training/calibration,127 challengers; SWITCH iff max logit > 0 else HOLD
RPC,外部确认,CE_CBIND,600,158,26.333333333333332,0.39791416463470064,17,51,-34,independent200-reference gallery;naturalC128,frozen full-H593 heads; zero RPC training/calibration,127 challengers; SWITCH iff max logit > 0 else HOLD
RPC,外部确认,COST1,600,207,34.5,0.4487974935686046,18,3,15,independent200-reference gallery;naturalC128,frozen full-H593 heads; zero RPC training/calibration,127 challengers; SWITCH iff max logit > 0 else HOLD
RPC,外部确认,COST1_CBIND,600,174,28.999999999999996,0.41369192542061356,5,23,-18,independent200-reference gallery;naturalC128,frozen full-H593 heads; zero RPC training/calibration,127 challengers; SWITCH iff max logit > 0 else HOLD
RPC,外部确认,COST4,600,194,32.33333333333333,0.4338634657908268,2,0,2,independent200-reference gallery;naturalC128,frozen full-H593 heads; zero RPC training/calibration,127 challengers; SWITCH iff max logit > 0 else HOLD
RPC,外部确认,COST4_CBIND,600,192,32.0,0.4311967991241602,2,2,0,independent200-reference gallery;naturalC128,frozen full-H593 heads; zero RPC training/calibration,127 challengers; SWITCH iff max logit > 0 else HOLD
RPC,外部确认,GROUP_COST4,600,196,32.666666666666664,0.4360856880130491,4,0,4,independent200-reference gallery;naturalC128,frozen full-H593 heads; zero RPC training/calibration,127 challengers; SWITCH iff max logit > 0 else HOLD
RPC,外部确认,GROUP_COST4_CBIND,600,190,31.666666666666664,0.4295301324574935,2,4,-2,independent200-reference gallery;naturalC128,frozen full-H593 heads; zero RPC training/calibration,127 challengers; SWITCH iff max logit > 0 else HOLD
RPC,外部确认,RAW,600,192,32.0,0.4314745769019379,0,0,0,independent200-reference gallery;naturalC128,frozen full-H593 heads; zero RPC training/calibration,127 challengers; SWITCH iff max logit > 0 else HOLD
RPC,外部确认,RAW2_CE,600,192,32.0,0.4314745769019379,0,0,0,independent200-reference gallery;naturalC128,frozen full-H593 heads; zero RPC training/calibration,127 challengers; SWITCH iff max logit > 0 else HOLD
RPC,外部确认,RAW2_CE_CBIND,600,192,32.0,0.4314745769019379,0,0,0,independent200-reference gallery;naturalC128,frozen full-H593 heads; zero RPC training/calibration,127 challengers; SWITCH iff max logit > 0 else HOLD
ISIC,已打开队列探索,CE,537,513,95.53072625698324,0.9591858856242965,47,0,47,independent390-reference gallery;naturalC128,frozen full-H593 product heads; zero ISIC training/calibration,127 challengers; SWITCH iff max logit > 0 else HOLD
ISIC,已打开队列探索,CE_CBIND,537,335,62.38361266294227,0.7725175084988785,3,134,-131,independent390-reference gallery;naturalC128,frozen full-H593 product heads; zero ISIC training/calibration,127 challengers; SWITCH iff max logit > 0 else HOLD
ISIC,已打开队列探索,COST1,537,500,93.1098696461825,0.9409213913699191,34,0,34,independent390-reference gallery;naturalC128,frozen full-H593 product heads; zero ISIC training/calibration,127 challengers; SWITCH iff max logit > 0 else HOLD
ISIC,已打开队列探索,COST1_CBIND,537,414,77.09497206703911,0.8476714556685195,0,52,-52,independent390-reference gallery;naturalC128,frozen full-H593 product heads; zero ISIC training/calibration,127 challengers; SWITCH iff max logit > 0 else HOLD
ISIC,已打开队列探索,COST4,537,469,87.33705772811918,0.9015129095798058,3,0,3,independent390-reference gallery;naturalC128,frozen full-H593 product heads; zero ISIC training/calibration,127 challengers; SWITCH iff max logit > 0 else HOLD
ISIC,已打开队列探索,COST4_CBIND,537,465,86.59217877094973,0.897043635836789,0,1,-1,independent390-reference gallery;naturalC128,frozen full-H593 product heads; zero ISIC training/calibration,127 challengers; SWITCH iff max logit > 0 else HOLD
ISIC,已打开队列探索,GROUP_COST4,537,470,87.52327746741155,0.9031090787737404,4,0,4,independent390-reference gallery;naturalC128,frozen full-H593 product heads; zero ISIC training/calibration,127 challengers; SWITCH iff max logit > 0 else HOLD
ISIC,已打开队列探索,GROUP_COST4_CBIND,537,462,86.03351955307262,0.8939399735152496,0,4,-4,independent390-reference gallery;naturalC128,frozen full-H593 product heads; zero ISIC training/calibration,127 challengers; SWITCH iff max logit > 0 else HOLD
ISIC,已打开队列探索,RAW,537,466,86.77839851024208,0.8979747345332509,0,0,0,independent390-reference gallery;naturalC128,frozen full-H593 product heads; zero ISIC training/calibration,127 challengers; SWITCH iff max logit > 0 else HOLD
ISIC,已打开队列探索,RAW2_CE,537,466,86.77839851024208,0.8979747345332509,0,0,0,independent390-reference gallery;naturalC128,frozen full-H593 product heads; zero ISIC training/calibration,127 challengers; SWITCH iff max logit > 0 else HOLD
ISIC,已打开队列探索,RAW2_CE_CBIND,537,466,86.77839851024208,0.8979747345332509,0,0,0,independent390-reference gallery;naturalC128,frozen full-H593 product heads; zero ISIC training/calibration,127 challengers; SWITCH iff max logit > 0 else HOLD
