query_id,COST4_max_logit,COST1_max_logit,same_top_challenger
ISIC-Q-0013,-1.2632024779943842,0.15224520772334293,True
ISIC-Q-0019,-0.7858444915955438,0.6463358260550884,True
ISIC-Q-0020,-0.9144829273145192,0.5251049701454344,True
ISIC-Q-0030,-1.1129936393734714,0.33499425068928623,True
ISIC-Q-0045,-0.7660466794589347,0.6765941698172824,True
ISIC-Q-0052,-0.8285047426140222,0.6223911495955403,True
ISIC-Q-0062,-1.4085211658049581,0.028507258874409747,True
ISIC-Q-0097,-0.6854838578431293,0.7573887623710307,True
ISIC-Q-0146,-1.0182124548548184,0.43148763445704774,True
ISIC-Q-0168,-0.30948604182362427,1.1173654490117797,True
ISIC-Q-0176,-0.2228601232342977,1.2232126585525585,True
ISIC-Q-0177,-1.0941987318126412,0.35879331879851173,True
ISIC-Q-0235,-0.8860812472335422,0.555184146079253,True
ISIC-Q-0244,-1.4071290935446146,0.03317944535103612,True
ISIC-Q-0254,-1.1930520917165262,0.2440026582855106,True
ISIC-Q-0286,-0.9268289014244446,0.4886881134781007,True
ISIC-Q-0329,-0.6798111305989274,0.7591644272602829,True
ISIC-Q-0354,-0.4862596647902686,0.934182459970128,True
ISIC-Q-0378,-0.3162408355423758,1.1236386047333178,True
ISIC-Q-0388,-0.6049984087642497,0.8433067953040991,True
ISIC-Q-0405,-0.8096927087488788,0.6148604239392994,True
ISIC-Q-0415,-0.5654279307512695,0.8809951595839491,True
ISIC-Q-0443,-0.12446960824113162,1.3165961047257126,True
ISIC-Q-0444,-0.508520182045737,0.9144168024904644,True
ISIC-Q-0463,-1.35586692984978,0.059357419202930695,True
ISIC-Q-0473,-0.799769107173218,0.6170376678002025,True
ISIC-Q-0489,-1.1041850892339033,0.3363978606417142,True
ISIC-Q-0499,-0.9449760948219685,0.47859905922471335,True
ISIC-Q-0500,-1.3976974109389448,0.019886298449691253,True
ISIC-Q-0508,-1.2444120139997823,0.18090130564986873,True
ISIC-Q-0519,-1.4240311513542891,0.013502683442214947,True
