panel,baseline,model,rescue,loss,net,query_gain_pp,grouped_estimand,group_mean_pp,CI95_low_pp,CI95_high_pp,reliable_positive,CI_source,evidence_level
RPC600,CE_CBIND,CE,77,18,59,9.833333333333332,equal_sku_difference,9.833333333333332,6.666666666666667,13.166666666666663,True,reused sealed bootstrap; grouped point estimate recounted,Reference-insufficiency diagnostic only; excluded from formal external evidence on 2026-09-18
RPC600,COST1_CBIND,COST1,39,6,33,5.5,equal_sku_difference,5.5,3.3333333333333335,7.666666666666666,True,reused sealed bootstrap; grouped point estimate recounted,Reference-insufficiency diagnostic only; excluded from formal external evidence on 2026-09-18
RPC600,COST1,CE,24,14,10,1.6666666666666667,equal_sku_difference,1.6666666666666667,-0.16666666666666674,3.666666666666666,False,reused sealed bootstrap; grouped point estimate recounted,Reference-insufficiency diagnostic only; excluded from formal external evidence on 2026-09-18
RPC600,COST4,COST1,16,3,13,2.166666666666667,equal_sku_difference,2.1666666666666665,0.9999999999999999,3.4999999999999996,True,reused sealed bootstrap; grouped point estimate recounted,Reference-insufficiency diagnostic only; excluded from formal external evidence on 2026-09-18
RPC600,GROUP_COST4,CE,38,17,21,3.5000000000000004,equal_sku_difference,3.5000000000000004,1.166666666666667,5.833333333333332,True,reused sealed bootstrap; grouped point estimate recounted,Reference-insufficiency diagnostic only; excluded from formal external evidence on 2026-09-18
RPC600,GROUP_COST4,COST1,14,3,11,1.8333333333333333,equal_sku_difference,1.8333333333333333,0.6666666666666666,3.0000000000000004,True,reused sealed bootstrap; grouped point estimate recounted,Reference-insufficiency diagnostic only; excluded from formal external evidence on 2026-09-18
RPC600,RAW2_CE,COST1,18,3,15,2.5,equal_sku_difference,2.5,1.1666666666666665,3.833333333333333,True,reused sealed bootstrap; grouped point estimate recounted,Reference-insufficiency diagnostic only; excluded from formal external evidence on 2026-09-18
RPC600,RAW,CE,42,17,25,4.166666666666666,equal_sku_difference,4.166666666666666,1.666666666666667,6.666666666666665,True,reused sealed bootstrap; grouped point estimate recounted,Reference-insufficiency diagnostic only; excluded from formal external evidence on 2026-09-18
RPC600,RAW,COST1,18,3,15,2.5,equal_sku_difference,2.5,1.1666666666666665,3.833333333333333,True,reused sealed bootstrap; grouped point estimate recounted,Reference-insufficiency diagnostic only; excluded from formal external evidence on 2026-09-18
