panel,scope,queries,groups,endpoint,coordinate,effect,group_mean,exploratory_group_bootstrap95_lower,exploratory_group_bootstrap95_upper
a,phase9/log_M/native_amplitude,9,9,POST_content_gap,log_M,symmetric_mu,-0.0006672629367141089,-0.0013392620714653045,-5.137352443313851e-05
a,phase9/log_M/native_amplitude,9,9,POST_content_gap,log_M,symmetric_delta,0.00023796024663477782,-0.0004501716625242269,0.0008535463989479334
a,phase9/log_M/native_amplitude,9,9,POST_content_gap,log_M,total,-0.0004293026900793311,-0.0008630330514447881,-5.346851912941843e-05
b,jp128/log_M/P_with_J,120,45,POST_content_gap,log_M,symmetric_mu,0.035412133622161036,0.026380444088715434,0.045263261856321284
b,jp128/log_M/P_with_J,120,45,POST_content_gap,log_M,symmetric_delta,0.013152756864975792,0.00873278025718686,0.017633041673982518
b,jp128/log_M/P_with_J,120,45,POST_content_gap,log_M,total,0.04856489048713684,0.03728811279965417,0.06047546825362535
c,jp128/log_M/J_without_P,120,45,POST_content_gap,log_M,symmetric_mu,-0.024774722248112977,-0.032187754073713486,-0.017651541785425228
c,jp128/log_M/J_without_P,120,45,POST_content_gap,log_M,symmetric_delta,0.02645358035349609,0.01962294376556157,0.03393262380122494
c,jp128/log_M/J_without_P,120,45,POST_content_gap,log_M,total,0.0016788581053831181,-0.003386845237177743,0.00729873574883649
