number,dataset,model,display_id,query_id,identity,raw_selected,final_selected,selected_logit,raw_correct,final_correct,png,source_fold,wrong_S,wrong_M,target_S,target_M
1,medicine,COST1,DIFFICULT-0013,H593-2f5a93c328b7e7c9e25412f0,3T3-bn-lansoprazole,853,996,1.4789366406139905,False,True,medicine/01_medicine_DIFFICULT-0013.png,4,0.0005468570924590838,0.014277787101520622,0.030399925748327998,0.07213816181708282
2,medicine,COST1,DIFFICULT-0015,H593-381b6429e5e3137c9e41b0d5,3T3-bn-lansoprazole,3681,996,1.3296831520796457,False,True,medicine/02_medicine_DIFFICULT-0015.png,4,0.0004949671017310159,0.01789839479001806,0.030201092127129233,0.09672769478241292
3,medicine,COST1,DIFFICULT-0023,H593-37c29058d6ea3f6600852bd1,406heb,2224,1013,0.38337466009795595,False,True,medicine/03_medicine_DIFFICULT-0023.png,3,0.00584643865476526,0.046283975872898044,0.07086975901876114,0.14846623529594344
4,medicine,COST1,DIFFICULT-0027,H593-6fd71aa96c47c72dff2bd2f2,406heb,3688,1013,1.175283696262224,False,True,medicine/04_medicine_DIFFICULT-0027.png,3,0.0012390695072427244,0.019121238599304986,0.04710901910268027,0.1252544214322787
5,medicine,COST1,DIFFICULT-0043,H593-c317503b769e0f3acf782e33,734-uw-mint-mini-nicotine-lozenge,3476,1130,1.1694269776622939,False,True,medicine/05_medicine_DIFFICULT-0043.png,1,0.00013995704328577496,0.012485819417469513,0.012278310741443142,0.04695500104096659
6,medicine,COST1,DIFFICULT-0044,H593-0745854000292039c9c10f33,734-uw-mint-mini-nicotine-lozenge,4367,1130,0.4575468409013739,False,True,medicine/06_medicine_DIFFICULT-0044.png,1,0.000252898161014087,0.01145959401955925,0.0034696978802409334,0.03171990017193316
7,medicine,COST1,DIFFICULT-0061,H593-e69eb7b78aae86a02db13aa6,bef4f237-ccb8-4d28-bfc2-41c511a17d7f-01,4346,3368,0.26102209107270213,False,True,medicine/07_medicine_DIFFICULT-0061.png,1,0.0011612628515485911,0.018205904211175027,0.011712049317689604,0.05964101941108489
8,medicine,COST1,DIFFICULT-0062,H593-5b9e6dcf1a92193abe8b39b2,bef4f237-ccb8-4d28-bfc2-41c511a17d7f-01,4608,3368,0.18156555175504918,False,True,medicine/08_medicine_DIFFICULT-0062.png,1,0.008360500622855148,0.04892746695247222,0.07803043701355306,0.16402814169689395
9,medicine,COST1,DIFFICULT-0083,H593-90acde9b0567a472f4232120,cefdinir-fig2,5164,5043,1.18908266579066,False,True,medicine/09_medicine_DIFFICULT-0083.png,0,0.001766276267444629,0.034289546086745136,0.06165799231867958,0.14329098420403902
10,medicine,COST1,DIFFICULT-0086,H593-6d972ef4236570a35bc4adf0,cefdinir-fig2,5315,5043,0.5547433817514498,False,True,medicine/10_medicine_DIFFICULT-0086.png,0,0.0031270799002574043,0.046091035713539126,0.08456848600074167,0.1739322015573028
11,medicine,COST1,DIFFICULT-0087,H593-59fdea3ddfa2a7c762aa0a19,cefdinir-fig2,5164,5043,0.68810929068932,False,True,medicine/11_medicine_DIFFICULT-0087.png,0,0.0019042822051209079,0.03441589230185403,0.0743623388738467,0.16802881471720085
12,medicine,COST1,DIFFICULT-0102,H593-b5088f4d9100c24150c49220,int08-0008-17,396,395,0.7909640756053209,False,True,medicine/12_medicine_DIFFICULT-0102.png,0,0.006939898576397811,0.04257072153101919,0.08847501835502655,0.16597960383612473
13,medicine,COST1,NDV2-011-P04,H593-f063b9949afaac7650b24e97,Bacitracin  14.2g 0.5oz carton label rev 09 2021,1644,1645,1.2511775211947358,False,True,medicine/13_medicine_NDV2-011-P04.png,4,0.0028388340156785597,0.05151189630516963,0.10693021529091902,0.1981652135178679
14,medicine,COST1,OUTCOME-0015,H593-3a88599950984808ec05d372,0003,926,518,1.1823492282995156,False,True,medicine/14_medicine_OUTCOME-0015.png,1,0.003420199101036303,0.03361475321346681,0.12173727938275421,0.2298368494529824
15,medicine,COST1,OUTCOME-0087,H593-5cde50d3890df26e13611884,11-5BlisterCarton,51,9,0.34474806481229225,False,True,medicine/15_medicine_OUTCOME-0087.png,4,0.009649650701561423,0.048377722051239934,0.0656042294061877,0.13847681525875424
16,medicine,COST1,OUTCOME-0108,H593-d4fd56aea7e4dc41f9436c8f,1g7-17-allergy-nasal-spray,2208,930,0.24255209632199626,False,True,medicine/16_medicine_OUTCOME-0108.png,3,0.002586569715613999,0.01881001636112267,0.039262746784235115,0.10745895515986098
17,medicine,COST1,OUTCOME-0131,H593-e8c8ae988bf96315bca9637e,200000002710_Final,4424,935,0.5142781189027392,False,True,medicine/17_medicine_OUTCOME-0131.png,4,7.89144812312209e-05,0.005917191501505361,0.01226106646481569,0.042018332629443
18,medicine,COST1,OUTCOME-0143,H593-4c89e7fdea0f3bfc34d4091a,200000003252_R-00_28ct,4366,937,0.9636266362861057,False,True,medicine/18_medicine_OUTCOME-0143.png,1,0.0007779279770872459,0.015128303069728115,0.02773972218460127,0.05130235892422887
19,medicine,COST1,OUTCOME-0159,H593-0c93295a4efc661bc7464f47,2021 Lice Freee!_6ozPOP R2a,1873,567,1.3457833369640164,False,True,medicine/19_medicine_OUTCOME-0159.png,3,0.00033544952860236276,0.012238124910842363,0.03387753762613406,0.0750279011477708
20,medicine,COST1,OUTCOME-0202,H593-7d06b1868b0027825f88ef1c,300000538_R-00_Final,4485,977,0.33705838755723305,False,True,medicine/20_medicine_OUTCOME-0202.png,3,0.0005404781009626221,0.014227025408075229,0.009876328046883185,0.04852434341803522
21,medicine,COST1,OUTCOME-0212,H593-cd810ce4f68ec2e45cc2c736,430984_86324016_ASP_Severe_Cld_Flu_Eff_20ct_Crtn_FDA1,2715,1024,0.967226949113206,False,True,medicine/21_medicine_OUTCOME-0212.png,2,1.1854697704220362e-05,0.0028508940946093686,0.02363534102987683,0.06354623605371466
22,medicine,COST1,OUTCOME-0242,H593-5ec7687ad1569b8195a9fcd1,469584,4083,1032,1.0054722245979564,False,True,medicine/22_medicine_OUTCOME-0242.png,2,0.0013268879517311183,0.011504560108470315,0.03287814183159763,0.08390124810402182
23,medicine,COST1,OUTCOME-0307,H593-1608d9630ec3a84e25e593bc,6941714017-1,693,1114,1.2173082781028497,False,True,medicine/23_medicine_OUTCOME-0307.png,0,0.0004673841515588054,0.012067014624690878,0.02798967144231063,0.06705325839034511
24,medicine,COST1,OUTCOME-0376,H593-8b7ecf77a17bdcf3073f645c,812-6e-mucus-dm,3660,1140,1.2826904885666301,False,True,medicine/24_medicine_OUTCOME-0376.png,3,0.00023219029041354124,0.009292084545817042,0.041512345596925494,0.11940759138795635
25,medicine,COST1,OUTCOME-0436,H593-5013811bdfa12b1550e11683,ASP Cough Mucus Congestion PMG 24ct,868,1322,0.6588421857144224,False,True,medicine/25_medicine_OUTCOME-0436.png,1,0.00046953448944654565,0.016798714484858573,0.02075787262289319,0.048121143165784974
26,medicine,COST1,OUTCOME-0462,H593-4324194c82636eb2bd4e0523,AlkaSeltzer_36,4759,1402,0.308554397381533,False,True,medicine/26_medicine_OUTCOME-0462.png,1,0.0007223564441424506,0.01696086981708806,0.04334638381082778,0.10513586597559015
27,medicine,COST1,OUTCOME-0518,H593-f99f32ee31f49704d2c9891e,Baby spec cream 60 ml_Jun21-Output,1850,1641,2.1729077973067263,False,True,medicine/27_medicine_OUTCOME-0518.png,2,0.00028779500367566554,0.00847948926847841,0.05540623282848266,0.12646542893832455
28,medicine,COST1,OUTCOME-0537,H593-30656f17b4be13cde8124a15,SH230414C (250 ml Carton),138,147,0.8812995843767035,False,True,medicine/28_medicine_OUTCOME-0537.png,4,0.0051248485159089245,0.035726830184977534,0.09221253001434389,0.16171276015223132
29,medicine,COST1,OUTCOME-0636,H593-64732ad8af7e22ab8530b83d,athletes-01,1775,3238,2.1209009540196453,False,True,medicine/29_medicine_OUTCOME-0636.png,4,0.0001772984792605636,0.00533348383975229,0.01704400958333972,0.06601737489725855
30,medicine,COST1,OUTCOME-0657,H593-4b6d56a0f3762d25fcace38a,bb morning carton,4742,3312,0.7353515845533656,False,True,medicine/30_medicine_OUTCOME-0657.png,4,0.00030219732230109183,0.010999261092840763,0.04943753042138534,0.12596043084540234
31,grozi,COST1,GZ120-Q-0001,GZ120-Q-0001,GROZI120:39,2468,5451,0.13080960610184733,False,True,grozi/31_grozi_GZ120-Q-0001.png,,0.010559618804170707,0.06513331321385252,0.06794864061857005,0.22615779440851602
32,grozi,COST1,GZ120-Q-0008,GZ120-Q-0008,GROZI120:27,5481,5439,1.2392843102946647,False,True,grozi/32_grozi_GZ120-Q-0008.png,,6.197670688468135e-05,0.007729714083380846,0.04646864360119898,0.21805998076495223
33,grozi,COST1,GZ120-Q-0013,GZ120-Q-0013,GROZI120:113,105,5525,0.5578735798590353,False,True,grozi/33_grozi_GZ120-Q-0013.png,,0.0008374842110512505,0.052956150840733386,0.0547386765293023,0.2631441038015241
34,grozi,COST1,GZ120-Q-0015,GZ120-Q-0015,GROZI120:24,1681,5436,0.03089230346861549,False,True,grozi/34_grozi_GZ120-Q-0015.png,,0.006604292904462044,0.0782712359771265,0.04028865042138257,0.1672193854305184
35,grozi,COST1,GZ120-Q-0036,GZ120-Q-0036,GROZI120:19,2896,5431,0.15646112495105058,False,True,grozi/35_grozi_GZ120-Q-0036.png,,0.014406199703846628,0.058589125084339506,0.09696535303874732,0.4045281442870741
36,grozi,COST1,GZ120-Q-0055,GZ120-Q-0055,GROZI120:38,5481,5450,1.633713692651939,False,True,grozi/36_grozi_GZ120-Q-0055.png,,0.00022565620521850289,0.007348889106219064,0.011805548122286172,0.09871623123441088
37,grozi,COST1,GZ120-Q-0058,GZ120-Q-0058,GROZI120:19,2896,5431,0.852964015237756,False,True,grozi/37_grozi_GZ120-Q-0058.png,,0.005521416106739711,0.041299222732137666,0.10378088874548456,0.42332558829256206
38,grozi,COST1,GZ120-Q-0062,GZ120-Q-0062,GROZI120:71,5476,5483,0.8849107434180978,False,True,grozi/38_grozi_GZ120-Q-0062.png,,0.00029376639046270643,0.01779636500778424,0.023534264124027864,0.16236547147572852
39,grozi,COST1,GZ120-Q-0066,GZ120-Q-0066,GROZI120:8,2691,5420,1.429799124532651,False,True,grozi/39_grozi_GZ120-Q-0066.png,,0.001935840001228217,0.031663075901662126,0.09206401377487795,0.2600417419640949
40,grozi,COST1,GZ120-Q-0067,GZ120-Q-0067,GROZI120:15,5452,5427,0.2475504961153776,False,True,grozi/40_grozi_GZ120-Q-0067.png,,0.0005638959126997073,0.03195263062527455,0.019184092209600802,0.13014308901492172
41,grozi,COST1,GZ120-Q-0078,GZ120-Q-0078,GROZI120:45,5417,5457,0.38063062996922836,False,True,grozi/41_grozi_GZ120-Q-0078.png,,4.872265222387224e-05,0.00966160235522924,0.0022863653656055236,0.06401562999884854
42,grozi,COST1,GZ120-Q-0105,GZ120-Q-0105,GROZI120:99,1326,5511,0.2541478145426941,False,True,grozi/42_grozi_GZ120-Q-0105.png,,0.0008385096655414645,0.030559133922268247,0.009600958163200023,0.07329153295843453
43,grozi,COST1,GZ120-Q-0142,GZ120-Q-0142,GROZI120:64,5481,5476,1.5569324778744633,False,True,grozi/43_grozi_GZ120-Q-0142.png,,0.00038983620203066565,0.021598526385450734,0.061609884428094126,0.35164872003257636
44,grozi,COST1,GZ120-Q-0147,GZ120-Q-0147,GROZI120:98,5476,5510,0.8581094218817822,False,True,grozi/44_grozi_GZ120-Q-0147.png,,0.00023211973602148622,0.02120131960941277,0.08768035016898641,0.37617462904376475
45,grozi,COST1,GZ120-Q-0169,GZ120-Q-0169,GROZI120:67,5528,5479,0.5574837872619567,False,True,grozi/45_grozi_GZ120-Q-0169.png,,0.008588034524297641,0.06606423037530536,0.09752557349788363,0.37253237732984423
46,grozi,COST1,GZ120-Q-0188,GZ120-Q-0188,GROZI120:33,3875,5445,0.998275941800546,False,True,grozi/46_grozi_GZ120-Q-0188.png,,0.0002856827698775066,0.030196655522161383,0.0919276853299924,0.3287390090438429
47,grozi,COST1,GZ120-Q-0191,GZ120-Q-0191,GROZI120:29,3611,5441,0.47907097488904027,False,True,grozi/47_grozi_GZ120-Q-0191.png,,0.009779744401816096,0.05447770524631978,0.06948902175863382,0.2657985333110619
48,grozi,COST1,GZ120-Q-0193,GZ120-Q-0193,GROZI120:113,100,5525,0.6032215860403258,False,True,grozi/48_grozi_GZ120-Q-0193.png,,0.0015154187719094642,0.04997397441117276,0.056712904280464466,0.27341975942310476
49,grozi,COST1,GZ120-Q-0219,GZ120-Q-0219,GROZI120:44,5487,5456,0.44096958887767146,False,True,grozi/49_grozi_GZ120-Q-0219.png,,0.00018841376422000915,0.020641939493916846,0.003961664944849156,0.046828075608673955
50,grozi,COST1,GZ120-Q-0232,GZ120-Q-0232,GROZI120:107,5482,5519,0.6556489445569731,False,True,grozi/50_grozi_GZ120-Q-0232.png,,0.0022991425193452644,0.06353045040248473,0.07498427695578372,0.3345558831249141
51,grozi,COST1,GZ120-Q-0234,GZ120-Q-0234,GROZI120:67,5528,5479,0.23197781673078555,False,True,grozi/51_grozi_GZ120-Q-0234.png,,0.017118554914586595,0.08921329424344471,0.10814185902727685,0.39575240044088383
52,grozi,COST1,GZ120-Q-0242,GZ120-Q-0242,GROZI120:48,5525,5460,2.184470827863924,False,True,grozi/52_grozi_GZ120-Q-0242.png,,0.00039136611904241685,0.01808694475320206,0.145696307558326,0.31250612217821977
53,grozi,COST1,GZ120-Q-0245,GZ120-Q-0245,GROZI120:109,1049,5521,0.7354295797015113,False,True,grozi/53_grozi_GZ120-Q-0245.png,,0.0004456617601141987,0.02604009360575862,0.014671104127970966,0.12641996928921514
54,grozi,COST1,GZ120-Q-0294,GZ120-Q-0294,GROZI120:107,5415,5519,0.7334342299664465,False,True,grozi/54_grozi_GZ120-Q-0294.png,,0.0027835535442373577,0.062013271694418365,0.03771104234766538,0.24541906156520749
55,grozi,COST1,GZ120-Q-0372,GZ120-Q-0372,GROZI120:53,1200,5465,1.0858117928150808,False,True,grozi/55_grozi_GZ120-Q-0372.png,,0.0005864355440474419,0.02289206069363364,0.03833567274096892,0.19819162337714827
56,grozi,COST1,GZ120-Q-0403,GZ120-Q-0403,GROZI120:99,1315,5511,0.2699147479067241,False,True,grozi/56_grozi_GZ120-Q-0403.png,,0.002384822272017508,0.03969457153927164,0.020547868085055997,0.11666105081576611
57,grozi,COST1,GZ120-Q-0408,GZ120-Q-0408,GROZI120:64,2996,5476,1.0585617218026737,False,True,grozi/57_grozi_GZ120-Q-0408.png,,0.0016677790462701356,0.043078092108633496,0.0403991554423067,0.278513209550582
58,grozi,COST1,GZ120-Q-0411,GZ120-Q-0411,GROZI120:39,2468,5451,0.4062052825866165,False,True,grozi/58_grozi_GZ120-Q-0411.png,,0.009074093198022555,0.053295886412926236,0.06578750543380332,0.2131682335567414
59,grozi,COST1,GZ120-Q-0456,GZ120-Q-0456,GROZI120:21,5476,5433,1.6405895450972738,False,True,grozi/59_grozi_GZ120-Q-0456.png,,0.00041947520082175917,0.01435109257177755,0.04584325084073874,0.2714929356085517
60,grozi,COST1,GZ120-Q-0462,GZ120-Q-0462,GROZI120:114,4527,5526,0.6735623601639267,False,True,grozi/60_grozi_GZ120-Q-0462.png,,0.00021912975378043324,0.012981902754554624,0.03156482326103662,0.17589166405987305
61,isic,COST1,ISIC-Q-0019,ISIC-Q-0019,ISIC-LESION-0248,327,248,0.6463358260550884,False,True,isic/61_isic_ISIC-Q-0019.png,,0.004167041570974869,0.05776944664201462,0.28180845228755624,0.4476405320304491
62,isic,COST1,ISIC-Q-0020,ISIC-Q-0020,ISIC-LESION-0163,340,163,0.5251049701454344,False,True,isic/62_isic_ISIC-Q-0020.png,,0.03085561274843215,0.12056281357113548,0.48414076724441313,0.6895416038130764
63,isic,COST1,ISIC-Q-0030,ISIC-Q-0030,ISIC-LESION-0242,125,242,0.33499425068928623,False,True,isic/63_isic_ISIC-Q-0030.png,,0.05117347167883863,0.14696778903455654,0.5481459575190203,0.7611615889750228
64,isic,COST1,ISIC-Q-0045,ISIC-Q-0045,ISIC-LESION-0368,23,368,0.6765941698172824,False,True,isic/64_isic_ISIC-Q-0045.png,,0.000858619407220853,0.0220607313453359,0.3911327067824959,0.7423341063658334
65,isic,COST1,ISIC-Q-0052,ISIC-Q-0052,ISIC-LESION-0192,66,192,0.6223911495955403,False,True,isic/65_isic_ISIC-Q-0052.png,,0.03259778400187033,0.10390064304298045,0.5341776359642002,0.7769064607628344
66,isic,COST1,ISIC-Q-0062,ISIC-Q-0062,ISIC-LESION-0263,11,263,0.028507258874409747,False,True,isic/66_isic_ISIC-Q-0062.png,,0.08366855644596433,0.20740147401008618,0.6574921607485953,0.8662069113186853
67,isic,COST1,ISIC-Q-0097,ISIC-Q-0097,ISIC-LESION-0294,384,294,0.7573887623710307,False,True,isic/67_isic_ISIC-Q-0097.png,,0.025079268129852887,0.13702877033746658,0.6592495358272307,0.9033923648900466
68,isic,COST1,ISIC-Q-0124,ISIC-Q-0124,ISIC-LESION-0072,229,72,1.5644309444321012,False,True,isic/68_isic_ISIC-Q-0124.png,,0.017051575338322522,0.08534302265507321,0.7042042654789292,0.9217147284718991
69,isic,COST1,ISIC-Q-0146,ISIC-Q-0146,ISIC-LESION-0242,325,242,0.43148763445704774,False,True,isic/69_isic_ISIC-Q-0146.png,,0.013776469518076226,0.07052181511714245,0.5053529606833792,0.7787235350098021
70,isic,COST1,ISIC-Q-0161,ISIC-Q-0161,ISIC-LESION-0235,182,235,1.9971017689543626,False,True,isic/70_isic_ISIC-Q-0161.png,,0.0012217593077337146,0.01297934579020539,0.12984354609234472,0.22720716541891525
71,isic,COST1,ISIC-Q-0168,ISIC-Q-0168,ISIC-LESION-0266,88,266,1.1173654490117797,False,True,isic/71_isic_ISIC-Q-0168.png,,0.01915532092164398,0.0861071042316824,0.687984096575832,0.8444723261171097
72,isic,COST1,ISIC-Q-0176,ISIC-Q-0176,ISIC-LESION-0349,356,349,1.2232126585525585,False,True,isic/72_isic_ISIC-Q-0176.png,,0.02616491170722992,0.10129758605219992,0.7277808355377631,0.9125544392936361
73,isic,COST1,ISIC-Q-0177,ISIC-Q-0177,ISIC-LESION-0159,232,159,0.35879331879851173,False,True,isic/73_isic_ISIC-Q-0177.png,,0.02600411184915924,0.08772820131847824,0.4978297962226739,0.7440131237769131
74,isic,COST1,ISIC-Q-0235,ISIC-Q-0235,ISIC-LESION-0163,340,163,0.555184146079253,False,True,isic/74_isic_ISIC-Q-0235.png,,0.026691547616444378,0.12942046703142043,0.44631172747837194,0.6612741916773154
75,isic,COST1,ISIC-Q-0244,ISIC-Q-0244,ISIC-LESION-0128,52,128,0.03317944535103612,False,True,isic/75_isic_ISIC-Q-0244.png,,0.06995443257925346,0.18678415810237886,0.7117218142338488,0.9141035692619863
76,isic,COST1,ISIC-Q-0254,ISIC-Q-0254,ISIC-LESION-0335,227,335,0.2440026582855106,False,True,isic/76_isic_ISIC-Q-0254.png,,0.05797749120492007,0.17349405809007495,0.4337545370306923,0.5557986050066152
77,isic,COST1,ISIC-Q-0286,ISIC-Q-0286,ISIC-LESION-0149,101,149,0.4886881134781007,False,True,isic/77_isic_ISIC-Q-0286.png,,0.04961841370894567,0.20215644665237756,0.5647279053623376,0.7945501878651045
78,isic,COST1,ISIC-Q-0329,ISIC-Q-0329,ISIC-LESION-0072,229,72,0.7591644272602829,False,True,isic/78_isic_ISIC-Q-0329.png,,0.032363343011557855,0.1469300871126793,0.6956547817064028,0.9387873521619237
79,isic,COST1,ISIC-Q-0354,ISIC-Q-0354,ISIC-LESION-0056,26,56,0.934182459970128,False,True,isic/79_isic_ISIC-Q-0354.png,,0.03717155986217637,0.16576908482353103,0.658670858441083,0.8906591609576564
80,isic,COST1,ISIC-Q-0378,ISIC-Q-0378,ISIC-LESION-0109,121,109,1.1236386047333178,False,True,isic/80_isic_ISIC-Q-0378.png,,0.024965546950946202,0.11627498649881467,0.4742401070238347,0.652967131881811
81,isic,COST1,ISIC-Q-0388,ISIC-Q-0388,ISIC-LESION-0311,86,311,0.8433067953040991,False,True,isic/81_isic_ISIC-Q-0388.png,,0.03182464730229462,0.12485058639593755,0.4962416689459943,0.716066493843104
82,isic,COST1,ISIC-Q-0405,ISIC-Q-0405,ISIC-LESION-0271,126,271,0.6148604239392994,False,True,isic/82_isic_ISIC-Q-0405.png,,0.019642614666153014,0.06691828902772787,0.19458668426442846,0.2975874024215354
83,isic,COST1,ISIC-Q-0415,ISIC-Q-0415,ISIC-LESION-0246,37,246,0.8809951595839491,False,True,isic/83_isic_ISIC-Q-0415.png,,0.029154511012003344,0.13257549014940764,0.4849528596174725,0.7026842252233815
84,isic,COST1,ISIC-Q-0438,ISIC-Q-0438,ISIC-LESION-0377,26,377,1.4755223886058757,False,True,isic/84_isic_ISIC-Q-0438.png,,0.0058520959022568975,0.04346387323874264,0.4600584513028038,0.692288969859006
85,isic,COST1,ISIC-Q-0443,ISIC-Q-0443,ISIC-LESION-0072,157,72,1.3165961047257126,False,True,isic/85_isic_ISIC-Q-0443.png,,0.009978174940475757,0.06212021184566892,0.6562503001721468,0.8883727568174845
86,isic,COST1,ISIC-Q-0489,ISIC-Q-0489,ISIC-LESION-0249,128,249,0.3363978606417142,False,True,isic/86_isic_ISIC-Q-0489.png,,0.07141336867218111,0.2098231651213889,0.750356595723221,0.9308678827719901
87,isic,COST1,ISIC-Q-0499,ISIC-Q-0499,ISIC-LESION-0174,154,174,0.47859905922471335,False,True,isic/87_isic_ISIC-Q-0499.png,,0.039460161517973616,0.12637656526008026,0.36266636238418615,0.5486263843167812
88,isic,COST1,ISIC-Q-0500,ISIC-Q-0500,ISIC-LESION-0367,291,367,0.019886298449691253,False,True,isic/88_isic_ISIC-Q-0500.png,,0.1262544640093461,0.2647100729926405,0.6505601452466688,0.8183336183341072
89,isic,COST1,ISIC-Q-0508,ISIC-Q-0508,ISIC-LESION-0176,22,176,0.18090130564986873,False,True,isic/89_isic_ISIC-Q-0508.png,,0.09180779314486613,0.24187082554524192,0.7327855777945468,0.98115317079
90,isic,COST1,ISIC-Q-0519,ISIC-Q-0519,ISIC-LESION-0361,367,361,0.013502683442214947,False,True,isic/90_isic_ISIC-Q-0519.png,,0.10516563414235247,0.2525215937581774,0.6648472157514287,0.8206159749401655
