model,seed,operating_point,queries,correct,accuracy,rescues_vs_RAW,breaks_vs_RAW,net_vs_RAW
B_CAL,0,zero,128,103,0.8046875,11,1,10
B_CAL,0,inherited_tau,128,93,0.7265625,11,11,0
B_CAL,1,zero,128,103,0.8046875,11,1,10
B_CAL,1,inherited_tau,128,93,0.7265625,11,11,0
B_CAL,2,zero,128,103,0.8046875,11,1,10
B_CAL,2,inherited_tau,128,93,0.7265625,11,11,0
QR,0,zero,128,102,0.796875,10,1,9
QR,0,inherited_tau,128,92,0.71875,9,10,-1
QR_VEC,0,zero,128,100,0.78125,9,2,7
QR_VEC,0,inherited_tau,128,90,0.703125,9,12,-3
QRR,0,zero,128,102,0.796875,11,2,9
QRR,0,inherited_tau,128,92,0.71875,10,11,-1
QR,1,zero,128,102,0.796875,11,2,9
QR,1,inherited_tau,128,92,0.71875,10,11,-1
QR_VEC,1,zero,128,103,0.8046875,11,1,10
QR_VEC,1,inherited_tau,128,93,0.7265625,10,10,0
QRR,1,zero,128,102,0.796875,11,2,9
QRR,1,inherited_tau,128,92,0.71875,10,11,-1
QR,2,zero,128,100,0.78125,9,2,7
QR,2,inherited_tau,128,92,0.71875,10,11,-1
QR_VEC,2,zero,128,99,0.7734375,10,4,6
QR_VEC,2,inherited_tau,128,93,0.7265625,10,10,0
QRR,2,zero,128,102,0.796875,11,2,9
QRR,2,inherited_tau,128,92,0.71875,11,12,-1
RAW,,untrained,128,93,0.7265625,0,0,0
