model,identity,queries,rescues,breaks,net
TOKEN_QR,0003,1,0,0,0
TOKEN_QR,10 mL carton,6,0,0,0
TOKEN_QR,10ml carton,1,0,0,0
TOKEN_QR,160 mg Comfor-trate Tab,1,0,0,0
TOKEN_QR,160mgcarton,1,0,0,0
TOKEN_QR,200000002710_Final,2,2,0,2
TOKEN_QR,2021 Lice Freee!_6ozPOP R2a,3,0,0,0
TOKEN_QR,300000538_R-00_Final,3,0,0,0
TOKEN_QR,350 label,1,0,1,-1
TOKEN_QR,3T3-bn-lansoprazole,4,0,0,0
TOKEN_QR,45mg PFS CArton,1,0,0,0
TOKEN_QR,469584,4,0,0,0
TOKEN_QR,4_Kids_Oral_Pain_Relief,3,0,0,0
TOKEN_QR,5fe0ce14-bc11-4b43-b002-7efdca0d3003-04,4,1,0,1
TOKEN_QR,60 mg Comfor-trate Tab,3,0,0,0
TOKEN_QR,6941714017-1,5,0,0,0
TOKEN_QR,734-uw-mint-mini-nicotine-lozenge,2,1,1,0
TOKEN_QR,75 100s carton,2,0,0,0
TOKEN_QR,766-e9-infants-pain-and-fever,8,0,0,0
TOKEN_QR,77l96n1c1,4,0,0,0
TOKEN_QR,80mg-cart-np,1,0,0,0
TOKEN_QR,812-6e-mucus-dm,1,0,0,0
TOKEN_QR,83324304-60,4,0,0,0
TOKEN_QR,964901_LR,4,1,0,1
TOKEN_QR,ASP Cough Mucus Congestion PMG 24ct,1,0,0,0
TOKEN_QR,AlkaSeltzer_36,4,1,0,1
TOKEN_QR,Anti-wrinkle EYE CREAM,1,0,0,0
TOKEN_QR,AntifluDesbx,3,0,0,0
TOKEN_QR,Baby spec cream 60 ml_Jun21-Output,1,0,0,0
TOKEN_QR,Bacitracin Zinc Ointment USP Carton 0.5oz(14.2g) Rev 02-22,1,0,0,0
TOKEN_QR,SH230414C (250 ml Carton),1,1,0,1
TOKEN_QR,anti caries toothpaste carton,4,0,0,0
TOKEN_QR,askindr carton,2,0,0,0
TOKEN_QR,athletes-01,3,0,1,-1
TOKEN_QR,bbx08-0000-01,1,0,0,0
TOKEN_QR,bef4f237-ccb8-4d28-bfc2-41c511a17d7f-01,1,0,0,0
TOKEN_QR,bravecto-07,1,0,0,0
TOKEN_QR,carton-1-gram-10-vial-pack-premier,3,0,0,0
TOKEN_QR,ciprofloxacin-ophthalmic-solution-2pt5ml-carton,6,0,0,0
TOKEN_QR,com0n-0000-04,1,0,0,0
TOKEN_QR,cuvitru-19,3,0,0,0
TOKEN_QR,dro0b-0001-04,5,0,0,0
TOKEN_QR,int08-0008-17,1,0,0,0
TOKEN_QR,kedbumin-02,5,1,0,1
TOKEN_QR,lox01-0004-14,3,0,0,0
TOKEN_QR,sevospire-02,1,0,0,0
TOKEN_QR,tul01-0001-02,2,0,0,0
TOKEN_QR,vetoryl-09,5,1,1,0
TOKEN_QRR_ANCHOR,0003,1,0,0,0
TOKEN_QRR_ANCHOR,10 mL carton,6,0,0,0
TOKEN_QRR_ANCHOR,10ml carton,1,0,0,0
TOKEN_QRR_ANCHOR,160 mg Comfor-trate Tab,1,0,0,0
TOKEN_QRR_ANCHOR,160mgcarton,1,0,0,0
TOKEN_QRR_ANCHOR,200000002710_Final,2,2,0,2
TOKEN_QRR_ANCHOR,2021 Lice Freee!_6ozPOP R2a,3,0,0,0
TOKEN_QRR_ANCHOR,300000538_R-00_Final,3,0,0,0
TOKEN_QRR_ANCHOR,350 label,1,0,1,-1
TOKEN_QRR_ANCHOR,3T3-bn-lansoprazole,4,0,0,0
TOKEN_QRR_ANCHOR,45mg PFS CArton,1,0,0,0
TOKEN_QRR_ANCHOR,469584,4,0,0,0
TOKEN_QRR_ANCHOR,4_Kids_Oral_Pain_Relief,3,0,0,0
TOKEN_QRR_ANCHOR,5fe0ce14-bc11-4b43-b002-7efdca0d3003-04,4,1,0,1
TOKEN_QRR_ANCHOR,60 mg Comfor-trate Tab,3,0,0,0
TOKEN_QRR_ANCHOR,6941714017-1,5,0,0,0
TOKEN_QRR_ANCHOR,734-uw-mint-mini-nicotine-lozenge,2,1,0,1
TOKEN_QRR_ANCHOR,75 100s carton,2,0,0,0
TOKEN_QRR_ANCHOR,766-e9-infants-pain-and-fever,8,0,0,0
TOKEN_QRR_ANCHOR,77l96n1c1,4,0,0,0
TOKEN_QRR_ANCHOR,80mg-cart-np,1,0,0,0
TOKEN_QRR_ANCHOR,812-6e-mucus-dm,1,0,0,0
TOKEN_QRR_ANCHOR,83324304-60,4,0,0,0
TOKEN_QRR_ANCHOR,964901_LR,4,1,0,1
TOKEN_QRR_ANCHOR,ASP Cough Mucus Congestion PMG 24ct,1,0,0,0
TOKEN_QRR_ANCHOR,AlkaSeltzer_36,4,1,0,1
TOKEN_QRR_ANCHOR,Anti-wrinkle EYE CREAM,1,0,0,0
TOKEN_QRR_ANCHOR,AntifluDesbx,3,0,0,0
TOKEN_QRR_ANCHOR,Baby spec cream 60 ml_Jun21-Output,1,0,0,0
TOKEN_QRR_ANCHOR,Bacitracin Zinc Ointment USP Carton 0.5oz(14.2g) Rev 02-22,1,0,0,0
TOKEN_QRR_ANCHOR,SH230414C (250 ml Carton),1,1,0,1
TOKEN_QRR_ANCHOR,anti caries toothpaste carton,4,0,0,0
TOKEN_QRR_ANCHOR,askindr carton,2,0,0,0
TOKEN_QRR_ANCHOR,athletes-01,3,0,1,-1
TOKEN_QRR_ANCHOR,bbx08-0000-01,1,0,1,-1
TOKEN_QRR_ANCHOR,bef4f237-ccb8-4d28-bfc2-41c511a17d7f-01,1,0,0,0
TOKEN_QRR_ANCHOR,bravecto-07,1,0,0,0
TOKEN_QRR_ANCHOR,carton-1-gram-10-vial-pack-premier,3,0,0,0
TOKEN_QRR_ANCHOR,ciprofloxacin-ophthalmic-solution-2pt5ml-carton,6,0,0,0
TOKEN_QRR_ANCHOR,com0n-0000-04,1,0,0,0
TOKEN_QRR_ANCHOR,cuvitru-19,3,0,0,0
TOKEN_QRR_ANCHOR,dro0b-0001-04,5,0,0,0
TOKEN_QRR_ANCHOR,int08-0008-17,1,0,0,0
TOKEN_QRR_ANCHOR,kedbumin-02,5,1,0,1
TOKEN_QRR_ANCHOR,lox01-0004-14,3,0,0,0
TOKEN_QRR_ANCHOR,sevospire-02,1,0,0,0
TOKEN_QRR_ANCHOR,tul01-0001-02,2,0,0,0
TOKEN_QRR_ANCHOR,vetoryl-09,5,1,1,0
TOKEN_QRR_MULTI,0003,1,0,0,0
TOKEN_QRR_MULTI,10 mL carton,6,0,0,0
TOKEN_QRR_MULTI,10ml carton,1,0,0,0
TOKEN_QRR_MULTI,160 mg Comfor-trate Tab,1,0,0,0
TOKEN_QRR_MULTI,160mgcarton,1,0,0,0
TOKEN_QRR_MULTI,200000002710_Final,2,1,0,1
TOKEN_QRR_MULTI,2021 Lice Freee!_6ozPOP R2a,3,0,0,0
TOKEN_QRR_MULTI,300000538_R-00_Final,3,0,0,0
TOKEN_QRR_MULTI,350 label,1,0,1,-1
TOKEN_QRR_MULTI,3T3-bn-lansoprazole,4,0,0,0
TOKEN_QRR_MULTI,45mg PFS CArton,1,0,0,0
TOKEN_QRR_MULTI,469584,4,0,0,0
TOKEN_QRR_MULTI,4_Kids_Oral_Pain_Relief,3,0,0,0
TOKEN_QRR_MULTI,5fe0ce14-bc11-4b43-b002-7efdca0d3003-04,4,1,0,1
TOKEN_QRR_MULTI,60 mg Comfor-trate Tab,3,0,0,0
TOKEN_QRR_MULTI,6941714017-1,5,0,0,0
TOKEN_QRR_MULTI,734-uw-mint-mini-nicotine-lozenge,2,1,0,1
TOKEN_QRR_MULTI,75 100s carton,2,0,0,0
TOKEN_QRR_MULTI,766-e9-infants-pain-and-fever,8,0,0,0
TOKEN_QRR_MULTI,77l96n1c1,4,0,0,0
TOKEN_QRR_MULTI,80mg-cart-np,1,0,0,0
TOKEN_QRR_MULTI,812-6e-mucus-dm,1,0,0,0
TOKEN_QRR_MULTI,83324304-60,4,0,0,0
TOKEN_QRR_MULTI,964901_LR,4,0,0,0
TOKEN_QRR_MULTI,ASP Cough Mucus Congestion PMG 24ct,1,0,0,0
TOKEN_QRR_MULTI,AlkaSeltzer_36,4,1,0,1
TOKEN_QRR_MULTI,Anti-wrinkle EYE CREAM,1,0,0,0
TOKEN_QRR_MULTI,AntifluDesbx,3,0,0,0
TOKEN_QRR_MULTI,Baby spec cream 60 ml_Jun21-Output,1,0,0,0
TOKEN_QRR_MULTI,Bacitracin Zinc Ointment USP Carton 0.5oz(14.2g) Rev 02-22,1,0,0,0
TOKEN_QRR_MULTI,SH230414C (250 ml Carton),1,1,0,1
TOKEN_QRR_MULTI,anti caries toothpaste carton,4,0,0,0
TOKEN_QRR_MULTI,askindr carton,2,0,0,0
TOKEN_QRR_MULTI,athletes-01,3,0,1,-1
TOKEN_QRR_MULTI,bbx08-0000-01,1,0,1,-1
TOKEN_QRR_MULTI,bef4f237-ccb8-4d28-bfc2-41c511a17d7f-01,1,0,0,0
TOKEN_QRR_MULTI,bravecto-07,1,0,0,0
TOKEN_QRR_MULTI,carton-1-gram-10-vial-pack-premier,3,0,0,0
TOKEN_QRR_MULTI,ciprofloxacin-ophthalmic-solution-2pt5ml-carton,6,0,0,0
TOKEN_QRR_MULTI,com0n-0000-04,1,0,0,0
TOKEN_QRR_MULTI,cuvitru-19,3,0,0,0
TOKEN_QRR_MULTI,dro0b-0001-04,5,0,0,0
TOKEN_QRR_MULTI,int08-0008-17,1,0,0,0
TOKEN_QRR_MULTI,kedbumin-02,5,1,0,1
TOKEN_QRR_MULTI,lox01-0004-14,3,0,0,0
TOKEN_QRR_MULTI,sevospire-02,1,0,0,0
TOKEN_QRR_MULTI,tul01-0001-02,2,0,0,0
TOKEN_QRR_MULTI,vetoryl-09,5,1,1,0
