query_ordinal,query_id,opened_split,target_present_c128,base_winner_position,RAW__correct,RAW__action,RAW__raw_action,RAW__final_position,RAW__switch_logit,ORIGINAL__correct,ORIGINAL__action,ORIGINAL__raw_action,ORIGINAL__final_position,ORIGINAL__switch_logit,DROP_S__correct,DROP_S__action,DROP_S__raw_action,DROP_S__final_position,DROP_S__switch_logit,DROP_QR__correct,DROP_QR__action,DROP_QR__raw_action,DROP_QR__final_position,DROP_QR__switch_logit,DROP_S_QR__correct,DROP_S_QR__action,DROP_S_QR__raw_action,DROP_S_QR__final_position,DROP_S_QR__switch_logit
0,DREG-e7e46f83f91968de,test,True,11,1,HOLD,HOLD,11,,1,HOLD,HOLD,11,-0x1.605ab75b941bbp+3,1,HOLD,HOLD,11,-0x1.d9344c631bdccp+3,1,HOLD,HOLD,11,-0x1.6cedafb7932cap+3,1,HOLD,HOLD,11,-0x1.e3606db75bd10p+3
1,DREG-8d13e0bb532629df,test,True,18,1,HOLD,HOLD,18,,1,HOLD,HOLD,18,-0x1.5ff18d95571f2p+3,1,HOLD,HOLD,18,-0x1.ccbf1fdd2eb29p+3,1,HOLD,HOLD,18,-0x1.5c42847aa0384p+3,1,HOLD,HOLD,18,-0x1.c91016c277cbbp+3
2,DREG-d1e7f3ccbd950842,test,True,57,0,HOLD,HOLD,57,,1,SWITCH,SWITCH,12,0x1.08ce2543326fdp+2,1,SWITCH,SWITCH,12,0x1.fa73884d04c10p+2,1,SWITCH,SWITCH,12,0x1.21f5568650ec2p+2,1,SWITCH,SWITCH,12,0x1.09cd5cc8119eap+3
3,DREG-875515f9d93becde,test,True,14,1,HOLD,HOLD,14,,1,HOLD,HOLD,14,-0x1.5e9505616472ep+3,1,HOLD,HOLD,14,-0x1.d2af9020e3da3p+3,1,HOLD,HOLD,14,-0x1.6b1c3a10099d0p+3,1,HOLD,HOLD,14,-0x1.df43901c76695p+3
4,DREG-5c3214a667eddcdf,test,True,13,1,HOLD,HOLD,13,,1,HOLD,HOLD,13,-0x1.69b9f3f4cdcf1p+3,1,HOLD,HOLD,13,-0x1.dfe84eaa49200p+3,1,HOLD,HOLD,13,-0x1.7646960f336cap+3,1,HOLD,HOLD,13,-0x1.ec74f0c4aebd8p+3
5,DREG-5250d1ca717169f7,test,True,16,1,HOLD,HOLD,16,,1,HOLD,HOLD,16,-0x1.08ebae44a7782p+2,1,HOLD,HOLD,16,-0x1.6e8ce87af6aaap+1,1,HOLD,HOLD,16,-0x1.19ca88a851ef2p+2,1,HOLD,HOLD,16,-0x1.8b478e75e63aap+1
6,DREG-9e93aab1f6ccce41,test,True,13,1,HOLD,HOLD,13,,1,HOLD,HOLD,13,-0x1.71d3c7419dc40p+3,1,HOLD,HOLD,13,-0x1.ea6f738f44518p+3,1,HOLD,HOLD,13,-0x1.7e674dca3e2eep+3,1,HOLD,HOLD,13,-0x1.f702fa17e4bc6p+3
7,DREG-367de3ee2dc4e190,test,True,7,1,HOLD,HOLD,7,,1,HOLD,HOLD,7,-0x1.f2a7bafd35ceap+2,1,HOLD,HOLD,7,-0x1.55cc83b8e2bd8p+3,1,HOLD,HOLD,7,-0x1.e94f6b994f5e8p+2,1,HOLD,HOLD,7,-0x1.51205c06ef857p+3
8,DREG-b64d55d20889331e,test,True,14,1,HOLD,HOLD,14,,1,HOLD,HOLD,14,-0x1.f6c1a40c3bd04p+1,1,HOLD,HOLD,14,-0x1.ac8b2b90dba2cp+2,1,HOLD,HOLD,14,-0x1.0be62935a682ep+2,1,HOLD,HOLD,14,-0x1.bd1082c0643d8p+2
9,DREG-849b671ad2e317cf,test,True,15,1,HOLD,HOLD,15,,1,HOLD,HOLD,15,-0x1.10cce428ed566p+3,1,HOLD,HOLD,15,-0x1.769296b296319p+3,1,HOLD,HOLD,15,-0x1.1cf1557debc08p+3,1,HOLD,HOLD,15,-0x1.7ec830ce6bf7ap+3
10,DREG-2514bb095641f283,test,True,17,1,HOLD,HOLD,17,,1,HOLD,HOLD,17,-0x1.b7df9f6db9a02p+2,1,HOLD,HOLD,17,-0x1.4c64a48d68d2ep+3,1,HOLD,HOLD,17,-0x1.d1079f64df861p+2,1,HOLD,HOLD,17,-0x1.58f8a488fbc5dp+3
11,DREG-bc54d0dea47444e1,test,True,79,1,HOLD,HOLD,79,,1,HOLD,HOLD,79,-0x1.8e0b14b0e2f11p+0,1,HOLD,HOLD,79,-0x1.8e0b14b0e2f11p+0,1,HOLD,HOLD,79,-0x1.8e0b14b0e2f11p+0,1,HOLD,HOLD,79,-0x1.8e0b14b0e2f11p+0
12,DREG-f84b57e93b006f0d,test,True,32,0,HOLD,HOLD,32,,1,SWITCH,SWITCH,65,0x1.a248e806a2a54p+1,1,SWITCH,SWITCH,65,0x1.c41acad2f3952p+2,1,SWITCH,SWITCH,65,0x1.d48aeb1a69acap+1,1,SWITCH,SWITCH,65,0x1.dd3bcc5cd718ep+2
13,DREG-eb414ef5b9c80a06,test,True,58,1,HOLD,HOLD,58,,1,HOLD,HOLD,58,-0x1.8e0b14b0e2f11p+0,1,HOLD,HOLD,58,-0x1.8e0b14b0e2f11p+0,1,HOLD,HOLD,58,-0x1.8e0b14b0e2f11p+0,1,HOLD,HOLD,58,-0x1.8e0b14b0e2f11p+0
14,DREG-678bba398d63da3e,test,True,80,1,HOLD,HOLD,80,,1,HOLD,HOLD,80,-0x1.8e0b14b0e2f11p+0,1,HOLD,HOLD,80,-0x1.8e0b14b0e2f11p+0,1,HOLD,HOLD,80,-0x1.8e0b14b0e2f11p+0,1,HOLD,HOLD,80,-0x1.8e0b14b0e2f11p+0
15,DREG-3a319341cfb46c13,test,True,92,1,HOLD,HOLD,92,,1,HOLD,HOLD,92,-0x1.8e0b14b0e2f11p+0,1,HOLD,HOLD,92,-0x1.8e0b14b0e2f11p+0,1,HOLD,HOLD,92,-0x1.8e0b14b0e2f11p+0,1,HOLD,HOLD,92,-0x1.8e0b14b0e2f11p+0
16,DREG-609cf220c5d35b38,test,True,82,1,HOLD,HOLD,82,,1,HOLD,HOLD,82,-0x1.8e0b14b0e2f11p+0,1,HOLD,HOLD,82,-0x1.8e0b14b0e2f11p+0,1,HOLD,HOLD,82,-0x1.8e0b14b0e2f11p+0,1,HOLD,HOLD,82,-0x1.8e0b14b0e2f11p+0
17,DREG-02f47934370a51bc,test,True,85,1,HOLD,HOLD,85,,1,HOLD,HOLD,85,-0x1.8e0b14b0e2f11p+0,1,HOLD,HOLD,85,-0x1.8e0b14b0e2f11p+0,1,HOLD,HOLD,85,-0x1.8e0b14b0e2f11p+0,1,HOLD,HOLD,85,-0x1.8e0b14b0e2f11p+0
18,DREG-619d3641f0a9f8f3,test,True,69,1,HOLD,HOLD,69,,1,HOLD,HOLD,69,-0x1.8e0b14b0e2f11p+0,1,HOLD,HOLD,69,-0x1.8e0b14b0e2f11p+0,1,HOLD,HOLD,69,-0x1.8e0b14b0e2f11p+0,1,HOLD,HOLD,69,-0x1.8e0b14b0e2f11p+0
19,DREG-a8ca1365ff1e9bc3,test,False,85,0,HOLD,HOLD,85,,0,HOLD,HOLD,85,-0x1.7e2eea89166a9p+0,0,SWITCH,SWITCH,20,0x1.ad0065f5d675dp+0,0,HOLD,HOLD,85,-0x1.198eeab52dfb5p+0,0,SWITCH,SWITCH,20,0x1.08d032e4df728p+1
20,DREG-c013080d8c760d62,test,True,49,1,HOLD,HOLD,49,,1,HOLD,HOLD,49,-0x1.012492572074bp+3,1,HOLD,HOLD,49,-0x1.78ae2204b3dfep+3,1,HOLD,HOLD,49,-0x1.0db89252b9be7p+3,1,HOLD,HOLD,49,-0x1.854222004d29ap+3
21,DREG-01e1b890ff35bd7c,test,True,55,1,HOLD,HOLD,55,,1,HOLD,HOLD,55,-0x1.ae6549413dc23p+2,1,HOLD,HOLD,55,-0x1.ae4f3183d4382p+1,1,HOLD,HOLD,55,-0x1.ad6017f73b183p+2,1,HOLD,HOLD,55,-0x1.ac44ceefcee42p+1
22,DREG-631bdac37121f1ce,test,True,113,1,HOLD,HOLD,113,,1,HOLD,HOLD,113,-0x1.2bf0be389eb44p+0,1,HOLD,HOLD,113,-0x1.219faf00bf574p-2,1,HOLD,HOLD,113,-0x1.3ae2d2bb12238p+0,1,HOLD,HOLD,113,-0x1.5d68010a8d144p-2
23,DREG-d37647830361734b,test,True,52,0,HOLD,HOLD,52,,1,SWITCH,SWITCH,51,0x1.8b662183a5bacp+1,1,SWITCH,SWITCH,51,0x1.b070b407e3fdcp+2,1,SWITCH,SWITCH,51,0x1.bdb621721551cp+1,1,SWITCH,SWITCH,51,0x1.c998b3ff1bc94p+2
24,DREG-737e5f368a22a348,test,True,51,1,HOLD,HOLD,51,,1,HOLD,HOLD,51,-0x1.f36772fd5feaep+2,1,HOLD,HOLD,51,-0x1.7145193090fcep+3,1,HOLD,HOLD,51,-0x1.06367d8d88e45p+3,1,HOLD,HOLD,51,-0x1.7dc7dd3f69ebdp+3
25,DREG-5fd661838cb02de3,test,True,12,0,HOLD,HOLD,12,,0,SWITCH,SWITCH,91,0x1.7d44cb0dc47c5p+0,0,SWITCH,SWITCH,91,0x1.3e27d7d58fb31p+2,0,SWITCH,SWITCH,91,0x1.5f86deaf64175p+0,0,SWITCH,SWITCH,91,0x1.36b85cbdf799dp+2
26,DREG-dd628c82452e5e26,test,True,95,1,HOLD,HOLD,95,,1,HOLD,HOLD,95,-0x1.11e5e1c9075bap+3,1,HOLD,HOLD,95,-0x1.73d4e49ee43a8p+2,1,HOLD,HOLD,95,-0x1.056345013d774p+3,1,HOLD,HOLD,95,-0x1.5acfab0f5071ep+2
27,DREG-8530227e2bcbdcf9,test,True,124,1,HOLD,HOLD,124,,1,HOLD,HOLD,124,-0x1.e3acfef43ddbcp+1,1,HOLD,HOLD,124,-0x1.5d4df10a95284p-2,1,HOLD,HOLD,124,-0x1.b1e835f95d9a0p+1,0,SWITCH,SWITCH,92,0x1.86c2b663672e0p-5
28,DREG-bc14953fe80d27c5,test,True,12,1,HOLD,HOLD,12,,1,HOLD,HOLD,12,-0x1.8c54a79c3d4f0p+2,1,HOLD,HOLD,12,-0x1.28c5c109c806ap+3,1,HOLD,HOLD,12,-0x1.a2b341113a52ep+2,1,HOLD,HOLD,12,-0x1.33f50dc446889p+3
29,DREG-87702078be27d29d,test,True,10,1,HOLD,HOLD,10,,1,HOLD,HOLD,10,-0x1.45b567741b3b5p+2,1,HOLD,HOLD,10,-0x1.d4971b6106915p+2,1,HOLD,HOLD,10,-0x1.5adda510e4e58p+2,1,HOLD,HOLD,10,-0x1.e9bf58fdd03b8p+2
30,DREG-d82791181a0d0c98,test,True,10,1,HOLD,HOLD,10,,1,HOLD,HOLD,10,-0x1.4d47ccd4a9febp+3,1,HOLD,HOLD,10,-0x1.bd20e884477afp+3,1,HOLD,HOLD,10,-0x1.58f755484c243p+3,1,HOLD,HOLD,10,-0x1.c8d070f7e9a07p+3
31,DREG-6b35a3b5b7f88bf3,test,True,50,1,HOLD,HOLD,50,,1,HOLD,HOLD,50,-0x1.061d06ae5baeap+3,1,HOLD,HOLD,50,-0x1.3dbc62ce92204p+3,1,HOLD,HOLD,50,-0x1.0a8900e013147p+3,1,HOLD,HOLD,50,-0x1.42285d0049860p+3
32,DREG-4a7659aee8da5b7b,test,True,8,1,HOLD,HOLD,8,,1,HOLD,HOLD,8,-0x1.edc8fbe7c9b40p+2,1,HOLD,HOLD,8,-0x1.1cb8e4f5d9328p+3,1,HOLD,HOLD,8,-0x1.fda089b1e3d8ap+2,1,HOLD,HOLD,8,-0x1.24a4abdae644dp+3
33,DREG-fb9c90d760a7763f,test,True,13,1,HOLD,HOLD,13,,1,HOLD,HOLD,13,-0x1.c28ed759f4cc4p+2,1,HOLD,HOLD,13,-0x1.4c7de125dc382p+3,1,HOLD,HOLD,13,-0x1.dadec36b72b3ep+2,1,HOLD,HOLD,13,-0x1.58a5d72e9b2bep+3
34,DREG-b4a4b0083f91280d,test,True,7,1,HOLD,HOLD,7,,1,HOLD,HOLD,7,-0x1.cc2de04229a34p+2,1,HOLD,HOLD,7,-0x1.4a90919731902p+3,1,HOLD,HOLD,7,-0x1.e334b343df401p+2,1,HOLD,HOLD,7,-0x1.5613fb180c5e8p+3
35,DREG-33feed732c96bc4b,test,True,22,1,HOLD,HOLD,22,,1,HOLD,HOLD,22,-0x1.0c47b241e66dcp+3,1,HOLD,HOLD,22,-0x1.77fe1072252ebp+3,1,HOLD,HOLD,22,-0x1.17a98ed301c9ep+3,1,HOLD,HOLD,22,-0x1.835fed03408aep+3
36,DREG-6419e3987334de44,test,True,9,1,HOLD,HOLD,9,,1,HOLD,HOLD,9,-0x1.103b9e38caec7p+3,1,HOLD,HOLD,9,-0x1.76e7d193733e5p+3,1,HOLD,HOLD,9,-0x1.1c1f5cbe62450p+3,1,HOLD,HOLD,9,-0x1.82cb90190a96ep+3
37,DREG-007b23ca49d16639,test,True,9,1,HOLD,HOLD,9,,1,HOLD,HOLD,9,-0x1.b036ee6fc5f90p+2,1,HOLD,HOLD,9,-0x1.3d11ce0d5268ap+3,1,HOLD,HOLD,9,-0x1.c8ef576c8a68ap+2,1,HOLD,HOLD,9,-0x1.496e028bb4a07p+3
38,DREG-d912845873d4314b,test,True,80,0,HOLD,HOLD,80,,0,HOLD,HOLD,80,-0x1.029f6fc2774bbp+1,0,HOLD,HOLD,80,-0x1.08f282c862cf5p+0,0,HOLD,HOLD,80,-0x1.bf099d6d2c9a2p+0,0,HOLD,HOLD,80,-0x1.55e2d495704dap-1
39,DREG-83d529dbffde8b07,test,True,75,0,HOLD,HOLD,75,,0,HOLD,HOLD,75,-0x1.6e714a659c77cp+0,1,SWITCH,SWITCH,11,0x1.3129d5483c466p-1,0,HOLD,HOLD,75,-0x1.21014f84ab5a8p+0,1,SWITCH,SWITCH,11,0x1.cc09cb0a1e80ap-1
40,DREG-60f451fa00d5550b,test,True,8,1,HOLD,HOLD,8,,1,HOLD,HOLD,8,-0x1.88ee0d297c1b4p+2,1,HOLD,HOLD,8,-0x1.dc86c6d2449d7p+2,1,HOLD,HOLD,8,-0x1.9cee608521158p+2,1,HOLD,HOLD,8,-0x1.f0871a2de997bp+2
41,DREG-85e2468fc1b46ca7,test,True,12,1,HOLD,HOLD,12,,1,HOLD,HOLD,12,-0x1.5276c81feb9fcp+1,0,SWITCH,SWITCH,89,0x1.6492aab9d61cep-1,1,HOLD,HOLD,12,-0x1.60b352a08236cp+1,0,SWITCH,SWITCH,89,0x1.2ba080b77bc0ep-1
42,DREG-bde73370c65e2602,test,True,49,0,HOLD,HOLD,49,,1,SWITCH,SWITCH,119,0x1.11cde5317d966p-1,1,SWITCH,SWITCH,119,0x1.ea11c7c6e3abcp+1,1,SWITCH,SWITCH,119,0x1.c84ff511060fep-1,1,SWITCH,SWITCH,119,0x1.0bd925df62e51p+2
43,DREG-0464f60656284031,test,True,124,1,HOLD,HOLD,124,,1,HOLD,HOLD,124,-0x1.b1b59ae7a6464p+1,1,HOLD,HOLD,124,-0x1.54c02eb5e1d01p+0,1,HOLD,HOLD,124,-0x1.acc78040ccaf4p+1,1,HOLD,HOLD,124,-0x1.7adb2e1eed09dp+0
44,DREG-c58ff508eeb00887,test,True,50,0,HOLD,HOLD,50,,0,HOLD,HOLD,50,-0x1.7b8f5efc07514p+1,0,HOLD,HOLD,50,-0x1.152cda04aa6fbp+2,0,HOLD,HOLD,50,-0x1.964288cb4368bp+1,0,HOLD,HOLD,50,-0x1.253e4e6f74f1fp+2
45,DREG-c156e701a2b32d19,test,True,122,1,HOLD,HOLD,122,,1,HOLD,HOLD,122,-0x1.68a6b18f642e4p+1,1,HOLD,HOLD,122,-0x1.28b401ab2a761p+2,1,HOLD,HOLD,122,-0x1.7f5c4bf5795acp+1,1,HOLD,HOLD,122,-0x1.340ecede350c5p+2
46,DREG-7b9d61acb2936223,test,True,50,0,HOLD,HOLD,50,,0,HOLD,HOLD,50,-0x1.0d5dd3e713d73p+2,0,HOLD,HOLD,50,-0x1.3003ead18597ep+2,0,HOLD,HOLD,50,-0x1.0777947d74b92p+2,0,HOLD,HOLD,50,-0x1.29e75c3b32f07p+2
47,DREG-1c0fe4f1b0ce1c79,test,True,102,1,HOLD,HOLD,102,,1,HOLD,HOLD,102,-0x1.5e230f24206bap+0,1,HOLD,HOLD,102,-0x1.1ed7cae5e3280p-7,1,HOLD,HOLD,102,-0x1.54994e69352efp+0,0,SWITCH,SWITCH,39,0x1.d3044947dd940p-6
48,DREG-753fbc574d050939,test,True,39,0,HOLD,HOLD,39,,1,SWITCH,SWITCH,122,0x1.0c6a89a3f8af2p-1,1,SWITCH,SWITCH,122,0x1.f22e6ed3a7096p+1,1,SWITCH,SWITCH,122,0x1.d2c780af95c9ap-1,1,SWITCH,SWITCH,122,0x1.11e2d64b47280p+2
49,DREG-89df8f028adaf5cb,test,True,49,0,HOLD,HOLD,49,,1,SWITCH,SWITCH,124,0x1.0199656dc1d35p+0,1,SWITCH,SWITCH,124,0x1.1fcf6c9935936p+2,1,SWITCH,SWITCH,124,0x1.5ffda6d591f05p+0,1,SWITCH,SWITCH,124,0x1.37687cf3299aap+2
50,DREG-019be47968e865bc,test,True,56,1,HOLD,HOLD,56,,1,HOLD,HOLD,56,-0x1.045347c30f896p+1,1,HOLD,HOLD,56,-0x1.f1b6740dc3301p+0,1,HOLD,HOLD,56,-0x1.d2023c97043f4p+0,1,HOLD,HOLD,56,-0x1.bb12211ea85cbp+0
51,DREG-de94b21686ecbe8c,test,True,74,1,HOLD,HOLD,74,,1,HOLD,HOLD,74,-0x1.4601196ac4881p+2,1,HOLD,HOLD,74,-0x1.108d1b10d6180p+3,1,HOLD,HOLD,74,-0x1.5f291961f5e57p+2,1,HOLD,HOLD,74,-0x1.1d211b0c6ec6bp+3
52,DREG-8eb5e52462e67df8,val,True,3,1,HOLD,HOLD,3,,1,HOLD,HOLD,3,-0x1.93e2a84d900b8p+3,1,HOLD,HOLD,3,-0x1.fb81ef3f31df4p+3,1,HOLD,HOLD,3,-0x1.a076a84925c42p+3,1,HOLD,HOLD,3,-0x1.040af79d63cbep+4
53,DREG-b1df9ab3f81bad26,val,True,5,1,HOLD,HOLD,5,,1,HOLD,HOLD,5,-0x1.87f7c11ae1a4cp+2,1,HOLD,HOLD,5,-0x1.9ce29862200b0p+1,1,HOLD,HOLD,5,-0x1.91f5b3e4baf1cp+2,1,HOLD,HOLD,5,-0x1.bda6c875f4592p+1
54,DREG-47c122c3030b45c7,val,True,3,1,HOLD,HOLD,3,,1,HOLD,HOLD,3,-0x1.e3c38dd8aea0cp+2,1,HOLD,HOLD,3,-0x1.63a556d4cf426p+3,1,HOLD,HOLD,3,-0x1.fc726accb44d3p+2,1,HOLD,HOLD,3,-0x1.6ffcc54ed2189p+3
55,DREG-3768c4a8f6960558,val,False,122,0,HOLD,HOLD,122,,0,HOLD,HOLD,122,-0x1.84ce54b81ceb0p-4,0,SWITCH,SWITCH,119,0x1.74d170a2f5cf4p+1,0,SWITCH,SWITCH,111,0x1.92a3d7e714220p-5,0,SWITCH,SWITCH,111,0x1.8f6bc3c470dfap+1
56,DREG-d58fa6b7dc039be8,val,True,1,1,HOLD,HOLD,1,,1,HOLD,HOLD,1,-0x1.020aaaa691371p+3,1,HOLD,HOLD,1,-0x1.54d941aacb615p+2,1,HOLD,HOLD,1,-0x1.fe381b99d316cp+2,1,HOLD,HOLD,1,-0x1.3bb141b5fde15p+2
57,DREG-9761050290136837,val,True,22,1,HOLD,HOLD,22,,1,HOLD,HOLD,22,-0x1.3d82c4f24a1a6p+2,1,HOLD,HOLD,22,-0x1.5bab631e92dfdp+2,1,HOLD,HOLD,22,-0x1.4bd9daefd3b4bp+2,1,HOLD,HOLD,22,-0x1.6a02791c1c7a2p+2
58,DREG-c1e95d34d4a3af0f,val,False,76,0,HOLD,HOLD,76,,0,HOLD,HOLD,76,-0x1.749ca1aad76d4p+2,0,HOLD,HOLD,76,-0x1.0778c957a2d81p+3,0,HOLD,HOLD,76,-0x1.8c73c845b0e6ap+2,0,HOLD,HOLD,76,-0x1.13ea6bacae96cp+3
59,DREG-5b779f6b57feabbc,val,False,83,0,HOLD,HOLD,83,,0,HOLD,HOLD,83,-0x1.1b8b743b58476p+1,0,HOLD,HOLD,83,-0x1.9fead33fd960cp+1,0,HOLD,HOLD,83,-0x1.4ddb74290aa6ep+1,0,HOLD,HOLD,83,-0x1.d23ad32d8bc04p+1
60,DREG-bf84e44eab101c50,val,True,6,1,HOLD,HOLD,6,,1,HOLD,HOLD,6,-0x1.419079ba150f0p+2,1,HOLD,HOLD,6,-0x1.20e8219923346p+1,1,HOLD,HOLD,6,-0x1.4ab026f5c8a0ap+2,1,HOLD,HOLD,6,-0x1.33277c108a57ap+1
61,DREG-30d69cd44ee29f69,val,True,15,1,HOLD,HOLD,15,,1,HOLD,HOLD,15,-0x1.d4b3a768c49cbp+2,1,HOLD,HOLD,15,-0x1.3d42cb92994a3p+2,1,HOLD,HOLD,15,-0x1.e261f9dfdbe4fp+2,1,HOLD,HOLD,15,-0x1.4af11e09b0928p+2
62,DREG-8a535556148cfc11,val,True,77,0,HOLD,HOLD,77,,1,SWITCH,SWITCH,11,0x1.599d055c46eafp+0,1,SWITCH,SWITCH,11,0x1.491ee32b2ad8dp+2,1,SWITCH,SWITCH,11,0x1.be1215bac49d7p+0,1,SWITCH,SWITCH,11,0x1.623c2742ca458p+2
63,DREG-67c5b33b12dc847c,val,False,13,0,HOLD,HOLD,13,,0,HOLD,HOLD,13,-0x1.6809d2e983076p-1,0,SWITCH,SWITCH,109,0x1.5d5bf248b4c4cp+1,0,HOLD,HOLD,13,-0x1.3d93a676d6eccp-2,0,SWITCH,SWITCH,109,0x1.8fabf2343aa90p+1
64,DREG-39ab851ccc60d760,val,True,71,0,HOLD,HOLD,71,,0,SWITCH,SWITCH,64,0x1.ec263ef4f466bp+0,0,SWITCH,SWITCH,64,0x1.6752c73a97d22p+2,0,SWITCH,SWITCH,64,0x1.27e5dcb8fb99ep+1,0,SWITCH,SWITCH,64,0x1.803c25d9d8856p+2
65,DREG-5f484bb4cc8f8858,val,True,124,0,HOLD,HOLD,124,,1,SWITCH,SWITCH,5,0x1.d3ca9fd666a16p+1,1,SWITCH,SWITCH,5,0x1.d8ace02a65f50p+2,1,SWITCH,SWITCH,5,0x1.030d4fe26807ap+2,1,SWITCH,SWITCH,5,0x1.f1d4e0219aac0p+2
66,DREG-34cad6617a9be13d,val,True,76,0,HOLD,HOLD,76,,0,HOLD,HOLD,76,-0x1.64b27c68d2f3cp-2,1,SWITCH,SWITCH,10,0x1.3dc0b5d1ccfdap+1,0,HOLD,HOLD,76,-0x1.4521eb70866c0p-6,1,SWITCH,SWITCH,10,0x1.67ccc188064f4p+1
67,DREG-7bcf3f4a5b19cd24,val,True,61,0,HOLD,HOLD,61,,0,HOLD,HOLD,61,-0x1.0187302b06878p-3,1,SWITCH,SWITCH,8,0x1.ac43e2bfb23ecp+1,1,SWITCH,SWITCH,8,0x1.005ed07e0b1c4p-2,1,SWITCH,SWITCH,8,0x1.dc682fd2240acp+1
68,DREG-e5bd7c800547561d,val,True,7,1,HOLD,HOLD,7,,1,HOLD,HOLD,7,-0x1.9cf25fd1e3b88p+2,1,HOLD,HOLD,7,-0x1.315d4803d398fp+3,1,HOLD,HOLD,7,-0x1.b61a5fc9183acp+2,1,HOLD,HOLD,7,-0x1.3db313dd0687dp+3
69,DREG-2eae738753715150,val,True,8,1,HOLD,HOLD,8,,1,HOLD,HOLD,8,-0x1.99411ab308f34p+2,1,HOLD,HOLD,8,-0x1.28079cfd85114p+3,1,HOLD,HOLD,8,-0x1.afd117fadcd22p+2,1,HOLD,HOLD,8,-0x1.32c3108d42b5bp+3
70,DREG-798483c83aae8c9e,val,True,115,0,HOLD,HOLD,115,,0,HOLD,HOLD,115,-0x1.8519cb80f95f0p+1,0,HOLD,HOLD,115,-0x1.3962d954fd51fp+2,0,HOLD,HOLD,115,-0x1.a626daf4e0157p+1,0,HOLD,HOLD,115,-0x1.489df5291e6dfp+2
71,DREG-a84e4b7f279a339e,val,True,80,1,HOLD,HOLD,80,,1,HOLD,HOLD,80,-0x1.c51c2c80cc0bep+1,1,HOLD,HOLD,80,-0x1.58551703ccd8bp+0,1,HOLD,HOLD,80,-0x1.b8e30f4ab5c50p+1,1,HOLD,HOLD,80,-0x1.3fe2dc951a1c7p+0
72,DREG-b46bdfddbe2f2345,val,True,83,1,HOLD,HOLD,83,,1,HOLD,HOLD,83,-0x1.3b9d5ed485f34p+1,1,HOLD,HOLD,83,-0x1.1cf2f059f1b50p-3,1,HOLD,HOLD,83,-0x1.094d5f6fd8384p+1,0,SWITCH,SWITCH,80,0x1.040681f2d11b0p-2
73,DREG-126d4be069b2510a,val,True,85,1,HOLD,HOLD,85,,1,HOLD,HOLD,85,-0x1.3da4f6d747b2ap+1,0,SWITCH,SWITCH,83,0x1.88eb431fce0eap-1,1,HOLD,HOLD,85,-0x1.0b6f6aac022b6p+1,0,SWITCH,SWITCH,83,0x1.28e0b9e67215fp+0
74,DREG-c816025a37ba7c2c,val,True,64,1,HOLD,HOLD,64,,1,HOLD,HOLD,64,-0x1.3e2a67ca96438p+1,1,HOLD,HOLD,64,-0x1.42d7766ce7f32p+0,1,HOLD,HOLD,64,-0x1.54efb1966b530p+1,1,HOLD,HOLD,64,-0x1.70620a0492121p+0
75,DREG-eb90ebdc25b707b2,val,True,85,1,HOLD,HOLD,85,,1,HOLD,HOLD,85,-0x1.441a9aebec611p+0,0,SWITCH,SWITCH,82,0x1.1ee88405e75b6p+1,1,HOLD,HOLD,85,-0x1.2b914a6ce8511p+0,0,SWITCH,SWITCH,82,0x1.2b2d2c4569634p+1
76,DREG-a27f7635ee9e468e,val,True,88,1,HOLD,HOLD,88,,1,HOLD,HOLD,88,-0x1.6a8ba754ff64ap+2,1,HOLD,HOLD,88,-0x1.05d1cc57e3967p+3,1,HOLD,HOLD,88,-0x1.62a845b2d004ap+2,1,HOLD,HOLD,88,-0x1.01e01b86cbe67p+3
77,DREG-e7fdbe1784d3b890,val,False,24,0,HOLD,HOLD,24,,0,HOLD,HOLD,24,-0x1.6b2b5298bcaf4p+1,0,HOLD,HOLD,24,-0x1.c22a5daae52a9p+1,0,HOLD,HOLD,24,-0x1.8e538bec714a6p+1,0,HOLD,HOLD,24,-0x1.ca3e24e088b12p+1
78,DREG-182489483b638b97,val,True,83,1,HOLD,HOLD,83,,1,HOLD,HOLD,83,-0x1.8b1dc0a07fa6dp+2,1,HOLD,HOLD,83,-0x1.8b1088177647cp+2,1,HOLD,HOLD,83,-0x1.742be436b8994p+2,1,HOLD,HOLD,83,-0x1.800c76d96905cp+2
79,DREG-9b59e9eed9e6565e,val,True,86,1,HOLD,HOLD,86,,1,HOLD,HOLD,86,-0x1.02dd7d1b0c7f5p+2,1,HOLD,HOLD,86,-0x1.637d08a001ebbp+0,1,HOLD,HOLD,86,-0x1.06e3ba0d11504p+2,1,HOLD,HOLD,86,-0x1.4b0ace459fb0bp+0
80,DREG-cd96e080515daa72,val,True,32,1,HOLD,HOLD,32,,1,HOLD,HOLD,32,-0x1.87371c00f0f5fp+1,1,HOLD,HOLD,32,-0x1.c7ce0786b6994p+1,1,HOLD,HOLD,32,-0x1.ae9fb95cb3a9ap+1,1,HOLD,HOLD,32,-0x1.f2ad46b5175f4p+1
81,DREG-9127c22f57bff888,val,True,45,0,HOLD,HOLD,45,,0,HOLD,HOLD,45,-0x1.3769400b14c2cp+0,0,SWITCH,SWITCH,28,0x1.b0ede4fbee748p-2,0,HOLD,HOLD,45,-0x1.41d784a983d5ap+0,0,SWITCH,SWITCH,28,0x1.ff22f7e6772a0p-3
82,DREG-5d17a81c6fcb98fc,val,True,102,0,HOLD,HOLD,102,,0,HOLD,HOLD,102,-0x1.e6f1e9ab99dbcp+0,0,HOLD,HOLD,102,-0x1.5f9dedefb072cp+0,0,HOLD,HOLD,102,-0x1.e0f4712e0fad2p+0,0,HOLD,HOLD,102,-0x1.59a0757226442p+0
83,DREG-da2f417844eace10,val,True,92,0,HOLD,HOLD,92,,0,HOLD,HOLD,92,-0x1.6850b1e278ff4p+1,0,HOLD,HOLD,92,-0x1.4e8975eab4000p+1,0,HOLD,HOLD,92,-0x1.6b6658f847c8cp+1,0,HOLD,HOLD,92,-0x1.519f1d0082c96p+1
84,DREG-c4c8952b4d0621f9,val,True,40,1,HOLD,HOLD,40,,1,HOLD,HOLD,40,-0x1.fe60382833a8ap+0,1,HOLD,HOLD,40,-0x1.e114399576eaep+0,1,HOLD,HOLD,40,-0x1.c247bffd50d8fp+0,1,HOLD,HOLD,40,-0x1.a4fbc16a941b3p+0
85,DREG-9999c969d5dea5e0,val,True,38,1,HOLD,HOLD,38,,1,HOLD,HOLD,38,-0x1.028d222c742d0p+1,1,HOLD,HOLD,38,-0x1.e94e1c72364a6p-1,1,HOLD,HOLD,38,-0x1.0f7497be84d1ap+1,1,HOLD,HOLD,38,-0x1.200e1d938d116p-1
86,DREG-cb9c4dece44c1bb3,val,True,106,0,HOLD,HOLD,106,,0,SWITCH,SWITCH,44,0x1.0aec4cd01996cp-2,0,SWITCH,SWITCH,44,0x1.dbfc4adc3d430p+1,0,SWITCH,SWITCH,44,0x1.4eb62620cc9e6p-1,0,SWITCH,SWITCH,44,0x1.07262565369bdp+2
87,DREG-79f54668eb8b0a9b,val,True,103,1,HOLD,HOLD,103,,1,HOLD,HOLD,103,-0x1.386ec887e779cp+0,0,SWITCH,SWITCH,21,0x1.5cba5e6a16377p+0,1,HOLD,HOLD,103,-0x1.1705c37a0cdc8p+0,0,SWITCH,SWITCH,21,0x1.b4eefbc2e2fc3p+0
88,DREG-b5e3e3a6d6830c10,val,True,107,0,HOLD,HOLD,107,,0,HOLD,HOLD,107,-0x1.4a9af282a65e8p+1,0,HOLD,HOLD,107,-0x1.a5dc896e18857p+0,0,HOLD,HOLD,107,-0x1.3de5383ac3afap+1,0,HOLD,HOLD,107,-0x1.8c7114de5327bp+0
89,DREG-48feaf6f5507a475,val,True,20,0,HOLD,HOLD,20,,0,HOLD,HOLD,20,-0x1.0cdaf330f9cdep+1,0,HOLD,HOLD,20,-0x1.070cea1df8ca5p+1,0,HOLD,HOLD,20,-0x1.08b39d84c0cc4p+1,0,HOLD,HOLD,20,-0x1.02e59471bfc8cp+1
