model,correct,queries,accuracy,MRR
CE,367,480,0.7645833333333333,0.776326666065979
CE_CBIND,298,480,0.6208333333333333,0.6835061959354759
COST1,355,480,0.7395833333333334,0.75948164987968
COST1_CBIND,313,480,0.6520833333333333,0.7004237535849415
COST4,326,480,0.6791666666666667,0.7166174614973995
COST4_CBIND,321,480,0.66875,0.7107841281640662
GROUP_COST4,329,480,0.6854166666666667,0.7200896837196217
GROUP_COST4_CBIND,321,480,0.66875,0.7107841281640662
RAW,321,480,0.66875,0.7107841281640662
RAW2_CE,321,480,0.66875,0.7107841281640662
RAW2_CE_CBIND,321,480,0.66875,0.7107841281640662
