query_id,original_query_id,identity,component,fold,category,target_in_C128,target_physical_candidate_count,RAW_correct,RAW_target_rank,GAP_BIAS2_correct,COST1_FULL_correct,COST1_FULL_top_identity,COST1_FULL_top_is_target,COST1_FULL_top_score,COST1_FULL_target_challenger_rank,COST1_FULL_target_unified128_diagnostic_rank,COST1_FULL_target_score,COST1_FULL_target_ties,CE_FULL_correct,CE_FULL_top_identity,CE_FULL_top_is_target,CE_FULL_top_score,CE_FULL_target_challenger_rank,CE_FULL_target_unified128_diagnostic_rank,CE_FULL_target_score,CE_FULL_target_ties,ZERO_S_correct,ZERO_S_top_identity,ZERO_S_top_is_target,ZERO_S_top_score,ZERO_S_target_challenger_rank,ZERO_S_target_unified128_diagnostic_rank,ZERO_S_target_score,ZERO_S_target_ties
H593-00f945a36392a04124513f2c,OUTCOME-0797,tul01-0001-02,d03ec6170d58ac2d6198068ac9aa233411e9b70ad6019840f643fdabcc4a9adf,3,wrong_RAW_and_challenger,True,1,False,11,False,False,50 & 100 Caplets_Page_2,False,-0.315688793143968,3,4,-1.357338062182433,0,False,50 & 100 Caplets_Page_2,False,1.7603099784161524,3,4,-1.598799307714375,0,False,50 & 100 Caplets_Page_2,False,0.20778430760129285,4,5,-1.2874967605183614,0
H593-0923651f03329ad9587b7927,OUTCOME-0810,vetoryl-09,7abc0d7c0e302804a40dcf309dece25b925a424ae8a43fd70cd693d41ebfc54f,2,wrong_RAW_and_challenger,True,1,False,33,False,False,vetoryl-07,False,-1.64624049704425,15,16,-2.6278640997752163,0,False,felimazole-03,False,-2.1409806595703134,12,13,-4.6666300172369715,0,False,simplera-04,False,-1.3565170263069464,10,11,-2.108168582926433,0
H593-148a11f5ffffec76fd85b3c8,DIFFICULT-0011,3T3-bn-lansoprazole,7309194c945cf747ac938c081c8e1c7587ee93c9427836b98aa713829ad9307b,4,wrong_RAW_and_challenger,True,1,False,5,False,False,CDMA Omeprazole Caps 14ct Carton,False,-0.010416104214814537,6,7,-0.6564909891807811,0,False,CDMA QC Omeprazole DR Tablets 14ct carton label,False,1.6506886963771201,6,6,0.446453572782717,0,False,CDMA Omeprazole Caps 14ct Carton,False,1.1635119657307842,6,6,0.23012752106178658,0
H593-19cc2c81ca081e39a7d72b99,OUTCOME-0811,vetoryl-09,7abc0d7c0e302804a40dcf309dece25b925a424ae8a43fd70cd693d41ebfc54f,2,wrong_RAW_and_challenger,True,1,False,17,False,False,vetoryl-05,False,-0.8856472588490647,11,12,-2.5693569434196517,0,False,vetoryl-05,False,-0.7526599385711086,10,11,-5.058020889908814,0,False,vetoryl-05,False,-1.2011696334762598,11,12,-2.5579756604206914,0
H593-1af45e7f0d56a52adeb60b07,OUTCOME-0407,964901_LR,1f59b78808c09c6bf68702306ba72c84cbbb75e1dfc61bab3c7f1b99aee3b17d,0,locked_wrong_SWITCH,True,1,False,113,False,False,CDER portal,False,1.202013330245875,2,2,0.16103537223278663,0,False,CDER portal,False,5.383533616661607,2,2,1.714033907980558,0,False,CDER portal,False,2.858912717517123,2,2,1.8700891732065181,0
H593-1e203e93f22affa5c8c93e7b,OUTCOME-0468,AlkaSeltzer_36,1efff5d5855cab66509977a0b8d496f45b9a66147726f1323cdd42a873075386,1,locked_wrong_SWITCH,True,1,False,120,False,False,Bayer_50,False,0.5008536420192944,2,2,0.1715071678510809,0,False,ibu-tab-30ct-cart-label,False,2.0810858642242986,8,8,0.9651743806582505,0,False,Bayer_50,False,2.539615617177842,2,2,2.222792575068555,0
H593-1e69202f59c1e38274747acc,OUTCOME-0134,200000002710_Final,5e1903b41967d7091402cde6aa7a4b83e5df5f58a2bef1439e218f802ca6cf53,4,locked_wrong_SWITCH,True,1,False,74,False,False,CDER 100ct C,False,0.9159587756637062,2,3,-0.08588495390106465,0,False,CDER 100ct C,False,3.594073947707388,2,2,0.8364592200170855,0,False,CDER 100ct C,False,2.181247618145867,2,2,1.1972097640053485,0
H593-297ba148574e09f5723aa6b7,OUTCOME-0755,kedbumin-02,a5cc6cd71cb98a23641d9032f2abdbe55a284b95eedc14e13d1ab9d93b7adc76,1,wrong_RAW_and_challenger,True,1,False,5,False,False,cur03-0000-01,False,-1.2883760874565051,2,3,-2.005640027999152,0,False,cur03-0000-01,False,-1.2692459931572588,2,3,-3.477997472994772,0,False,cur03-0000-01,False,0.17629603685444728,3,4,-1.8831631472396202,0
H593-2acfe07e77226545b2ae0e10,OUTCOME-0348,77l96n1c1,f4cb26eef9646d6dfd71a5bdba8092d2e0f934cd5f8e9ffe627d7c9ba8444f36,1,wrong_RAW_and_challenger,True,1,False,7,False,False,G003118 Capstar Vet Pack Dog Over 25lbs,False,-1.2966947801524762,4,5,-1.9044553256085588,0,False,chorulon-01,False,-1.212436353168835,6,7,-3.249661758966792,0,False,chorulon-01,False,-0.1851110920235861,10,11,-2.140418853829971,0
H593-2e5153cd0e9bd1dddbb75dea,OUTCOME-0138,200000002710_Final,5e1903b41967d7091402cde6aa7a4b83e5df5f58a2bef1439e218f802ca6cf53,4,locked_wrong_SWITCH,True,1,False,127,False,False,CDER 100ct C,False,0.5879080390271789,2,3,-0.3523774865210878,0,False,CDER 100ct C,False,2.673201607707311,2,2,0.05635570020269842,0,False,CDER 100ct C,False,1.8663720321470196,2,2,0.9403421722331304,0
H593-3414eabf1d60f67a6dba89f1,OUTCOME-0531,SH230414C (250 ml Carton),67c564121b4c0847db261d818757e131684626ea0db83097a0e9610c7cf03222,4,wrong_RAW_and_challenger,True,1,False,2,False,False,inc00-0000-02,False,-0.3489434313605849,7,8,-1.888736527815921,0,False,inc00-0000-02,False,1.2265748961104932,8,9,-2.8745268360782426,0,False,inc00-0000-02,False,0.7051381256692852,14,15,-1.9196574887138997,0
H593-3937b8534db594248fbab03f,OUTCOME-0747,int07-0006-04,30a739efc9fa2fbc6556b4a23a5b909fd205591b6158bb099a4dd09818a8f35e,3,wrong_RAW_and_challenger,True,1,False,2,False,False,int07-0006-07,False,-1.055066367034467,2,3,-1.1333751912366932,0,False,int07-0006-04,True,-0.3091233962040145,1,2,-0.3091233962040145,0,False,int07-0006-04,True,-0.5859642510305534,1,2,-0.5859642510305534,0
H593-46bebd9352f2e631d6c557fa,OUTCOME-0638,athletes-01,ef7d75f57f11d1174b60813355c0cf7d7dce1009b41f2c7a54cf612906b3dea7,4,wrong_RAW_and_challenger,True,1,False,11,False,False,zavzpret-10,False,-1.30643754375439,18,19,-2.5648266811905147,0,False,zavzpret-10,False,-1.1935272191227166,19,20,-4.556589098391964,0,False,151 CF Sleep-Aid image,False,-0.4526646323037118,36,37,-2.640031985704251,0
H593-526854f7b33d3ad6e1521409,OUTCOME-0441,ASP Cough Mucus Congestion PMG 24ct,055e3d0a2ba828c5df95354fc5d80825fa129f679641c7a5ba585b5c8911a1f9,1,locked_wrong_SWITCH,True,1,False,9,False,False,ASP Sinus Congestion Pain PMG 24ct,False,0.45519454577270313,3,3,0.3190780674472251,0,False,ASP Sinus Congestion Pain PMG 24ct,False,2.9176309744523605,3,3,2.390623878684432,0,False,ASP Sinus Congestion Pain PMG 24ct,False,2.3700799983793956,3,3,2.273859622968358,0
H593-56ea0b6924407c2819a6f9f9,OUTCOME-0814,vetoryl-09,7abc0d7c0e302804a40dcf309dece25b925a424ae8a43fd70cd693d41ebfc54f,2,wrong_RAW_and_challenger,True,1,False,20,False,False,felimazole-03,False,-1.492749371750346,12,13,-2.490615882535424,0,False,felimazole-03,False,-1.515129024031583,12,13,-4.370284917442117,0,False,felimazole-03,False,-1.1382428616359486,13,14,-2.14691607887549,0
H593-5deb30c18beda44d1e9a98af,OUTCOME-0475,AlkaSeltzer_36,1efff5d5855cab66509977a0b8d496f45b9a66147726f1323cdd42a873075386,1,wrong_RAW_and_challenger,True,1,False,9,False,False,bayer-01,False,-1.5786593596088916,4,5,-1.9284604542153048,0,False,bayer-01,False,-2.0335210216969783,4,5,-3.1538425244582458,0,False,Acrobat Document,False,-0.5392435835526189,3,4,-0.8605600624590856,0
H593-5e3baff5983fb5e1280953d4,OUTCOME-0373,80mg-cart-np,f15f4acea549124570f8e5b5e20c5575b2b6e0d49386891fe5a7552afc90436f,0,locked_wrong_SWITCH,True,1,False,6,False,False,gem0g-0004-09,False,0.8922106551010738,4,4,0.03880034342354621,0,False,gem0g-0004-09,False,4.1862330200511035,4,4,2.3512339918397,0,False,gem0g-0004-09,False,2.596849928572942,4,4,1.616222439176719,0
H593-5fe59cce1a8be38a02275a23,OUTCOME-0213,430984_86324016_ASP_Severe_Cld_Flu_Eff_20ct_Crtn_FDA1,4307e640e3e4b993a792a0030fe96b8501fe6e1375f37fcb8115bccccdf67258,2,wrong_RAW_and_challenger,True,1,False,28,False,False,Daytime,False,-0.2207855004362147,10,11,-1.3497090870781019,0,False,Daytime,False,1.211246168452284,9,10,-1.12665659117389,0,False,Daytime,False,1.303556717354731,7,7,0.03482457080890233,0
H593-64e146b0abb950dce567767c,DIFFICULT-0058,bef4f237-ccb8-4d28-bfc2-41c511a17d7f-01,f16447b66992689bdb8350dadcb85602511b1bd2c18265a511e90bf7d2910d9c,1,wrong_RAW_and_challenger,True,1,False,3,False,False,cvs-44-527-1,False,-1.9565835226938222,2,3,-2.0193423882848673,0,False,cvs-44-527-1,False,-3.4828009289665443,2,3,-3.7012116592626865,0,False,ccc377799-CARTON_3c03_,False,-2.1451754348158456,12,13,-2.768597414411218,0
H593-7090a1ee7fe6811f7fd655ec,DIFFICULT-0098,com0n-0000-04,bf0eaa86ddfc9a7fbdb09ac2f6f0fd91e32036da44a8971649ba96ecb8aa1b71,1,wrong_RAW_and_challenger,True,1,False,16,False,False,com0n-0000-01,False,-1.4367556452269166,3,4,-2.776798214817463,0,False,com0n-0000-01,False,-2.2826520271450494,2,3,-5.3188556068993105,0,False,com0n-0000-01,False,0.3306340689629701,4,5,-1.724918569901388,0
H593-820e5167c392828d4e579768,OUTCOME-0819,vetoryl-09,7abc0d7c0e302804a40dcf309dece25b925a424ae8a43fd70cd693d41ebfc54f,2,wrong_RAW_and_challenger,True,1,False,4,False,False,vetoryl-08,False,-1.177746464521498,2,3,-1.235002709017068,0,False,vetoryl-08,False,-1.0311155901016464,2,3,-1.1883671637784374,0,False,vetoryl-08,False,-1.119966889146509,2,3,-1.1462933505924229,0
H593-8471180120a9a4d1308aa35b,OUTCOME-0748,int07-0006-04,30a739efc9fa2fbc6556b4a23a5b909fd205591b6158bb099a4dd09818a8f35e,3,wrong_RAW_and_challenger,True,1,False,4,False,False,int07-0006-08,False,-1.3606897726456237,2,3,-1.3732294227672266,0,False,int07-0006-08,False,-1.533742439400875,2,3,-1.5865900097369847,0,False,int07-0006-08,False,-1.3609453363876953,2,3,-1.3963670848822054,0
H593-89f858095a471767364e3a86,OUTCOME-0096,1g7-17-allergy-nasal-spray,c7abd98eade15d0ac417dcdde657be6a64e3cb837a808045d084fee49bf7d2a4,3,locked_wrong_SWITCH,True,1,False,4,False,False,cvs-health-childrens-fluticasone-propionate-nasal-spray-carton-image,False,0.8126795630937085,4,4,0.39669680603274293,0,False,cvs-health-childrens-fluticasone-propionate-nasal-spray-carton-image,False,4.793760118215486,4,4,3.718892957264871,0,False,cvs-health-childrens-fluticasone-propionate-nasal-spray-carton-image,False,1.6915277190215294,4,4,1.1813255026182106,0
H593-a2c507612d213253be128e81,OUTCOME-0474,AlkaSeltzer_36,1efff5d5855cab66509977a0b8d496f45b9a66147726f1323cdd42a873075386,1,wrong_RAW_and_challenger,True,1,False,3,False,False,ASP Severe Cold Day Night PPF 24s,False,-1.5315649575944854,2,3,-1.6588557559596266,0,False,ASP Severe Cold Day Night PPF 24s,False,-1.6848894358912636,2,3,-2.420351566212373,0,False,AlkaSeltzer_36,True,-0.25065670137176355,1,2,-0.25065670137176355,0
H593-abc0b2f2d75d073d9b32aa3f,OUTCOME-0651,bb morning carton,48c57d44808de17cdd8b52db0f71a5a8fbbf9d2f4ab10a1751ec128aed4a3ff5,4,wrong_RAW_and_challenger,True,1,False,120,False,False,3ce drawing lip sloe gin carton,False,-1.3349639130480195,4,5,-2.416360180799332,0,False,3ce drawing lip sloe gin carton,False,-1.466133386102792,2,3,-4.034913268022423,0,False,3ce drawing lip sloe gin carton,False,-1.275057864357926,2,3,-1.536485761815479,0
H593-abe538f97b9ba7aa92d41895,OUTCOME-0110,1g7-17-allergy-nasal-spray,c7abd98eade15d0ac417dcdde657be6a64e3cb837a808045d084fee49bf7d2a4,3,wrong_RAW_and_challenger,True,1,False,2,False,False,careone-allergy-relief-carton-image,False,-1.4019399434736288,3,4,-1.7463259999749874,0,False,careone-allergy-relief-carton-image,False,-1.6576081821313853,3,4,-2.851066888805919,0,False,careone-allergy-relief-carton-image,False,-1.2339837366584279,4,5,-2.0082873343910723,0
H593-ae2c238f2914e4ef8f249622,OUTCOME-0382,812-6e-mucus-dm,4a5e078a9d0335a17e0b19c90cc91b4eaf583fcc72663cf7441019d2f00d652a,3,locked_wrong_SWITCH,True,1,False,114,False,False,US_Skin_Tint_2_O_Page_1,False,0.3001381896789168,14,15,-0.22583929983009088,0,False,US_Skin_Tint_2_O_Page_1,False,2.8629485102999372,17,17,0.8018888490901941,0,False,US_Skin_Tint_2_O_Page_1,False,1.260911624751716,12,12,0.7702726816801262,0
H593-b4135fa9fc83b8c616fa57b7,OUTCOME-0598,askindr carton,c13e6a469d26dd360022a4ba3af2d2bdbb230082c9e605b822c0f5806f9b9bc9,3,wrong_RAW_and_challenger,True,1,False,9,False,False,label-cleansing,False,-0.3956991400989207,11,12,-1.8848659318852383,0,False,label-cleansing,False,1.6463607675914398,13,14,-3.0056842515897073,0,False,label-cleansing,False,0.232724683933911,18,19,-1.8215910210956205,0
H593-b9b3b47180519cbd55260c38,OUTCOME-0477,AlkaSeltzer_36,1efff5d5855cab66509977a0b8d496f45b9a66147726f1323cdd42a873075386,1,locked_wrong_SWITCH,True,1,False,117,False,False,Bayer_50,False,0.11725190542334696,2,2,0.09377033250999878,0,False,Bottle7A,False,1.8996872315119595,3,3,0.754787226069793,0,False,Bayer_50,False,2.15304694599065,2,2,2.143932787304481,0
H593-bb5dd42b437a1e0b7185f2fb,OUTCOME-0093,11-5BlisterCarton,fae9abd9dccd97b0f46477e2b8de584b47f0991da74eb5dfbedf3526f4bba6a5,4,locked_wrong_SWITCH,True,1,False,24,False,False,5-75BlisterCarton,False,0.13346458507979242,4,5,-0.44256765628861927,0,False,2-3BlisterCarton,False,1.8845851671356435,4,4,0.3376054107026947,0,False,5-75BlisterCarton,False,1.3862377471120182,4,4,0.7905809719361561,0
H593-c311ba2ac614da95fb3ed97e,OUTCOME-0820,vetoryl-09,7abc0d7c0e302804a40dcf309dece25b925a424ae8a43fd70cd693d41ebfc54f,2,wrong_RAW_and_challenger,True,1,False,17,False,False,20mgCarton,False,-0.9368477285849863,31,32,-2.676341728862073,0,False,20mgCarton,False,-0.49529341397333504,37,38,-5.635558913451648,0,False,zycosan-03,False,-0.08814898321248998,39,40,-3.2288828338446613,0
H593-cbd580ca8890e580605311e6,OUTCOME-0557,_Pentrexcilina Adult TOTAL RELIEF  Multi_Symptom 6 fl oz (177 ml)_comp,1007f60c51bf2a9005809d8794f2ee0ba76987b27950ac00057798b1b3be7881,2,wrong_RAW_and_challenger,True,1,False,3,False,False,-Brosolvan Children 4 fl oz (RTE) EN-ES  Rev 11.2024 (AKRON)_001,False,-1.237182490360922,2,3,-1.3294374579915578,0,False,-Brosolvan Children 4 fl oz (RTE) EN-ES  Rev 11.2024 (AKRON)_001,False,-1.2219259700514677,2,3,-1.4079500517925618,0,False,_Pentrexcilina Adult TOTAL RELIEF  Multi_Symptom 6 fl oz (177 ml)_comp,True,-1.097110573129627,1,2,-1.097110573129627,0
H593-d1ddd31574e73913b670ac2f,OUTCOME-0445,ASP Cough Mucus Congestion PMG 24ct,055e3d0a2ba828c5df95354fc5d80825fa129f679641c7a5ba585b5c8911a1f9,1,wrong_RAW_and_challenger,True,1,False,10,False,False,ASP Sinus Congestion Pain PMG 24ct,False,-0.17934142109065032,3,4,-0.3327025518042034,0,False,ASP Sinus Congestion Pain PMG 24ct,False,1.8697245073761128,2,2,1.4964836965360462,0,False,ASP Sinus Congestion Pain PMG 24ct,False,1.211846238262325,2,2,1.0887808203621927,0
H593-d2bb8fcad397d4f761848233,OUTCOME-0133,200000002710_Final,5e1903b41967d7091402cde6aa7a4b83e5df5f58a2bef1439e218f802ca6cf53,4,wrong_RAW_and_challenger,True,1,False,7,False,False,careone-arthritis-pain-relief-carton-image,False,-0.5573814605410119,8,9,-1.2832467760562762,0,False,careone-arthritis-pain-relief-carton-image,False,0.5342541477558442,8,9,-1.6694528029854316,0,False,42168 KG C2 Kroger Pain 36_9-13-2019,False,0.2750480687557948,21,22,-1.345259516710858,0
H593-d95db08b3f39be7256ba6c14,OUTCOME-0815,vetoryl-09,7abc0d7c0e302804a40dcf309dece25b925a424ae8a43fd70cd693d41ebfc54f,2,locked_wrong_SWITCH,True,1,False,16,False,False,vetoryl-05,False,0.9596945772561991,6,7,-0.2578673462610769,0,False,vetoryl-05,False,4.127821855121075,6,6,0.6919652841261088,0,False,vetoryl-05,False,2.499624692669398,6,6,1.2954509712346094,0
H593-de1e1f6f272fc318dc3c5875,OUTCOME-0416,A41(1),6041aa5f85f4424e5ea88d82fcb2c3a2efe067770270d57d823d934e313867bf,3,locked_wrong_SWITCH,True,1,False,2,False,False,(BUX0ABS1)-Back-card,False,0.17357772552848738,32,33,-2.068168369857891,0,False,(BUX0ABS1)-Back-card,False,2.8611913454967595,35,36,-3.765154464626978,0,False,(BUX0ABS1)-Back-card,False,1.061790650088126,49,50,-2.3670807670251035,0
H593-e231dadc5ef7695b0c738e54,OUTCOME-0141,200000002710_Final,5e1903b41967d7091402cde6aa7a4b83e5df5f58a2bef1439e218f802ca6cf53,4,wrong_RAW_and_challenger,True,1,False,7,False,False,CDER_50ct,False,-0.6897272288476978,4,5,-1.0352959312549812,0,False,CDER_50ct,False,0.11021190108415624,4,5,-0.6997126547914605,0,False,CDER 24ct,False,-0.06466528466844568,9,10,-0.6097134855330814,0
H593-e8352d4faef37224ec8d3c87,OUTCOME-0742,int07-0006-04,30a739efc9fa2fbc6556b4a23a5b909fd205591b6158bb099a4dd09818a8f35e,3,wrong_RAW_and_challenger,True,1,False,2,False,False,int07-0006-07,False,-0.7586978202256729,5,6,-1.6019632060165203,0,False,int07-0006-07,False,0.5115504896004957,6,7,-2.416814675732808,0,False,int07-0006-07,False,-0.23902794970790908,9,10,-1.8228421255273473,0
H593-eaf3edda1f071e309b8a2a43,OUTCOME-0140,200000002710_Final,5e1903b41967d7091402cde6aa7a4b83e5df5f58a2bef1439e218f802ca6cf53,4,wrong_RAW_and_challenger,True,1,False,9,False,False,APAP20,False,-0.04222891771210757,5,6,-0.2810854506570195,0,False,APAP20,False,1.7263714277390054,5,5,1.1503522448926384,0,False,APAP8Hr,False,1.0659853489867472,4,4,0.8056306173447074,0
H593-eed6c85ca855e4ae9630c4d1,OUTCOME-0695,carton-1-gram-10-vial-pack-premier,90d7a704ad7bf679580bc4dbadbe13884f491d2e338402f4d4437c2ffd66ab93,2,wrong_RAW_and_challenger,True,1,False,2,False,False,noc01-0000-15,False,-0.9157918229267563,21,22,-3.12157223014042,0,False,noc01-0000-15,False,-0.23299841106710972,29,30,-6.472160877535007,0,False,noc01-0000-15,False,0.32658741652099144,69,70,-3.994483609399243,0
